id	window	forward_repeat_number	reverse_repeat_number	telomeric_repeat
1	10000	0	0	TTAGGG
1	20000	0	0	TTAGGG
1	30000	0	0	TTAGGG
1	40000	0	0	TTAGGG
1	50000	0	0	TTAGGG
1	60000	0	0	TTAGGG
1	70000	0	0	TTAGGG
1	80000	0	0	TTAGGG
1	90000	0	0	TTAGGG
1	100000	0	0	TTAGGG
1	110000	0	0	TTAGGG
1	120000	0	0	TTAGGG
1	130000	0	0	TTAGGG
1	140000	0	0	TTAGGG
1	150000	1	0	TTAGGG
1	160000	0	0	TTAGGG
1	170000	2	0	TTAGGG
1	180000	3	0	TTAGGG
1	190000	0	0	TTAGGG
1	200000	0	0	TTAGGG
1	210000	0	0	TTAGGG
1	220000	0	0	TTAGGG
1	230000	0	0	TTAGGG
1	240000	0	0	TTAGGG
1	250000	0	0	TTAGGG
1	260000	0	0	TTAGGG
1	270000	0	0	TTAGGG
1	280000	0	0	TTAGGG
1	290000	0	0	TTAGGG
1	300000	2	13	TTAGGG
1	310000	2	0	TTAGGG
1	320000	0	1	TTAGGG
1	330000	2	1	TTAGGG
1	340000	2	1	TTAGGG
1	350000	0	0	TTAGGG
1	360000	1	0	TTAGGG
1	370000	2	2	TTAGGG
1	380000	0	3	TTAGGG
1	390000	2	1	TTAGGG
1	400000	0	2	TTAGGG
1	410000	2	0	TTAGGG
1	420000	0	1	TTAGGG
1	430000	2	0	TTAGGG
1	440000	1	2	TTAGGG
1	450000	1	2	TTAGGG
1	460000	1	2	TTAGGG
1	470000	1	5	TTAGGG
1	480000	4	4	TTAGGG
1	490000	1	1	TTAGGG
1	500000	1	1	TTAGGG
1	510000	0	2	TTAGGG
1	520000	2	1	TTAGGG
1	530000	1	2	TTAGGG
1	540000	1	1	TTAGGG
1	550000	1	1	TTAGGG
1	560000	2	1	TTAGGG
1	570000	1	1	TTAGGG
1	580000	3	2	TTAGGG
1	590000	2	1	TTAGGG
1	600000	1	0	TTAGGG
1	610000	1	2	TTAGGG
1	620000	2	2	TTAGGG
1	630000	2	0	TTAGGG
1	640000	2	3	TTAGGG
1	650000	4	0	TTAGGG
1	660000	4	0	TTAGGG
1	670000	1	1	TTAGGG
1	680000	4	2	TTAGGG
1	690000	2	1	TTAGGG
1	700000	0	1	TTAGGG
1	710000	1	2	TTAGGG
1	720000	0	4	TTAGGG
1	730000	1	2	TTAGGG
1	740000	0	0	TTAGGG
1	750000	1	1	TTAGGG
1	760000	0	3	TTAGGG
1	770000	2	0	TTAGGG
1	780000	0	0	TTAGGG
1	790000	1	2	TTAGGG
1	800000	0	2	TTAGGG
1	810000	1	2	TTAGGG
1	820000	5	2	TTAGGG
1	830000	5	1	TTAGGG
1	840000	2	0	TTAGGG
1	850000	1	1	TTAGGG
1	860000	2	1	TTAGGG
1	870000	0	3	TTAGGG
1	880000	2	2	TTAGGG
1	890000	1	1	TTAGGG
1	900000	2	2	TTAGGG
1	910000	0	2	TTAGGG
1	920000	4	1	TTAGGG
1	930000	0	0	TTAGGG
1	940000	2	2	TTAGGG
1	950000	1	0	TTAGGG
1	960000	1	0	TTAGGG
1	970000	1	0	TTAGGG
1	980000	0	0	TTAGGG
1	990000	1	1	TTAGGG
1	1000000	4	5	TTAGGG
1	1010000	2	1	TTAGGG
1	1020000	1	1	TTAGGG
1	1030000	0	1	TTAGGG
1	1040000	1	1	TTAGGG
1	1050000	1	0	TTAGGG
1	1060000	1	1	TTAGGG
1	1070000	0	2	TTAGGG
1	1080000	1	1	TTAGGG
1	1090000	2	1	TTAGGG
1	1100000	3	0	TTAGGG
1	1110000	0	1	TTAGGG
1	1120000	4	2	TTAGGG
1	1130000	1	3	TTAGGG
1	1140000	0	1	TTAGGG
1	1150000	2	4	TTAGGG
1	1160000	2	2	TTAGGG
1	1170000	5	3	TTAGGG
1	1180000	2	3	TTAGGG
1	1190000	4	1	TTAGGG
1	1200000	2	2	TTAGGG
1	1210000	1	2	TTAGGG
1	1220000	4	3	TTAGGG
1	1230000	2	1	TTAGGG
1	1240000	2	1	TTAGGG
1	1250000	6	0	TTAGGG
1	1260000	1	1	TTAGGG
1	1270000	2	2	TTAGGG
1	1280000	0	0	TTAGGG
1	1290000	0	1	TTAGGG
1	1300000	2	4	TTAGGG
1	1310000	2	3	TTAGGG
1	1320000	0	2	TTAGGG
1	1330000	3	2	TTAGGG
1	1340000	1	2	TTAGGG
1	1350000	4	1	TTAGGG
1	1360000	1	2	TTAGGG
1	1370000	1	2	TTAGGG
1	1380000	3	1	TTAGGG
1	1390000	1	0	TTAGGG
1	1400000	1	0	TTAGGG
1	1410000	0	3	TTAGGG
1	1420000	2	0	TTAGGG
1	1430000	1	0	TTAGGG
1	1440000	3	1	TTAGGG
1	1450000	4	1	TTAGGG
1	1460000	0	1	TTAGGG
1	1470000	2	0	TTAGGG
1	1480000	3	3	TTAGGG
1	1490000	3	1	TTAGGG
1	1500000	0	1	TTAGGG
1	1510000	0	1	TTAGGG
1	1520000	1	0	TTAGGG
1	1530000	1	1	TTAGGG
1	1540000	0	1	TTAGGG
1	1550000	1	0	TTAGGG
1	1560000	2	0	TTAGGG
1	1570000	0	1	TTAGGG
1	1580000	1	0	TTAGGG
1	1590000	2	0	TTAGGG
1	1600000	1	2	TTAGGG
1	1610000	2	1	TTAGGG
1	1620000	1	1	TTAGGG
1	1630000	3	3	TTAGGG
1	1640000	2	3	TTAGGG
1	1650000	1	1	TTAGGG
1	1660000	1	2	TTAGGG
1	1670000	1	4	TTAGGG
1	1680000	2	1	TTAGGG
1	1690000	4	0	TTAGGG
1	1700000	1	0	TTAGGG
1	1710000	0	1	TTAGGG
1	1720000	3	1	TTAGGG
1	1730000	1	4	TTAGGG
1	1740000	0	2	TTAGGG
1	1750000	4	2	TTAGGG
1	1760000	1	4	TTAGGG
1	1770000	2	0	TTAGGG
1	1780000	1	0	TTAGGG
1	1790000	2	2	TTAGGG
1	1800000	1	0	TTAGGG
1	1810000	0	0	TTAGGG
1	1820000	1	0	TTAGGG
1	1830000	4	1	TTAGGG
1	1840000	3	2	TTAGGG
1	1850000	0	2	TTAGGG
1	1860000	0	1	TTAGGG
1	1870000	1	4	TTAGGG
1	1880000	3	3	TTAGGG
1	1890000	1	2	TTAGGG
1	1900000	2	3	TTAGGG
1	1910000	3	3	TTAGGG
1	1920000	1	4	TTAGGG
1	1930000	0	0	TTAGGG
1	1940000	0	1	TTAGGG
1	1950000	4	3	TTAGGG
1	1960000	1	0	TTAGGG
1	1970000	4	1	TTAGGG
1	1980000	2	2	TTAGGG
1	1990000	0	1	TTAGGG
1	2000000	0	0	TTAGGG
1	2010000	3	0	TTAGGG
1	2020000	0	0	TTAGGG
1	2030000	0	0	TTAGGG
1	2040000	1	1	TTAGGG
1	2050000	1	1	TTAGGG
1	2060000	1	0	TTAGGG
1	2070000	0	3	TTAGGG
1	2080000	1	2	TTAGGG
1	2090000	1	1	TTAGGG
1	2100000	2	3	TTAGGG
1	2110000	0	1	TTAGGG
1	2120000	1	2	TTAGGG
1	2130000	0	1	TTAGGG
1	2140000	2	3	TTAGGG
1	2150000	0	2	TTAGGG
1	2160000	0	2	TTAGGG
1	2170000	2	2	TTAGGG
1	2180000	3	2	TTAGGG
1	2190000	1	1	TTAGGG
1	2200000	4	1	TTAGGG
1	2210000	2	0	TTAGGG
1	2220000	0	5	TTAGGG
1	2230000	3	1	TTAGGG
1	2240000	2	0	TTAGGG
1	2250000	2	0	TTAGGG
1	2260000	1	2	TTAGGG
1	2270000	1	1	TTAGGG
1	2280000	2	1	TTAGGG
1	2290000	0	3	TTAGGG
1	2300000	2	2	TTAGGG
1	2310000	2	1	TTAGGG
1	2320000	3	0	TTAGGG
1	2330000	1	2	TTAGGG
1	2340000	2	1	TTAGGG
1	2350000	0	1	TTAGGG
1	2360000	2	3	TTAGGG
1	2370000	1	3	TTAGGG
1	2380000	0	1	TTAGGG
1	2390000	1	4	TTAGGG
1	2400000	1	4	TTAGGG
1	2410000	2	1	TTAGGG
1	2420000	1	1	TTAGGG
1	2430000	0	0	TTAGGG
1	2440000	4	4	TTAGGG
1	2450000	3	3	TTAGGG
1	2460000	2	1	TTAGGG
1	2470000	0	0	TTAGGG
1	2480000	0	0	TTAGGG
1	2490000	0	1	TTAGGG
1	2500000	2	1	TTAGGG
1	2510000	0	4	TTAGGG
1	2520000	2	1	TTAGGG
1	2530000	0	1	TTAGGG
1	2540000	1	2	TTAGGG
1	2550000	1	0	TTAGGG
1	2560000	2	0	TTAGGG
1	2570000	1	0	TTAGGG
1	2580000	1	4	TTAGGG
1	2590000	3	0	TTAGGG
1	2600000	1	2	TTAGGG
1	2610000	1	0	TTAGGG
1	2620000	2	4	TTAGGG
1	2630000	2	2	TTAGGG
1	2640000	0	0	TTAGGG
1	2650000	4	3	TTAGGG
1	2660000	2	2	TTAGGG
1	2670000	2	3	TTAGGG
1	2680000	1	1	TTAGGG
1	2690000	1	4	TTAGGG
1	2700000	2	2	TTAGGG
1	2710000	2	2	TTAGGG
1	2720000	1	1	TTAGGG
1	2730000	3	0	TTAGGG
1	2740000	4	3	TTAGGG
1	2750000	2	2	TTAGGG
1	2760000	1	1	TTAGGG
1	2770000	3	3	TTAGGG
1	2780000	0	0	TTAGGG
1	2790000	3	1	TTAGGG
1	2800000	0	0	TTAGGG
1	2810000	0	2	TTAGGG
1	2820000	2	0	TTAGGG
1	2830000	1	0	TTAGGG
1	2840000	2	1	TTAGGG
1	2850000	2	1	TTAGGG
1	2860000	2	0	TTAGGG
1	2870000	1	1	TTAGGG
1	2880000	1	1	TTAGGG
1	2890000	0	0	TTAGGG
1	2900000	0	3	TTAGGG
1	2910000	2	3	TTAGGG
1	2920000	6	0	TTAGGG
1	2930000	1	2	TTAGGG
1	2940000	2	2	TTAGGG
1	2950000	5	0	TTAGGG
1	2960000	1	3	TTAGGG
1	2970000	1	1	TTAGGG
1	2980000	3	1	TTAGGG
1	2990000	0	3	TTAGGG
1	3000000	0	0	TTAGGG
1	3010000	1	1	TTAGGG
1	3020000	0	4	TTAGGG
1	3030000	2	0	TTAGGG
1	3040000	3	2	TTAGGG
1	3050000	1	2	TTAGGG
1	3060000	1	3	TTAGGG
1	3070000	1	2	TTAGGG
1	3080000	2	3	TTAGGG
1	3090000	2	0	TTAGGG
1	3100000	2	1	TTAGGG
1	3110000	3	1	TTAGGG
1	3120000	0	1	TTAGGG
1	3130000	2	1	TTAGGG
1	3140000	2	0	TTAGGG
1	3150000	1	3	TTAGGG
1	3160000	1	0	TTAGGG
1	3170000	0	0	TTAGGG
1	3180000	1	0	TTAGGG
1	3190000	0	4	TTAGGG
1	3200000	1	2	TTAGGG
1	3210000	1	2	TTAGGG
1	3220000	3	1	TTAGGG
1	3230000	1	1	TTAGGG
1	3240000	0	1	TTAGGG
1	3250000	1	2	TTAGGG
1	3260000	2	1	TTAGGG
1	3270000	1	2	TTAGGG
1	3280000	1	0	TTAGGG
1	3290000	1	1	TTAGGG
1	3300000	1	2	TTAGGG
1	3310000	2	2	TTAGGG
1	3320000	1	0	TTAGGG
1	3330000	2	2	TTAGGG
1	3340000	2	2	TTAGGG
1	3350000	3	1	TTAGGG
1	3360000	0	1	TTAGGG
1	3370000	1	3	TTAGGG
1	3380000	2	5	TTAGGG
1	3390000	0	1	TTAGGG
1	3400000	1	3	TTAGGG
1	3410000	1	0	TTAGGG
1	3420000	0	2	TTAGGG
1	3430000	1	1	TTAGGG
1	3440000	2	2	TTAGGG
1	3450000	2	4	TTAGGG
1	3460000	2	2	TTAGGG
1	3470000	0	1	TTAGGG
1	3480000	4	4	TTAGGG
1	3490000	1	2	TTAGGG
1	3500000	0	3	TTAGGG
1	3510000	2	0	TTAGGG
1	3520000	1	1	TTAGGG
1	3530000	0	0	TTAGGG
1	3540000	1	3	TTAGGG
1	3550000	1	1	TTAGGG
1	3560000	1	1	TTAGGG
1	3570000	1	0	TTAGGG
1	3580000	0	1	TTAGGG
1	3590000	3	0	TTAGGG
1	3600000	4	0	TTAGGG
1	3610000	1	2	TTAGGG
1	3620000	2	2	TTAGGG
1	3630000	1	0	TTAGGG
1	3640000	0	3	TTAGGG
1	3650000	1	1	TTAGGG
1	3660000	2	0	TTAGGG
1	3670000	1	1	TTAGGG
1	3680000	3	1	TTAGGG
1	3690000	2	2	TTAGGG
1	3700000	3	1	TTAGGG
1	3710000	1	0	TTAGGG
1	3720000	2	5	TTAGGG
1	3730000	1	0	TTAGGG
1	3740000	5	0	TTAGGG
1	3750000	2	1	TTAGGG
1	3760000	1	1	TTAGGG
1	3770000	0	1	TTAGGG
1	3780000	0	2	TTAGGG
1	3790000	2	4	TTAGGG
1	3800000	1	1	TTAGGG
1	3810000	2	0	TTAGGG
1	3820000	0	4	TTAGGG
1	3830000	3	2	TTAGGG
1	3840000	3	0	TTAGGG
1	3850000	1	2	TTAGGG
1	3860000	2	0	TTAGGG
1	3870000	0	0	TTAGGG
1	3880000	1	0	TTAGGG
1	3890000	1	0	TTAGGG
1	3900000	0	3	TTAGGG
1	3910000	1	2	TTAGGG
1	3920000	3	0	TTAGGG
1	3930000	3	1	TTAGGG
1	3940000	0	2	TTAGGG
1	3950000	0	1	TTAGGG
1	3960000	0	0	TTAGGG
1	3970000	3	0	TTAGGG
1	3980000	4	0	TTAGGG
1	3990000	3	5	TTAGGG
1	4000000	4	5	TTAGGG
1	4010000	2	2	TTAGGG
1	4020000	0	5	TTAGGG
1	4030000	2	2	TTAGGG
1	4040000	0	2	TTAGGG
1	4050000	2	0	TTAGGG
1	4060000	2	0	TTAGGG
1	4070000	1	0	TTAGGG
1	4080000	0	1	TTAGGG
1	4090000	0	0	TTAGGG
1	4100000	1	5	TTAGGG
1	4110000	2	1	TTAGGG
1	4120000	3	0	TTAGGG
1	4130000	1	2	TTAGGG
1	4140000	3	1	TTAGGG
1	4150000	2	3	TTAGGG
1	4160000	2	3	TTAGGG
1	4170000	0	3	TTAGGG
1	4180000	2	5	TTAGGG
1	4190000	3	0	TTAGGG
1	4200000	2	3	TTAGGG
1	4210000	4	5	TTAGGG
1	4220000	3	3	TTAGGG
1	4230000	1	2	TTAGGG
1	4240000	1	5	TTAGGG
1	4250000	2	2	TTAGGG
1	4260000	6	1	TTAGGG
1	4270000	0	1	TTAGGG
1	4280000	1	2	TTAGGG
1	4290000	2	2	TTAGGG
1	4300000	0	0	TTAGGG
1	4310000	1	2	TTAGGG
1	4320000	2	2	TTAGGG
1	4330000	1	4	TTAGGG
1	4340000	1	0	TTAGGG
1	4350000	2	1	TTAGGG
1	4360000	3	0	TTAGGG
1	4370000	0	0	TTAGGG
1	4380000	1	0	TTAGGG
1	4390000	0	0	TTAGGG
1	4400000	2	2	TTAGGG
1	4410000	2	0	TTAGGG
1	4420000	1	3	TTAGGG
1	4430000	3	1	TTAGGG
1	4440000	1	1	TTAGGG
1	4450000	2	1	TTAGGG
1	4460000	3	1	TTAGGG
1	4470000	1	2	TTAGGG
1	4480000	3	1	TTAGGG
1	4490000	2	0	TTAGGG
1	4500000	2	1	TTAGGG
1	4510000	1	3	TTAGGG
1	4520000	2	3	TTAGGG
1	4530000	1	5	TTAGGG
1	4540000	1	2	TTAGGG
1	4550000	2	1	TTAGGG
1	4560000	0	2	TTAGGG
1	4570000	3	1	TTAGGG
1	4580000	0	0	TTAGGG
1	4590000	4	2	TTAGGG
1	4600000	2	2	TTAGGG
1	4610000	2	3	TTAGGG
1	4620000	2	1	TTAGGG
1	4630000	4	2	TTAGGG
1	4640000	2	2	TTAGGG
1	4650000	1	2	TTAGGG
1	4660000	1	1	TTAGGG
1	4670000	1	0	TTAGGG
1	4680000	4	3	TTAGGG
1	4690000	6	3	TTAGGG
1	4700000	3	1	TTAGGG
1	4710000	1	1	TTAGGG
1	4720000	0	2	TTAGGG
1	4730000	4	0	TTAGGG
1	4740000	0	1	TTAGGG
1	4750000	2	0	TTAGGG
1	4760000	2	2	TTAGGG
1	4770000	0	0	TTAGGG
1	4780000	2	4	TTAGGG
1	4790000	2	0	TTAGGG
1	4800000	2	1	TTAGGG
1	4810000	1	1	TTAGGG
1	4820000	1	0	TTAGGG
1	4830000	0	2	TTAGGG
1	4840000	1	1	TTAGGG
1	4850000	0	3	TTAGGG
1	4860000	1	2	TTAGGG
1	4870000	0	0	TTAGGG
1	4880000	2	4	TTAGGG
1	4890000	0	1	TTAGGG
1	4900000	2	3	TTAGGG
1	4910000	2	1	TTAGGG
1	4920000	2	0	TTAGGG
1	4930000	3	0	TTAGGG
1	4940000	1	1	TTAGGG
1	4950000	3	1	TTAGGG
1	4960000	2	1	TTAGGG
1	4970000	1	1	TTAGGG
1	4980000	0	2	TTAGGG
1	4990000	1	1	TTAGGG
1	5000000	1	1	TTAGGG
1	5010000	0	0	TTAGGG
1	5020000	2	2	TTAGGG
1	5030000	0	3	TTAGGG
1	5040000	1	0	TTAGGG
1	5050000	0	2	TTAGGG
1	5060000	2	3	TTAGGG
1	5070000	0	3	TTAGGG
1	5080000	3	2	TTAGGG
1	5090000	2	0	TTAGGG
1	5100000	0	1	TTAGGG
1	5110000	1	2	TTAGGG
1	5120000	3	0	TTAGGG
1	5130000	2	2	TTAGGG
1	5140000	2	1	TTAGGG
1	5150000	3	2	TTAGGG
1	5160000	2	4	TTAGGG
1	5170000	3	0	TTAGGG
1	5180000	0	0	TTAGGG
1	5190000	0	0	TTAGGG
1	5200000	2	1	TTAGGG
1	5210000	4	4	TTAGGG
1	5220000	2	2	TTAGGG
1	5230000	1	0	TTAGGG
1	5240000	1	0	TTAGGG
1	5250000	4	4	TTAGGG
1	5260000	1	3	TTAGGG
1	5270000	1	3	TTAGGG
1	5280000	0	1	TTAGGG
1	5290000	2	1	TTAGGG
1	5300000	1	0	TTAGGG
1	5310000	5	1	TTAGGG
1	5320000	2	1	TTAGGG
1	5330000	2	1	TTAGGG
1	5340000	1	1	TTAGGG
1	5350000	1	0	TTAGGG
1	5360000	3	2	TTAGGG
1	5370000	3	1	TTAGGG
1	5380000	2	1	TTAGGG
1	5390000	0	1	TTAGGG
1	5400000	0	0	TTAGGG
1	5410000	2	1	TTAGGG
1	5420000	0	0	TTAGGG
1	5430000	0	0	TTAGGG
1	5440000	0	1	TTAGGG
1	5450000	1	0	TTAGGG
1	5460000	1	2	TTAGGG
1	5470000	3	0	TTAGGG
1	5480000	4	1	TTAGGG
1	5490000	1	2	TTAGGG
1	5500000	2	2	TTAGGG
1	5510000	1	3	TTAGGG
1	5520000	1	2	TTAGGG
1	5530000	0	3	TTAGGG
1	5540000	2	2	TTAGGG
1	5550000	0	2	TTAGGG
1	5560000	1	0	TTAGGG
1	5570000	1	1	TTAGGG
1	5580000	3	3	TTAGGG
1	5590000	1	0	TTAGGG
1	5600000	1	3	TTAGGG
1	5610000	3	1	TTAGGG
1	5620000	1	1	TTAGGG
1	5630000	1	1	TTAGGG
1	5640000	3	1	TTAGGG
1	5650000	1	1	TTAGGG
1	5660000	1	2	TTAGGG
1	5670000	3	0	TTAGGG
1	5680000	2	1	TTAGGG
1	5690000	0	1	TTAGGG
1	5700000	1	1	TTAGGG
1	5710000	1	0	TTAGGG
1	5720000	0	1	TTAGGG
1	5730000	1	2	TTAGGG
1	5740000	3	1	TTAGGG
1	5750000	2	0	TTAGGG
1	5760000	1	2	TTAGGG
1	5770000	3	0	TTAGGG
1	5780000	2	0	TTAGGG
1	5790000	1	1	TTAGGG
1	5800000	2	3	TTAGGG
1	5810000	0	1	TTAGGG
1	5820000	1	2	TTAGGG
1	5830000	4	2	TTAGGG
1	5840000	4	2	TTAGGG
1	5850000	0	1	TTAGGG
1	5860000	3	0	TTAGGG
1	5870000	0	1	TTAGGG
1	5880000	0	0	TTAGGG
1	5890000	1	3	TTAGGG
1	5900000	4	0	TTAGGG
1	5910000	1	3	TTAGGG
1	5920000	2	0	TTAGGG
1	5930000	1	1	TTAGGG
1	5940000	2	2	TTAGGG
1	5950000	2	1	TTAGGG
1	5960000	2	1	TTAGGG
1	5970000	3	0	TTAGGG
1	5980000	1	0	TTAGGG
1	5990000	2	1	TTAGGG
1	6000000	2	0	TTAGGG
1	6010000	1	1	TTAGGG
1	6020000	1	0	TTAGGG
1	6030000	1	0	TTAGGG
1	6040000	1	1	TTAGGG
1	6050000	1	3	TTAGGG
1	6060000	1	1	TTAGGG
1	6070000	0	2	TTAGGG
1	6080000	1	3	TTAGGG
1	6090000	2	1	TTAGGG
1	6100000	4	1	TTAGGG
1	6110000	4	0	TTAGGG
1	6120000	0	2	TTAGGG
1	6130000	1	1	TTAGGG
1	6140000	1	2	TTAGGG
1	6150000	0	2	TTAGGG
1	6160000	5	0	TTAGGG
1	6170000	4	0	TTAGGG
1	6180000	1	0	TTAGGG
1	6190000	2	1	TTAGGG
1	6200000	1	4	TTAGGG
1	6210000	3	0	TTAGGG
1	6220000	2	1	TTAGGG
1	6230000	1	3	TTAGGG
1	6240000	1	4	TTAGGG
1	6250000	0	1	TTAGGG
1	6260000	1	0	TTAGGG
1	6270000	1	2	TTAGGG
1	6280000	0	1	TTAGGG
1	6290000	0	1	TTAGGG
1	6300000	1	5	TTAGGG
1	6310000	2	2	TTAGGG
1	6320000	0	0	TTAGGG
1	6330000	2	0	TTAGGG
1	6340000	0	2	TTAGGG
1	6350000	2	3	TTAGGG
1	6360000	1	1	TTAGGG
1	6370000	0	0	TTAGGG
1	6380000	0	1	TTAGGG
1	6390000	2	0	TTAGGG
1	6400000	2	5	TTAGGG
1	6410000	1	1	TTAGGG
1	6420000	1	1	TTAGGG
1	6430000	1	0	TTAGGG
1	6440000	1	1	TTAGGG
1	6450000	0	2	TTAGGG
1	6460000	1	0	TTAGGG
1	6470000	0	0	TTAGGG
1	6480000	0	1	TTAGGG
1	6490000	4	4	TTAGGG
1	6500000	2	1	TTAGGG
1	6510000	2	0	TTAGGG
1	6520000	4	1	TTAGGG
1	6530000	3	1	TTAGGG
1	6540000	2	5	TTAGGG
1	6550000	0	4	TTAGGG
1	6560000	3	0	TTAGGG
1	6570000	2	1	TTAGGG
1	6580000	1	1	TTAGGG
1	6590000	3	0	TTAGGG
1	6600000	1	0	TTAGGG
1	6610000	5	2	TTAGGG
1	6620000	2	1	TTAGGG
1	6630000	3	2	TTAGGG
1	6640000	2	0	TTAGGG
1	6650000	0	2	TTAGGG
1	6660000	1	2	TTAGGG
1	6670000	2	2	TTAGGG
1	6680000	1	0	TTAGGG
1	6690000	3	0	TTAGGG
1	6700000	5	1	TTAGGG
1	6710000	0	5	TTAGGG
1	6720000	1	0	TTAGGG
1	6730000	2	0	TTAGGG
1	6740000	0	3	TTAGGG
1	6750000	1	2	TTAGGG
1	6760000	2	2	TTAGGG
1	6770000	2	0	TTAGGG
1	6780000	0	1	TTAGGG
1	6790000	0	1	TTAGGG
1	6800000	1	2	TTAGGG
1	6810000	1	1	TTAGGG
1	6820000	1	1	TTAGGG
1	6830000	2	1	TTAGGG
1	6840000	1	1	TTAGGG
1	6850000	4	3	TTAGGG
1	6860000	1	1	TTAGGG
1	6870000	2	3	TTAGGG
1	6880000	0	5	TTAGGG
1	6890000	2	3	TTAGGG
1	6900000	3	0	TTAGGG
1	6910000	2	0	TTAGGG
1	6920000	2	1	TTAGGG
1	6930000	2	1	TTAGGG
1	6940000	1	0	TTAGGG
1	6950000	1	1	TTAGGG
1	6960000	3	2	TTAGGG
1	6970000	0	1	TTAGGG
1	6980000	1	3	TTAGGG
1	6990000	1	4	TTAGGG
1	7000000	1	3	TTAGGG
1	7010000	3	2	TTAGGG
1	7020000	2	2	TTAGGG
1	7030000	3	2	TTAGGG
1	7040000	0	1	TTAGGG
1	7050000	0	1	TTAGGG
1	7060000	6	1	TTAGGG
1	7070000	0	0	TTAGGG
1	7080000	0	3	TTAGGG
1	7090000	0	0	TTAGGG
1	7100000	2	1	TTAGGG
1	7110000	1	3	TTAGGG
1	7120000	2	4	TTAGGG
1	7130000	2	0	TTAGGG
1	7140000	4	3	TTAGGG
1	7150000	3	0	TTAGGG
1	7160000	1	0	TTAGGG
1	7170000	0	1	TTAGGG
1	7180000	0	1	TTAGGG
1	7190000	1	0	TTAGGG
1	7200000	0	1	TTAGGG
1	7210000	1	3	TTAGGG
1	7220000	2	1	TTAGGG
1	7230000	2	1	TTAGGG
1	7240000	2	0	TTAGGG
1	7250000	0	3	TTAGGG
1	7260000	0	1	TTAGGG
1	7270000	3	1	TTAGGG
1	7280000	2	1	TTAGGG
1	7290000	2	0	TTAGGG
1	7300000	1	0	TTAGGG
1	7310000	3	1	TTAGGG
1	7320000	0	1	TTAGGG
1	7330000	2	2	TTAGGG
1	7340000	1	1	TTAGGG
1	7350000	5	2	TTAGGG
1	7360000	3	1	TTAGGG
1	7370000	1	1	TTAGGG
1	7380000	5	2	TTAGGG
1	7390000	2	2	TTAGGG
1	7400000	1	2	TTAGGG
1	7410000	1	1	TTAGGG
1	7420000	1	1	TTAGGG
1	7430000	2	3	TTAGGG
1	7440000	0	3	TTAGGG
1	7450000	1	0	TTAGGG
1	7460000	2	1	TTAGGG
1	7470000	1	0	TTAGGG
1	7480000	3	2	TTAGGG
1	7490000	0	3	TTAGGG
1	7500000	1	1	TTAGGG
1	7510000	2	4	TTAGGG
1	7520000	5	3	TTAGGG
1	7530000	1	0	TTAGGG
1	7540000	2	4	TTAGGG
1	7550000	1	0	TTAGGG
1	7560000	2	2	TTAGGG
1	7570000	1	2	TTAGGG
1	7580000	3	1	TTAGGG
1	7590000	1	3	TTAGGG
1	7600000	1	3	TTAGGG
1	7610000	1	3	TTAGGG
1	7620000	1	4	TTAGGG
1	7630000	1	2	TTAGGG
1	7640000	2	1	TTAGGG
1	7650000	2	3	TTAGGG
1	7660000	0	0	TTAGGG
1	7670000	1	6	TTAGGG
1	7680000	1	1	TTAGGG
1	7690000	3	0	TTAGGG
1	7700000	1	1	TTAGGG
1	7710000	2	3	TTAGGG
1	7720000	0	1	TTAGGG
1	7730000	1	1	TTAGGG
1	7740000	4	0	TTAGGG
1	7750000	1	3	TTAGGG
1	7760000	0	3	TTAGGG
1	7770000	2	1	TTAGGG
1	7780000	0	0	TTAGGG
1	7790000	1	3	TTAGGG
1	7800000	2	3	TTAGGG
1	7810000	0	0	TTAGGG
1	7820000	2	0	TTAGGG
1	7830000	3	0	TTAGGG
1	7840000	1	3	TTAGGG
1	7850000	0	1	TTAGGG
1	7860000	1	2	TTAGGG
1	7870000	3	1	TTAGGG
1	7880000	1	2	TTAGGG
1	7890000	1	2	TTAGGG
1	7900000	2	1	TTAGGG
1	7910000	1	0	TTAGGG
1	7920000	0	2	TTAGGG
1	7930000	0	1	TTAGGG
1	7940000	4	4	TTAGGG
1	7950000	0	2	TTAGGG
1	7960000	3	0	TTAGGG
1	7970000	5	2	TTAGGG
1	7980000	1	1	TTAGGG
1	7990000	1	1	TTAGGG
1	8000000	2	0	TTAGGG
1	8010000	1	0	TTAGGG
1	8020000	2	1	TTAGGG
1	8030000	1	1	TTAGGG
1	8040000	3	3	TTAGGG
1	8050000	0	1	TTAGGG
1	8060000	0	2	TTAGGG
1	8070000	0	1	TTAGGG
1	8080000	1	4	TTAGGG
1	8090000	0	0	TTAGGG
1	8100000	0	1	TTAGGG
1	8110000	0	2	TTAGGG
1	8120000	0	2	TTAGGG
1	8130000	2	2	TTAGGG
1	8140000	1	2	TTAGGG
1	8150000	2	2	TTAGGG
1	8160000	1	1	TTAGGG
1	8170000	0	1	TTAGGG
1	8180000	4	0	TTAGGG
1	8190000	0	3	TTAGGG
1	8200000	1	3	TTAGGG
1	8210000	2	2	TTAGGG
1	8220000	0	2	TTAGGG
1	8230000	0	2	TTAGGG
1	8240000	1	5	TTAGGG
1	8250000	0	1	TTAGGG
1	8260000	2	6	TTAGGG
1	8270000	0	2	TTAGGG
1	8280000	3	3	TTAGGG
1	8290000	1	3	TTAGGG
1	8300000	1	3	TTAGGG
1	8310000	1	2	TTAGGG
1	8320000	2	1	TTAGGG
1	8330000	1	0	TTAGGG
1	8340000	1	2	TTAGGG
1	8350000	0	2	TTAGGG
1	8360000	0	2	TTAGGG
1	8370000	0	1	TTAGGG
1	8380000	3	1	TTAGGG
1	8390000	2	0	TTAGGG
1	8400000	1	1	TTAGGG
1	8410000	2	0	TTAGGG
1	8420000	3	5	TTAGGG
1	8430000	4	3	TTAGGG
1	8440000	1	3	TTAGGG
1	8450000	4	3	TTAGGG
1	8460000	1	3	TTAGGG
1	8470000	5	3	TTAGGG
1	8480000	1	4	TTAGGG
1	8490000	1	0	TTAGGG
1	8500000	1	2	TTAGGG
1	8510000	0	0	TTAGGG
1	8520000	0	4	TTAGGG
1	8530000	0	0	TTAGGG
1	8540000	0	0	TTAGGG
1	8550000	0	0	TTAGGG
1	8560000	0	0	TTAGGG
1	8570000	0	0	TTAGGG
1	8580000	0	0	TTAGGG
1	8590000	0	0	TTAGGG
1	8600000	0	0	TTAGGG
1	8610000	0	0	TTAGGG
1	8620000	0	0	TTAGGG
1	8630000	0	0	TTAGGG
1	8640000	0	0	TTAGGG
1	8650000	0	0	TTAGGG
1	8660000	0	0	TTAGGG
1	8670000	1	0	TTAGGG
1	8680000	1	0	TTAGGG
1	8690000	0	0	TTAGGG
1	8700000	1	0	TTAGGG
1	8710000	0	1	TTAGGG
1	8720000	1	1	TTAGGG
1	8730000	1	0	TTAGGG
1	8740000	3	1	TTAGGG
1	8750000	0	1	TTAGGG
1	8760000	3	0	TTAGGG
1	8770000	1	0	TTAGGG
1	8780000	4	2	TTAGGG
1	8790000	3	1	TTAGGG
1	8800000	0	3	TTAGGG
1	8810000	2	0	TTAGGG
1	8820000	1	1	TTAGGG
1	8830000	2	5	TTAGGG
1	8840000	2	3	TTAGGG
1	8850000	2	1	TTAGGG
1	8860000	0	5	TTAGGG
1	8870000	4	1	TTAGGG
1	8880000	1	1	TTAGGG
1	8890000	0	2	TTAGGG
1	8900000	2	0	TTAGGG
1	8910000	1	1	TTAGGG
1	8920000	2	1	TTAGGG
1	8930000	1	2	TTAGGG
1	8940000	1	2	TTAGGG
1	8950000	1	0	TTAGGG
1	8960000	1	2	TTAGGG
1	8970000	1	1	TTAGGG
1	8980000	0	2	TTAGGG
1	8990000	1	1	TTAGGG
1	9000000	3	0	TTAGGG
1	9010000	0	0	TTAGGG
1	9020000	2	0	TTAGGG
1	9030000	0	2	TTAGGG
1	9040000	0	1	TTAGGG
1	9050000	4	2	TTAGGG
1	9060000	1	0	TTAGGG
1	9070000	1	1	TTAGGG
1	9080000	3	1	TTAGGG
1	9090000	4	1	TTAGGG
1	9100000	0	3	TTAGGG
1	9110000	1	0	TTAGGG
1	9120000	1	1	TTAGGG
1	9130000	1	0	TTAGGG
1	9140000	0	1	TTAGGG
1	9150000	0	4	TTAGGG
1	9160000	4	1	TTAGGG
1	9170000	2	1	TTAGGG
1	9180000	2	3	TTAGGG
1	9190000	0	1	TTAGGG
1	9200000	2	1	TTAGGG
1	9210000	0	1	TTAGGG
1	9220000	2	2	TTAGGG
1	9230000	0	0	TTAGGG
1	9240000	2	2	TTAGGG
1	9250000	3	3	TTAGGG
1	9260000	1	0	TTAGGG
1	9270000	2	0	TTAGGG
1	9280000	0	3	TTAGGG
1	9290000	1	0	TTAGGG
1	9300000	0	1	TTAGGG
1	9310000	1	0	TTAGGG
1	9320000	2	3	TTAGGG
1	9330000	1	1	TTAGGG
1	9340000	0	1	TTAGGG
1	9350000	0	0	TTAGGG
1	9360000	2	1	TTAGGG
1	9370000	3	1	TTAGGG
1	9380000	3	2	TTAGGG
1	9390000	5	0	TTAGGG
1	9400000	2	0	TTAGGG
1	9410000	2	1	TTAGGG
1	9420000	1	0	TTAGGG
1	9430000	3	3	TTAGGG
1	9440000	1	0	TTAGGG
1	9450000	1	2	TTAGGG
1	9460000	0	1	TTAGGG
1	9470000	3	0	TTAGGG
1	9480000	3	3	TTAGGG
1	9490000	2	0	TTAGGG
1	9500000	1	2	TTAGGG
1	9510000	2	2	TTAGGG
1	9520000	1	1	TTAGGG
1	9530000	2	1	TTAGGG
1	9540000	1	2	TTAGGG
1	9550000	1	2	TTAGGG
1	9560000	3	1	TTAGGG
1	9570000	0	0	TTAGGG
1	9580000	2	0	TTAGGG
1	9590000	0	1	TTAGGG
1	9600000	0	0	TTAGGG
1	9610000	1	5	TTAGGG
1	9620000	0	2	TTAGGG
1	9630000	2	0	TTAGGG
1	9640000	1	0	TTAGGG
1	9650000	1	1	TTAGGG
1	9660000	2	0	TTAGGG
1	9670000	1	0	TTAGGG
1	9680000	2	1	TTAGGG
1	9690000	0	1	TTAGGG
1	9700000	1	2	TTAGGG
1	9710000	1	4	TTAGGG
1	9720000	4	1	TTAGGG
1	9730000	3	1	TTAGGG
1	9740000	1	1	TTAGGG
1	9750000	2	1	TTAGGG
1	9760000	3	2	TTAGGG
1	9770000	2	1	TTAGGG
1	9780000	1	2	TTAGGG
1	9790000	2	0	TTAGGG
1	9800000	2	5	TTAGGG
1	9810000	0	0	TTAGGG
1	9820000	1	2	TTAGGG
1	9830000	2	1	TTAGGG
1	9840000	0	0	TTAGGG
1	9850000	2	2	TTAGGG
1	9860000	3	3	TTAGGG
1	9870000	3	1	TTAGGG
1	9880000	2	1	TTAGGG
1	9890000	0	2	TTAGGG
1	9900000	5	3	TTAGGG
1	9910000	3	1	TTAGGG
1	9920000	0	1	TTAGGG
1	9930000	1	5	TTAGGG
1	9940000	1	0	TTAGGG
1	9950000	1	2	TTAGGG
1	9960000	1	0	TTAGGG
1	9970000	3	0	TTAGGG
1	9980000	2	0	TTAGGG
1	9990000	1	1	TTAGGG
1	10000000	3	5	TTAGGG
1	10010000	1	4	TTAGGG
1	10020000	2	2	TTAGGG
1	10030000	2	3	TTAGGG
1	10040000	0	1	TTAGGG
1	10050000	4	0	TTAGGG
1	10060000	1	1	TTAGGG
1	10070000	1	0	TTAGGG
1	10080000	3	2	TTAGGG
1	10090000	0	1	TTAGGG
1	10100000	4	1	TTAGGG
1	10110000	2	0	TTAGGG
1	10120000	3	3	TTAGGG
1	10130000	3	0	TTAGGG
1	10140000	0	5	TTAGGG
1	10150000	2	4	TTAGGG
1	10160000	0	3	TTAGGG
1	10170000	1	0	TTAGGG
1	10180000	3	2	TTAGGG
1	10190000	2	1	TTAGGG
1	10200000	1	3	TTAGGG
1	10210000	0	4	TTAGGG
1	10220000	1	2	TTAGGG
1	10230000	1	2	TTAGGG
1	10240000	1	2	TTAGGG
1	10250000	1	1	TTAGGG
1	10260000	0	3	TTAGGG
1	10270000	3	2	TTAGGG
1	10280000	0	3	TTAGGG
1	10290000	1	0	TTAGGG
1	10300000	5	1	TTAGGG
1	10310000	5	0	TTAGGG
1	10320000	0	1	TTAGGG
1	10330000	0	1	TTAGGG
1	10340000	1	1	TTAGGG
1	10350000	0	2	TTAGGG
1	10360000	3	2	TTAGGG
1	10370000	3	2	TTAGGG
1	10380000	1	1	TTAGGG
1	10390000	1	1	TTAGGG
1	10400000	2	1	TTAGGG
1	10410000	0	1	TTAGGG
1	10420000	1	1	TTAGGG
1	10430000	1	1	TTAGGG
1	10440000	1	0	TTAGGG
1	10450000	3	1	TTAGGG
1	10460000	2	2	TTAGGG
1	10470000	0	2	TTAGGG
1	10480000	1	1	TTAGGG
1	10490000	2	2	TTAGGG
1	10500000	1	0	TTAGGG
1	10510000	2	0	TTAGGG
1	10520000	1	3	TTAGGG
1	10530000	1	1	TTAGGG
1	10540000	2	1	TTAGGG
1	10550000	0	0	TTAGGG
1	10560000	1	2	TTAGGG
1	10570000	3	1	TTAGGG
1	10580000	1	2	TTAGGG
1	10590000	1	1	TTAGGG
1	10600000	2	1	TTAGGG
1	10610000	0	1	TTAGGG
1	10620000	1	2	TTAGGG
1	10630000	2	4	TTAGGG
1	10640000	2	1	TTAGGG
1	10650000	1	3	TTAGGG
1	10660000	2	1	TTAGGG
1	10670000	2	0	TTAGGG
1	10680000	3	1	TTAGGG
1	10690000	1	0	TTAGGG
1	10700000	2	0	TTAGGG
1	10710000	1	3	TTAGGG
1	10720000	0	4	TTAGGG
1	10730000	2	1	TTAGGG
1	10740000	1	3	TTAGGG
1	10750000	0	2	TTAGGG
1	10760000	1	0	TTAGGG
1	10770000	0	3	TTAGGG
1	10780000	1	3	TTAGGG
1	10790000	1	2	TTAGGG
1	10800000	1	1	TTAGGG
1	10810000	1	1	TTAGGG
1	10820000	1	5	TTAGGG
1	10830000	0	2	TTAGGG
1	10840000	1	1	TTAGGG
1	10850000	2	2	TTAGGG
1	10860000	0	0	TTAGGG
1	10870000	1	2	TTAGGG
1	10880000	2	2	TTAGGG
1	10890000	2	3	TTAGGG
1	10900000	0	5	TTAGGG
1	10910000	1	0	TTAGGG
1	10920000	1	2	TTAGGG
1	10930000	0	1	TTAGGG
1	10940000	2	1	TTAGGG
1	10950000	0	2	TTAGGG
1	10960000	1	1	TTAGGG
1	10970000	0	1	TTAGGG
1	10980000	1	0	TTAGGG
1	10990000	1	2	TTAGGG
1	11000000	1	2	TTAGGG
1	11010000	2	2	TTAGGG
1	11020000	1	1	TTAGGG
1	11030000	2	0	TTAGGG
1	11040000	2	0	TTAGGG
1	11050000	0	3	TTAGGG
1	11060000	3	2	TTAGGG
1	11070000	1	0	TTAGGG
1	11080000	1	1	TTAGGG
1	11090000	3	0	TTAGGG
1	11100000	3	6	TTAGGG
1	11110000	2	0	TTAGGG
1	11120000	1	3	TTAGGG
1	11130000	2	2	TTAGGG
1	11140000	2	1	TTAGGG
1	11150000	1	2	TTAGGG
1	11160000	3	1	TTAGGG
1	11170000	1	1	TTAGGG
1	11180000	2	0	TTAGGG
1	11190000	1	1	TTAGGG
1	11200000	0	1	TTAGGG
1	11210000	0	4	TTAGGG
1	11220000	0	1	TTAGGG
1	11230000	3	1	TTAGGG
1	11240000	1	2	TTAGGG
1	11250000	5	4	TTAGGG
1	11260000	3	2	TTAGGG
1	11270000	2	2	TTAGGG
1	11280000	0	2	TTAGGG
1	11290000	2	1	TTAGGG
1	11300000	3	4	TTAGGG
1	11310000	1	0	TTAGGG
1	11320000	2	3	TTAGGG
1	11330000	2	2	TTAGGG
1	11340000	2	2	TTAGGG
1	11350000	1	2	TTAGGG
1	11360000	0	3	TTAGGG
1	11370000	3	1	TTAGGG
1	11380000	1	0	TTAGGG
1	11390000	6	4	TTAGGG
1	11400000	2	3	TTAGGG
1	11410000	0	2	TTAGGG
1	11420000	1	1	TTAGGG
1	11430000	2	0	TTAGGG
1	11440000	1	2	TTAGGG
1	11450000	0	1	TTAGGG
1	11460000	2	1	TTAGGG
1	11470000	3	1	TTAGGG
1	11480000	0	1	TTAGGG
1	11490000	0	1	TTAGGG
1	11500000	1	2	TTAGGG
1	11510000	3	2	TTAGGG
1	11520000	2	4	TTAGGG
1	11530000	2	2	TTAGGG
1	11540000	1	0	TTAGGG
1	11550000	4	3	TTAGGG
1	11560000	0	3	TTAGGG
1	11570000	15	0	TTAGGG
1	11580000	1	1	TTAGGG
1	11590000	1	0	TTAGGG
1	11600000	1	3	TTAGGG
1	11610000	3	0	TTAGGG
1	11620000	0	2	TTAGGG
1	11630000	0	3	TTAGGG
1	11640000	0	4	TTAGGG
1	11650000	0	0	TTAGGG
1	11660000	0	1	TTAGGG
1	11670000	2	2	TTAGGG
1	11680000	1	3	TTAGGG
1	11690000	2	0	TTAGGG
1	11700000	1	1	TTAGGG
1	11710000	2	1	TTAGGG
1	11720000	1	3	TTAGGG
1	11730000	2	3	TTAGGG
1	11740000	3	2	TTAGGG
1	11750000	3	2	TTAGGG
1	11760000	2	2	TTAGGG
1	11770000	0	3	TTAGGG
1	11780000	1	1	TTAGGG
1	11790000	0	0	TTAGGG
1	11800000	2	0	TTAGGG
1	11810000	2	5	TTAGGG
1	11820000	0	1	TTAGGG
1	11830000	1	2	TTAGGG
1	11840000	1	2	TTAGGG
1	11850000	0	5	TTAGGG
1	11860000	0	1	TTAGGG
1	11870000	0	2	TTAGGG
1	11880000	3	2	TTAGGG
1	11890000	3	0	TTAGGG
1	11900000	7	3	TTAGGG
1	11910000	4	0	TTAGGG
1	11920000	2	0	TTAGGG
1	11930000	2	0	TTAGGG
1	11940000	1	2	TTAGGG
1	11950000	1	0	TTAGGG
1	11960000	0	0	TTAGGG
1	11970000	0	3	TTAGGG
1	11980000	0	2	TTAGGG
1	11990000	2	0	TTAGGG
1	12000000	0	3	TTAGGG
1	12010000	2	0	TTAGGG
1	12020000	0	2	TTAGGG
1	12030000	2	3	TTAGGG
1	12040000	1	6	TTAGGG
1	12050000	2	0	TTAGGG
1	12060000	1	3	TTAGGG
1	12070000	1	0	TTAGGG
1	12080000	2	4	TTAGGG
1	12090000	4	1	TTAGGG
1	12100000	2	3	TTAGGG
1	12110000	2	0	TTAGGG
1	12120000	5	0	TTAGGG
1	12130000	1	1	TTAGGG
1	12140000	0	0	TTAGGG
1	12150000	1	0	TTAGGG
1	12160000	0	2	TTAGGG
1	12170000	1	0	TTAGGG
1	12180000	1	3	TTAGGG
1	12190000	3	0	TTAGGG
1	12200000	2	6	TTAGGG
1	12210000	0	5	TTAGGG
1	12220000	1	1	TTAGGG
1	12230000	1	1	TTAGGG
1	12240000	5	4	TTAGGG
1	12250000	0	2	TTAGGG
1	12260000	5	2	TTAGGG
1	12270000	1	4	TTAGGG
1	12280000	2	1	TTAGGG
1	12290000	1	3	TTAGGG
1	12300000	2	4	TTAGGG
1	12310000	1	1	TTAGGG
1	12320000	1	1	TTAGGG
1	12330000	2	1	TTAGGG
1	12340000	6	1	TTAGGG
1	12350000	1	1	TTAGGG
1	12360000	2	2	TTAGGG
1	12370000	1	2	TTAGGG
1	12380000	2	1	TTAGGG
1	12390000	0	5	TTAGGG
1	12400000	1	0	TTAGGG
1	12410000	0	1	TTAGGG
1	12420000	1	2	TTAGGG
1	12430000	4	2	TTAGGG
1	12440000	3	1	TTAGGG
1	12450000	4	1	TTAGGG
1	12460000	2	3	TTAGGG
1	12470000	2	4	TTAGGG
1	12480000	0	1	TTAGGG
1	12490000	2	0	TTAGGG
1	12500000	3	3	TTAGGG
1	12510000	3	1	TTAGGG
1	12520000	1	0	TTAGGG
1	12530000	1	3	TTAGGG
1	12540000	0	0	TTAGGG
1	12550000	2	2	TTAGGG
1	12560000	1	1	TTAGGG
1	12570000	3	2	TTAGGG
1	12580000	0	1	TTAGGG
1	12590000	3	1	TTAGGG
1	12600000	0	0	TTAGGG
1	12610000	0	4	TTAGGG
1	12620000	1	1	TTAGGG
1	12630000	0	3	TTAGGG
1	12640000	1	4	TTAGGG
1	12650000	1	3	TTAGGG
1	12660000	1	3	TTAGGG
1	12670000	3	2	TTAGGG
1	12680000	1	1	TTAGGG
1	12690000	3	2	TTAGGG
1	12700000	0	5	TTAGGG
1	12710000	1	1	TTAGGG
1	12720000	0	3	TTAGGG
1	12730000	3	2	TTAGGG
1	12740000	2	1	TTAGGG
1	12750000	2	1	TTAGGG
1	12760000	2	3	TTAGGG
1	12770000	0	0	TTAGGG
1	12780000	1	4	TTAGGG
1	12790000	2	0	TTAGGG
1	12800000	2	2	TTAGGG
1	12810000	3	1	TTAGGG
1	12820000	6	1	TTAGGG
1	12830000	2	0	TTAGGG
1	12840000	4	1	TTAGGG
1	12850000	2	0	TTAGGG
1	12860000	3	1	TTAGGG
1	12870000	0	1	TTAGGG
1	12880000	2	0	TTAGGG
1	12890000	3	5	TTAGGG
1	12900000	0	2	TTAGGG
1	12910000	1	0	TTAGGG
1	12920000	0	2	TTAGGG
1	12930000	2	5	TTAGGG
1	12940000	1	0	TTAGGG
1	12950000	2	1	TTAGGG
1	12960000	1	0	TTAGGG
1	12970000	1	1	TTAGGG
1	12980000	2	2	TTAGGG
1	12990000	1	0	TTAGGG
1	13000000	0	1	TTAGGG
1	13010000	3	2	TTAGGG
1	13020000	4	1	TTAGGG
1	13030000	1	4	TTAGGG
1	13040000	2	3	TTAGGG
1	13050000	1	3	TTAGGG
1	13060000	0	1	TTAGGG
1	13070000	2	0	TTAGGG
1	13080000	1	0	TTAGGG
1	13090000	1	1	TTAGGG
1	13100000	1	1	TTAGGG
1	13110000	4	0	TTAGGG
1	13120000	1	3	TTAGGG
1	13130000	2	1	TTAGGG
1	13140000	3	1	TTAGGG
1	13150000	1	0	TTAGGG
1	13160000	2	0	TTAGGG
1	13170000	1	0	TTAGGG
1	13180000	3	0	TTAGGG
1	13190000	1	1	TTAGGG
1	13200000	3	3	TTAGGG
1	13210000	1	0	TTAGGG
1	13220000	1	0	TTAGGG
1	13230000	2	1	TTAGGG
1	13240000	0	3	TTAGGG
1	13250000	4	1	TTAGGG
1	13260000	2	0	TTAGGG
1	13270000	2	1	TTAGGG
1	13280000	1	1	TTAGGG
1	13290000	2	3	TTAGGG
1	13300000	7	2	TTAGGG
1	13310000	1	2	TTAGGG
1	13320000	1	0	TTAGGG
1	13330000	1	0	TTAGGG
1	13340000	0	1	TTAGGG
1	13350000	1	1	TTAGGG
1	13360000	2	1	TTAGGG
1	13370000	0	0	TTAGGG
1	13380000	0	2	TTAGGG
1	13390000	1	1	TTAGGG
1	13400000	0	0	TTAGGG
1	13410000	1	1	TTAGGG
1	13420000	1	0	TTAGGG
1	13430000	1	1	TTAGGG
1	13440000	1	1	TTAGGG
1	13450000	3	3	TTAGGG
1	13460000	0	3	TTAGGG
1	13470000	3	1	TTAGGG
1	13480000	2	1	TTAGGG
1	13490000	2	0	TTAGGG
1	13500000	1	0	TTAGGG
1	13510000	3	1	TTAGGG
1	13520000	4	2	TTAGGG
1	13530000	2	1	TTAGGG
1	13540000	0	1	TTAGGG
1	13550000	1	2	TTAGGG
1	13560000	1	3	TTAGGG
1	13570000	2	1	TTAGGG
1	13580000	1	0	TTAGGG
1	13590000	3	5	TTAGGG
1	13600000	2	2	TTAGGG
1	13610000	1	0	TTAGGG
1	13620000	2	4	TTAGGG
1	13630000	2	1	TTAGGG
1	13640000	1	3	TTAGGG
1	13650000	1	1	TTAGGG
1	13660000	0	0	TTAGGG
1	13670000	0	2	TTAGGG
1	13680000	2	2	TTAGGG
1	13690000	2	3	TTAGGG
1	13700000	0	4	TTAGGG
1	13710000	2	1	TTAGGG
1	13720000	5	2	TTAGGG
1	13730000	0	1	TTAGGG
1	13740000	2	2	TTAGGG
1	13750000	2	1	TTAGGG
1	13760000	2	0	TTAGGG
1	13770000	1	3	TTAGGG
1	13780000	0	0	TTAGGG
1	13790000	0	0	TTAGGG
1	13800000	3	2	TTAGGG
1	13810000	2	0	TTAGGG
1	13820000	2	1	TTAGGG
1	13830000	2	1	TTAGGG
1	13840000	1	3	TTAGGG
1	13850000	1	0	TTAGGG
1	13860000	3	0	TTAGGG
1	13870000	0	2	TTAGGG
1	13880000	1	3	TTAGGG
1	13890000	0	2	TTAGGG
1	13900000	0	2	TTAGGG
1	13910000	2	2	TTAGGG
1	13920000	0	1	TTAGGG
1	13930000	1	0	TTAGGG
1	13940000	3	0	TTAGGG
1	13950000	3	3	TTAGGG
1	13960000	2	1	TTAGGG
1	13970000	2	2	TTAGGG
1	13980000	1	0	TTAGGG
1	13990000	0	3	TTAGGG
1	14000000	3	2	TTAGGG
1	14010000	1	5	TTAGGG
1	14020000	2	0	TTAGGG
1	14030000	1	1	TTAGGG
1	14040000	4	4	TTAGGG
1	14050000	2	1	TTAGGG
1	14060000	2	0	TTAGGG
1	14070000	5	1	TTAGGG
1	14080000	0	2	TTAGGG
1	14090000	1	1	TTAGGG
1	14100000	1	1	TTAGGG
1	14110000	3	3	TTAGGG
1	14120000	3	2	TTAGGG
1	14130000	4	2	TTAGGG
1	14140000	2	3	TTAGGG
1	14150000	2	1	TTAGGG
1	14160000	2	3	TTAGGG
1	14170000	2	0	TTAGGG
1	14180000	2	4	TTAGGG
1	14190000	1	0	TTAGGG
1	14200000	0	0	TTAGGG
1	14210000	1	1	TTAGGG
1	14220000	2	0	TTAGGG
1	14230000	1	2	TTAGGG
1	14240000	1	1	TTAGGG
1	14250000	2	3	TTAGGG
1	14260000	1	0	TTAGGG
1	14270000	0	1	TTAGGG
1	14280000	3	2	TTAGGG
1	14290000	2	1	TTAGGG
1	14300000	0	0	TTAGGG
1	14310000	4	2	TTAGGG
1	14320000	2	2	TTAGGG
1	14330000	1	4	TTAGGG
1	14340000	3	0	TTAGGG
1	14350000	3	3	TTAGGG
1	14360000	3	2	TTAGGG
1	14370000	1	1	TTAGGG
1	14380000	5	0	TTAGGG
1	14390000	3	5	TTAGGG
1	14400000	1	1	TTAGGG
1	14410000	2	1	TTAGGG
1	14420000	2	0	TTAGGG
1	14430000	0	3	TTAGGG
1	14440000	2	2	TTAGGG
1	14450000	1	1	TTAGGG
1	14460000	2	0	TTAGGG
1	14470000	3	3	TTAGGG
1	14480000	1	3	TTAGGG
1	14490000	0	3	TTAGGG
1	14500000	5	4	TTAGGG
1	14510000	3	2	TTAGGG
1	14520000	3	2	TTAGGG
1	14530000	0	1	TTAGGG
1	14540000	0	2	TTAGGG
1	14550000	3	0	TTAGGG
1	14560000	2	0	TTAGGG
1	14570000	1	1	TTAGGG
1	14580000	2	2	TTAGGG
1	14590000	3	1	TTAGGG
1	14600000	4	1	TTAGGG
1	14610000	2	3	TTAGGG
1	14620000	1	3	TTAGGG
1	14630000	6	1	TTAGGG
1	14640000	1	1	TTAGGG
1	14650000	2	0	TTAGGG
1	14660000	3	2	TTAGGG
1	14670000	2	1	TTAGGG
1	14680000	0	0	TTAGGG
1	14690000	0	0	TTAGGG
1	14700000	1	3	TTAGGG
1	14710000	0	2	TTAGGG
1	14720000	4	2	TTAGGG
1	14730000	2	2	TTAGGG
1	14740000	1	1	TTAGGG
1	14750000	4	2	TTAGGG
1	14760000	2	0	TTAGGG
1	14770000	1	0	TTAGGG
1	14780000	1	2	TTAGGG
1	14790000	0	2	TTAGGG
1	14800000	0	0	TTAGGG
1	14810000	0	0	TTAGGG
1	14820000	0	0	TTAGGG
1	14830000	0	0	TTAGGG
1	14840000	0	0	TTAGGG
1	14850000	0	2	TTAGGG
1	14860000	0	1	TTAGGG
1	14870000	0	0	TTAGGG
1	14880000	1	1	TTAGGG
1	14890000	1	3	TTAGGG
1	14900000	0	1	TTAGGG
1	14910000	2	0	TTAGGG
1	14920000	0	0	TTAGGG
1	14930000	3	2	TTAGGG
1	14940000	4	5	TTAGGG
1	14950000	0	1	TTAGGG
1	14960000	2	2	TTAGGG
1	14970000	1	2	TTAGGG
1	14980000	1	0	TTAGGG
1	14990000	1	1	TTAGGG
1	15000000	0	2	TTAGGG
1	15010000	0	0	TTAGGG
1	15020000	1	1	TTAGGG
1	15030000	2	1	TTAGGG
1	15040000	1	0	TTAGGG
1	15050000	0	0	TTAGGG
1	15060000	0	5	TTAGGG
1	15070000	1	3	TTAGGG
1	15080000	1	2	TTAGGG
1	15090000	1	0	TTAGGG
1	15100000	4	0	TTAGGG
1	15110000	2	1	TTAGGG
1	15120000	2	2	TTAGGG
1	15130000	1	2	TTAGGG
1	15140000	1	1	TTAGGG
1	15150000	2	2	TTAGGG
1	15160000	1	0	TTAGGG
1	15170000	2	0	TTAGGG
1	15180000	1	1	TTAGGG
1	15190000	3	1	TTAGGG
1	15200000	1	1	TTAGGG
1	15210000	3	1	TTAGGG
1	15220000	1	1	TTAGGG
1	15230000	2	3	TTAGGG
1	15240000	1	1	TTAGGG
1	15250000	0	1	TTAGGG
1	15260000	1	1	TTAGGG
1	15270000	2	1	TTAGGG
1	15280000	2	1	TTAGGG
1	15290000	2	0	TTAGGG
1	15300000	2	0	TTAGGG
1	15310000	1	0	TTAGGG
1	15320000	1	0	TTAGGG
1	15330000	0	2	TTAGGG
1	15340000	1	2	TTAGGG
1	15350000	1	5	TTAGGG
1	15360000	1	6	TTAGGG
1	15370000	2	1	TTAGGG
1	15380000	1	6	TTAGGG
1	15390000	3	1	TTAGGG
1	15400000	2	3	TTAGGG
1	15410000	3	4	TTAGGG
1	15420000	0	0	TTAGGG
1	15430000	1	1	TTAGGG
1	15440000	1	4	TTAGGG
1	15450000	0	0	TTAGGG
1	15460000	0	1	TTAGGG
1	15470000	3	2	TTAGGG
1	15480000	3	3	TTAGGG
1	15490000	1	1	TTAGGG
1	15500000	1	1	TTAGGG
1	15510000	1	1	TTAGGG
1	15520000	3	1	TTAGGG
1	15530000	4	0	TTAGGG
1	15540000	2	2	TTAGGG
1	15550000	1	0	TTAGGG
1	15560000	1	0	TTAGGG
1	15570000	2	3	TTAGGG
1	15580000	0	3	TTAGGG
1	15590000	0	2	TTAGGG
1	15600000	0	2	TTAGGG
1	15610000	1	1	TTAGGG
1	15620000	3	1	TTAGGG
1	15630000	3	2	TTAGGG
1	15640000	1	2	TTAGGG
1	15650000	3	1	TTAGGG
1	15660000	0	0	TTAGGG
1	15670000	2	2	TTAGGG
1	15680000	2	2	TTAGGG
1	15690000	2	1	TTAGGG
1	15700000	2	2	TTAGGG
1	15710000	2	4	TTAGGG
1	15720000	6	0	TTAGGG
1	15730000	1	2	TTAGGG
1	15740000	2	1	TTAGGG
1	15750000	0	0	TTAGGG
1	15760000	1	1	TTAGGG
1	15770000	1	2	TTAGGG
1	15780000	0	1	TTAGGG
1	15790000	2	2	TTAGGG
1	15800000	3	1	TTAGGG
1	15810000	1	2	TTAGGG
1	15820000	2	2	TTAGGG
1	15830000	4	2	TTAGGG
1	15840000	0	2	TTAGGG
1	15850000	1	0	TTAGGG
1	15860000	0	2	TTAGGG
1	15870000	0	0	TTAGGG
1	15880000	2	1	TTAGGG
1	15890000	1	1	TTAGGG
1	15900000	1	0	TTAGGG
1	15910000	1	6	TTAGGG
1	15920000	1	1	TTAGGG
1	15930000	0	0	TTAGGG
1	15940000	1	3	TTAGGG
1	15950000	0	0	TTAGGG
1	15960000	0	0	TTAGGG
1	15970000	1	2	TTAGGG
1	15980000	1	0	TTAGGG
1	15990000	3	0	TTAGGG
1	16000000	2	1	TTAGGG
1	16010000	1	1	TTAGGG
1	16020000	1	0	TTAGGG
1	16030000	3	3	TTAGGG
1	16040000	2	1	TTAGGG
1	16050000	1	1	TTAGGG
1	16060000	2	1	TTAGGG
1	16070000	1	0	TTAGGG
1	16080000	0	2	TTAGGG
1	16090000	0	1	TTAGGG
1	16100000	1	2	TTAGGG
1	16110000	0	0	TTAGGG
1	16120000	1	1	TTAGGG
1	16130000	0	2	TTAGGG
1	16140000	1	2	TTAGGG
1	16150000	1	2	TTAGGG
1	16160000	2	1	TTAGGG
1	16170000	0	3	TTAGGG
1	16180000	2	1	TTAGGG
1	16190000	1	1	TTAGGG
1	16200000	3	1	TTAGGG
1	16210000	2	2	TTAGGG
1	16220000	5	2	TTAGGG
1	16230000	2	2	TTAGGG
1	16240000	1	1	TTAGGG
1	16250000	1	3	TTAGGG
1	16260000	3	0	TTAGGG
1	16270000	3	0	TTAGGG
1	16280000	2	4	TTAGGG
1	16290000	3	1	TTAGGG
1	16300000	1	0	TTAGGG
1	16310000	4	1	TTAGGG
1	16320000	0	1	TTAGGG
1	16330000	1	2	TTAGGG
1	16340000	4	2	TTAGGG
1	16350000	1	2	TTAGGG
1	16360000	3	1	TTAGGG
1	16370000	1	1	TTAGGG
1	16380000	0	1	TTAGGG
1	16390000	1	2	TTAGGG
1	16400000	0	4	TTAGGG
1	16410000	4	0	TTAGGG
1	16420000	3	1	TTAGGG
1	16430000	0	1	TTAGGG
1	16440000	2	0	TTAGGG
1	16450000	2	0	TTAGGG
1	16460000	2	2	TTAGGG
1	16470000	2	3	TTAGGG
1	16480000	2	2	TTAGGG
1	16490000	0	1	TTAGGG
1	16500000	1	2	TTAGGG
1	16510000	4	0	TTAGGG
1	16520000	2	2	TTAGGG
1	16530000	1	2	TTAGGG
1	16540000	4	1	TTAGGG
1	16550000	1	1	TTAGGG
1	16560000	2	2	TTAGGG
1	16570000	4	2	TTAGGG
1	16580000	1	3	TTAGGG
1	16590000	5	2	TTAGGG
1	16600000	0	1	TTAGGG
1	16610000	4	3	TTAGGG
1	16620000	1	0	TTAGGG
1	16630000	1	2	TTAGGG
1	16640000	1	2	TTAGGG
1	16650000	2	2	TTAGGG
1	16660000	1	0	TTAGGG
1	16670000	0	2	TTAGGG
1	16680000	2	4	TTAGGG
1	16690000	1	0	TTAGGG
1	16700000	0	3	TTAGGG
1	16710000	0	1	TTAGGG
1	16720000	2	3	TTAGGG
1	16730000	1	3	TTAGGG
1	16740000	2	2	TTAGGG
1	16750000	1	1	TTAGGG
1	16760000	1	3	TTAGGG
1	16770000	5	0	TTAGGG
1	16780000	3	2	TTAGGG
1	16790000	4	2	TTAGGG
1	16800000	0	0	TTAGGG
1	16810000	1	3	TTAGGG
1	16820000	0	1	TTAGGG
1	16830000	2	0	TTAGGG
1	16840000	0	1	TTAGGG
1	16850000	0	3	TTAGGG
1	16860000	1	1	TTAGGG
1	16870000	1	1	TTAGGG
1	16880000	4	0	TTAGGG
1	16890000	0	1	TTAGGG
1	16900000	1	1	TTAGGG
1	16910000	3	0	TTAGGG
1	16920000	1	1	TTAGGG
1	16930000	1	2	TTAGGG
1	16940000	2	0	TTAGGG
1	16950000	0	4	TTAGGG
1	16960000	0	3	TTAGGG
1	16970000	1	0	TTAGGG
1	16980000	0	2	TTAGGG
1	16990000	1	1	TTAGGG
1	17000000	0	5	TTAGGG
1	17010000	0	1	TTAGGG
1	17020000	0	0	TTAGGG
1	17030000	0	3	TTAGGG
1	17040000	1	1	TTAGGG
1	17050000	2	2	TTAGGG
1	17060000	4	5	TTAGGG
1	17070000	1	0	TTAGGG
1	17080000	2	3	TTAGGG
1	17090000	2	0	TTAGGG
1	17100000	1	1	TTAGGG
1	17110000	0	1	TTAGGG
1	17120000	4	0	TTAGGG
1	17130000	0	0	TTAGGG
1	17140000	2	4	TTAGGG
1	17150000	2	1	TTAGGG
1	17160000	1	0	TTAGGG
1	17170000	0	1	TTAGGG
1	17180000	4	1	TTAGGG
1	17190000	1	3	TTAGGG
1	17200000	0	0	TTAGGG
1	17210000	0	1	TTAGGG
1	17220000	1	1	TTAGGG
1	17230000	0	1	TTAGGG
1	17240000	0	1	TTAGGG
1	17250000	1	2	TTAGGG
1	17260000	1	0	TTAGGG
1	17270000	1	0	TTAGGG
1	17280000	2	2	TTAGGG
1	17290000	0	2	TTAGGG
1	17300000	2	2	TTAGGG
1	17310000	1	1	TTAGGG
1	17320000	0	0	TTAGGG
1	17330000	1	1	TTAGGG
1	17340000	0	2	TTAGGG
1	17350000	1	2	TTAGGG
1	17360000	2	1	TTAGGG
1	17370000	1	1	TTAGGG
1	17380000	0	1	TTAGGG
1	17390000	0	2	TTAGGG
1	17400000	2	1	TTAGGG
1	17410000	2	3	TTAGGG
1	17420000	2	0	TTAGGG
1	17430000	0	0	TTAGGG
1	17440000	0	2	TTAGGG
1	17450000	3	0	TTAGGG
1	17460000	1	2	TTAGGG
1	17470000	3	2	TTAGGG
1	17480000	0	2	TTAGGG
1	17490000	3	0	TTAGGG
1	17500000	2	0	TTAGGG
1	17510000	2	4	TTAGGG
1	17520000	3	4	TTAGGG
1	17530000	1	1	TTAGGG
1	17540000	0	0	TTAGGG
1	17550000	0	2	TTAGGG
1	17560000	1	5	TTAGGG
1	17570000	0	0	TTAGGG
1	17580000	0	3	TTAGGG
1	17590000	1	2	TTAGGG
1	17600000	1	0	TTAGGG
1	17610000	2	1	TTAGGG
1	17620000	2	4	TTAGGG
1	17630000	3	2	TTAGGG
1	17640000	2	1	TTAGGG
1	17650000	3	2	TTAGGG
1	17660000	0	3	TTAGGG
1	17670000	4	1	TTAGGG
1	17680000	4	0	TTAGGG
1	17690000	2	0	TTAGGG
1	17700000	0	1	TTAGGG
1	17710000	5	2	TTAGGG
1	17720000	0	0	TTAGGG
1	17730000	1	0	TTAGGG
1	17740000	4	2	TTAGGG
1	17750000	2	3	TTAGGG
1	17760000	3	2	TTAGGG
1	17770000	0	1	TTAGGG
1	17780000	1	1	TTAGGG
1	17790000	0	0	TTAGGG
1	17800000	0	2	TTAGGG
1	17810000	1	3	TTAGGG
1	17820000	2	3	TTAGGG
1	17830000	1	1	TTAGGG
1	17840000	3	1	TTAGGG
1	17850000	3	0	TTAGGG
1	17860000	2	3	TTAGGG
1	17870000	2	2	TTAGGG
1	17880000	1	1	TTAGGG
1	17890000	1	0	TTAGGG
1	17900000	1	2	TTAGGG
1	17910000	1	0	TTAGGG
1	17920000	1	1	TTAGGG
1	17930000	1	3	TTAGGG
1	17940000	0	0	TTAGGG
1	17950000	1	0	TTAGGG
1	17960000	2	3	TTAGGG
1	17970000	1	2	TTAGGG
1	17980000	4	2	TTAGGG
1	17990000	2	0	TTAGGG
1	18000000	1	1	TTAGGG
1	18010000	1	1	TTAGGG
1	18020000	1	3	TTAGGG
1	18030000	2	1	TTAGGG
1	18040000	2	1	TTAGGG
1	18050000	0	1	TTAGGG
1	18060000	3	1	TTAGGG
1	18070000	1	1	TTAGGG
1	18080000	2	1	TTAGGG
1	18090000	2	0	TTAGGG
1	18100000	2	3	TTAGGG
1	18110000	2	3	TTAGGG
1	18120000	2	4	TTAGGG
1	18130000	0	0	TTAGGG
1	18140000	1	1	TTAGGG
1	18150000	2	1	TTAGGG
1	18160000	1	3	TTAGGG
1	18170000	2	2	TTAGGG
1	18180000	1	2	TTAGGG
1	18190000	3	3	TTAGGG
1	18200000	2	0	TTAGGG
1	18210000	1	2	TTAGGG
1	18220000	2	0	TTAGGG
1	18230000	2	1	TTAGGG
1	18240000	2	1	TTAGGG
1	18250000	2	1	TTAGGG
1	18260000	1	1	TTAGGG
1	18270000	1	1	TTAGGG
1	18280000	1	1	TTAGGG
1	18290000	2	1	TTAGGG
1	18300000	1	1	TTAGGG
1	18310000	0	2	TTAGGG
1	18320000	2	6	TTAGGG
1	18330000	0	4	TTAGGG
1	18340000	1	2	TTAGGG
1	18350000	1	1	TTAGGG
1	18360000	3	0	TTAGGG
1	18370000	1	2	TTAGGG
1	18380000	0	5	TTAGGG
1	18390000	2	3	TTAGGG
1	18400000	2	2	TTAGGG
1	18410000	4	0	TTAGGG
1	18420000	2	0	TTAGGG
1	18430000	2	2	TTAGGG
1	18440000	0	0	TTAGGG
1	18450000	2	1	TTAGGG
1	18460000	5	1	TTAGGG
1	18470000	2	2	TTAGGG
1	18480000	2	3	TTAGGG
1	18490000	2	1	TTAGGG
1	18500000	3	2	TTAGGG
1	18510000	3	2	TTAGGG
1	18520000	2	2	TTAGGG
1	18530000	1	3	TTAGGG
1	18540000	1	1	TTAGGG
1	18550000	1	6	TTAGGG
1	18560000	1	5	TTAGGG
1	18570000	2	0	TTAGGG
1	18580000	2	0	TTAGGG
1	18590000	1	3	TTAGGG
1	18600000	2	4	TTAGGG
1	18610000	4	1	TTAGGG
1	18620000	1	1	TTAGGG
1	18630000	1	1	TTAGGG
1	18640000	0	2	TTAGGG
1	18650000	1	1	TTAGGG
1	18660000	2	2	TTAGGG
1	18670000	2	2	TTAGGG
1	18680000	1	1	TTAGGG
1	18690000	2	2	TTAGGG
1	18700000	1	0	TTAGGG
1	18710000	3	0	TTAGGG
1	18720000	1	2	TTAGGG
1	18730000	2	1	TTAGGG
1	18740000	1	3	TTAGGG
1	18750000	3	2	TTAGGG
1	18760000	3	1	TTAGGG
1	18770000	2	2	TTAGGG
1	18780000	1	2	TTAGGG
1	18790000	1	4	TTAGGG
1	18800000	1	1	TTAGGG
1	18810000	1	4	TTAGGG
1	18820000	1	2	TTAGGG
1	18830000	0	1	TTAGGG
1	18840000	2	1	TTAGGG
1	18850000	5	0	TTAGGG
1	18860000	3	7	TTAGGG
1	18870000	2	1	TTAGGG
1	18880000	1	2	TTAGGG
1	18890000	1	3	TTAGGG
1	18900000	5	0	TTAGGG
1	18910000	1	2	TTAGGG
1	18920000	2	1	TTAGGG
1	18930000	3	1	TTAGGG
1	18940000	5	3	TTAGGG
1	18950000	0	2	TTAGGG
1	18960000	1	1	TTAGGG
1	18970000	0	0	TTAGGG
1	18980000	3	1	TTAGGG
1	18990000	1	1	TTAGGG
1	19000000	3	2	TTAGGG
1	19010000	4	2	TTAGGG
1	19020000	1	2	TTAGGG
1	19030000	3	0	TTAGGG
1	19040000	2	2	TTAGGG
1	19050000	2	3	TTAGGG
1	19060000	1	1	TTAGGG
1	19070000	1	0	TTAGGG
1	19080000	0	0	TTAGGG
1	19090000	2	2	TTAGGG
1	19100000	0	1	TTAGGG
1	19110000	3	2	TTAGGG
1	19120000	3	1	TTAGGG
1	19130000	4	1	TTAGGG
1	19140000	2	1	TTAGGG
1	19150000	2	2	TTAGGG
1	19160000	1	3	TTAGGG
1	19170000	2	2	TTAGGG
1	19180000	2	2	TTAGGG
1	19190000	3	1	TTAGGG
1	19200000	2	4	TTAGGG
1	19210000	0	3	TTAGGG
1	19220000	3	2	TTAGGG
1	19230000	3	1	TTAGGG
1	19240000	2	2	TTAGGG
1	19250000	1	2	TTAGGG
1	19260000	0	3	TTAGGG
1	19270000	3	0	TTAGGG
1	19280000	2	2	TTAGGG
1	19290000	3	3	TTAGGG
1	19300000	0	2	TTAGGG
1	19310000	0	2	TTAGGG
1	19320000	2	2	TTAGGG
1	19330000	0	3	TTAGGG
1	19340000	2	2	TTAGGG
1	19350000	2	0	TTAGGG
1	19360000	0	1	TTAGGG
1	19370000	1	1	TTAGGG
1	19380000	4	1	TTAGGG
1	19390000	0	2	TTAGGG
1	19400000	0	1	TTAGGG
1	19410000	0	1	TTAGGG
1	19420000	1	0	TTAGGG
1	19430000	1	2	TTAGGG
1	19440000	0	0	TTAGGG
1	19450000	1	1	TTAGGG
1	19460000	0	1	TTAGGG
1	19470000	0	1	TTAGGG
1	19480000	3	1	TTAGGG
1	19490000	2	1	TTAGGG
1	19500000	2	0	TTAGGG
1	19510000	1	1	TTAGGG
1	19520000	1	2	TTAGGG
1	19530000	1	3	TTAGGG
1	19540000	4	1	TTAGGG
1	19550000	1	3	TTAGGG
1	19560000	1	2	TTAGGG
1	19570000	1	0	TTAGGG
1	19580000	3	6	TTAGGG
1	19590000	2	4	TTAGGG
1	19600000	1	1	TTAGGG
1	19610000	2	1	TTAGGG
1	19620000	0	0	TTAGGG
1	19630000	1	1	TTAGGG
1	19640000	1	3	TTAGGG
1	19650000	0	2	TTAGGG
1	19660000	0	3	TTAGGG
1	19670000	2	0	TTAGGG
1	19680000	2	2	TTAGGG
1	19690000	2	1	TTAGGG
1	19700000	1	2	TTAGGG
1	19710000	2	0	TTAGGG
1	19720000	2	1	TTAGGG
1	19730000	1	0	TTAGGG
1	19740000	0	2	TTAGGG
1	19750000	0	3	TTAGGG
1	19760000	1	2	TTAGGG
1	19770000	0	2	TTAGGG
1	19780000	1	2	TTAGGG
1	19790000	1	2	TTAGGG
1	19800000	1	1	TTAGGG
1	19810000	0	1	TTAGGG
1	19820000	1	3	TTAGGG
1	19830000	2	1	TTAGGG
1	19840000	3	2	TTAGGG
1	19850000	1	1	TTAGGG
1	19860000	2	0	TTAGGG
1	19870000	0	1	TTAGGG
1	19880000	2	1	TTAGGG
1	19890000	2	1	TTAGGG
1	19900000	3	2	TTAGGG
1	19910000	3	3	TTAGGG
1	19920000	2	1	TTAGGG
1	19930000	0	1	TTAGGG
1	19940000	0	2	TTAGGG
1	19950000	1	2	TTAGGG
1	19960000	2	2	TTAGGG
1	19970000	3	3	TTAGGG
1	19980000	2	0	TTAGGG
1	19990000	2	0	TTAGGG
1	20000000	2	1	TTAGGG
1	20010000	1	1	TTAGGG
1	20020000	4	1	TTAGGG
1	20030000	2	1	TTAGGG
1	20040000	4	1	TTAGGG
1	20050000	2	2	TTAGGG
1	20060000	0	0	TTAGGG
1	20070000	3	3	TTAGGG
1	20080000	1	2	TTAGGG
1	20090000	1	0	TTAGGG
1	20100000	1	0	TTAGGG
1	20110000	2	1	TTAGGG
1	20120000	3	1	TTAGGG
1	20130000	3	3	TTAGGG
1	20140000	1	2	TTAGGG
1	20150000	3	2	TTAGGG
1	20160000	3	1	TTAGGG
1	20170000	1	0	TTAGGG
1	20180000	3	1	TTAGGG
1	20190000	1	0	TTAGGG
1	20200000	0	2	TTAGGG
1	20210000	2	0	TTAGGG
1	20220000	2	2	TTAGGG
1	20230000	2	2	TTAGGG
1	20240000	2	1	TTAGGG
1	20250000	1	1	TTAGGG
1	20260000	1	1	TTAGGG
1	20270000	2	4	TTAGGG
1	20280000	2	1	TTAGGG
1	20290000	0	0	TTAGGG
1	20300000	1	1	TTAGGG
1	20310000	4	0	TTAGGG
1	20320000	1	0	TTAGGG
1	20330000	3	3	TTAGGG
1	20340000	4	1	TTAGGG
1	20350000	0	7	TTAGGG
1	20360000	3	3	TTAGGG
1	20370000	1	2	TTAGGG
1	20380000	1	1	TTAGGG
1	20390000	2	1	TTAGGG
1	20400000	1	3	TTAGGG
1	20410000	0	1	TTAGGG
1	20420000	0	1	TTAGGG
1	20430000	1	1	TTAGGG
1	20440000	0	1	TTAGGG
1	20450000	0	1	TTAGGG
1	20460000	0	3	TTAGGG
1	20470000	3	3	TTAGGG
1	20480000	3	1	TTAGGG
1	20490000	2	0	TTAGGG
1	20500000	3	0	TTAGGG
1	20510000	3	1	TTAGGG
1	20520000	0	1	TTAGGG
1	20530000	3	1	TTAGGG
1	20540000	1	0	TTAGGG
1	20550000	2	1	TTAGGG
1	20560000	2	1	TTAGGG
1	20570000	0	2	TTAGGG
1	20580000	2	3	TTAGGG
1	20590000	0	2	TTAGGG
1	20600000	2	1	TTAGGG
1	20610000	1	3	TTAGGG
1	20620000	0	0	TTAGGG
1	20630000	1	3	TTAGGG
1	20640000	1	0	TTAGGG
1	20650000	1	2	TTAGGG
1	20660000	0	2	TTAGGG
1	20670000	0	0	TTAGGG
1	20680000	2	1	TTAGGG
1	20690000	1	1	TTAGGG
1	20700000	5	1	TTAGGG
1	20710000	1	2	TTAGGG
1	20720000	4	0	TTAGGG
1	20730000	1	1	TTAGGG
1	20740000	3	5	TTAGGG
1	20750000	0	2	TTAGGG
1	20760000	1	2	TTAGGG
1	20770000	1	2	TTAGGG
1	20780000	2	0	TTAGGG
1	20790000	1	3	TTAGGG
1	20800000	4	1	TTAGGG
1	20810000	1	1	TTAGGG
1	20820000	3	2	TTAGGG
1	20830000	3	0	TTAGGG
1	20840000	2	1	TTAGGG
1	20850000	3	0	TTAGGG
1	20860000	3	0	TTAGGG
1	20870000	1	0	TTAGGG
1	20880000	2	4	TTAGGG
1	20890000	1	0	TTAGGG
1	20900000	0	2	TTAGGG
1	20910000	4	1	TTAGGG
1	20920000	4	2	TTAGGG
1	20930000	0	2	TTAGGG
1	20940000	2	2	TTAGGG
1	20950000	1	1	TTAGGG
1	20960000	0	1	TTAGGG
1	20970000	0	1	TTAGGG
1	20980000	3	1	TTAGGG
1	20990000	0	3	TTAGGG
1	21000000	1	3	TTAGGG
1	21010000	4	1	TTAGGG
1	21020000	2	1	TTAGGG
1	21030000	0	1	TTAGGG
1	21040000	3	0	TTAGGG
1	21050000	2	0	TTAGGG
1	21060000	1	2	TTAGGG
1	21070000	0	3	TTAGGG
1	21080000	0	2	TTAGGG
1	21090000	1	1	TTAGGG
1	21100000	0	2	TTAGGG
1	21110000	1	2	TTAGGG
1	21120000	1	2	TTAGGG
1	21130000	0	4	TTAGGG
1	21140000	1	1	TTAGGG
1	21150000	2	1	TTAGGG
1	21160000	0	1	TTAGGG
1	21170000	0	0	TTAGGG
1	21180000	2	1	TTAGGG
1	21190000	1	2	TTAGGG
1	21200000	1	5	TTAGGG
1	21210000	2	2	TTAGGG
1	21220000	2	2	TTAGGG
1	21230000	3	1	TTAGGG
1	21240000	2	0	TTAGGG
1	21250000	0	0	TTAGGG
1	21260000	1	2	TTAGGG
1	21270000	2	1	TTAGGG
1	21280000	1	3	TTAGGG
1	21290000	1	0	TTAGGG
1	21300000	4	1	TTAGGG
1	21310000	3	2	TTAGGG
1	21320000	2	1	TTAGGG
1	21330000	1	2	TTAGGG
1	21340000	3	2	TTAGGG
1	21350000	0	0	TTAGGG
1	21360000	1	1	TTAGGG
1	21370000	0	1	TTAGGG
1	21380000	0	1	TTAGGG
1	21390000	4	1	TTAGGG
1	21400000	0	3	TTAGGG
1	21410000	2	0	TTAGGG
1	21420000	2	0	TTAGGG
1	21430000	4	4	TTAGGG
1	21440000	0	0	TTAGGG
1	21450000	2	0	TTAGGG
1	21460000	2	2	TTAGGG
1	21470000	1	2	TTAGGG
1	21480000	1	0	TTAGGG
1	21490000	3	1	TTAGGG
1	21500000	1	0	TTAGGG
1	21510000	1	2	TTAGGG
1	21520000	0	3	TTAGGG
1	21530000	0	2	TTAGGG
1	21540000	1	2	TTAGGG
1	21550000	1	2	TTAGGG
1	21560000	0	3	TTAGGG
1	21570000	0	1	TTAGGG
1	21580000	0	0	TTAGGG
1	21590000	1	1	TTAGGG
1	21600000	1	3	TTAGGG
1	21610000	1	3	TTAGGG
1	21620000	1	2	TTAGGG
1	21630000	1	1	TTAGGG
1	21640000	1	1	TTAGGG
1	21650000	1	1	TTAGGG
1	21660000	3	0	TTAGGG
1	21670000	0	1	TTAGGG
1	21680000	1	2	TTAGGG
1	21690000	2	3	TTAGGG
1	21700000	0	1	TTAGGG
1	21710000	1	0	TTAGGG
1	21720000	3	0	TTAGGG
1	21730000	2	2	TTAGGG
1	21740000	0	1	TTAGGG
1	21750000	2	2	TTAGGG
1	21760000	3	3	TTAGGG
1	21770000	1	2	TTAGGG
1	21780000	2	2	TTAGGG
1	21790000	1	1	TTAGGG
1	21800000	1	1	TTAGGG
1	21810000	1	1	TTAGGG
1	21820000	0	2	TTAGGG
1	21830000	0	2	TTAGGG
1	21840000	1	1	TTAGGG
1	21850000	4	0	TTAGGG
1	21860000	0	0	TTAGGG
1	21870000	3	2	TTAGGG
1	21880000	2	0	TTAGGG
1	21890000	1	1	TTAGGG
1	21900000	2	1	TTAGGG
1	21910000	1	1	TTAGGG
1	21920000	3	1	TTAGGG
1	21930000	5	0	TTAGGG
1	21940000	1	2	TTAGGG
1	21950000	1	0	TTAGGG
1	21960000	0	1	TTAGGG
1	21970000	2	1	TTAGGG
1	21980000	2	2	TTAGGG
1	21990000	3	3	TTAGGG
1	22000000	1	2	TTAGGG
1	22010000	3	2	TTAGGG
1	22020000	2	3	TTAGGG
1	22030000	3	5	TTAGGG
1	22040000	2	2	TTAGGG
1	22050000	1	0	TTAGGG
1	22060000	1	3	TTAGGG
1	22070000	1	3	TTAGGG
1	22080000	2	0	TTAGGG
1	22090000	4	1	TTAGGG
1	22100000	0	2	TTAGGG
1	22110000	2	2	TTAGGG
1	22120000	0	1	TTAGGG
1	22130000	3	1	TTAGGG
1	22140000	1	2	TTAGGG
1	22150000	2	1	TTAGGG
1	22160000	4	3	TTAGGG
1	22170000	1	2	TTAGGG
1	22180000	3	2	TTAGGG
1	22190000	2	2	TTAGGG
1	22200000	1	2	TTAGGG
1	22210000	3	4	TTAGGG
1	22220000	1	1	TTAGGG
1	22230000	1	3	TTAGGG
1	22240000	1	0	TTAGGG
1	22250000	3	1	TTAGGG
1	22260000	2	0	TTAGGG
1	22270000	4	1	TTAGGG
1	22280000	2	0	TTAGGG
1	22290000	1	0	TTAGGG
1	22300000	1	3	TTAGGG
1	22310000	3	3	TTAGGG
1	22320000	2	4	TTAGGG
1	22330000	0	0	TTAGGG
1	22340000	1	2	TTAGGG
1	22350000	2	1	TTAGGG
1	22360000	2	1	TTAGGG
1	22370000	0	2	TTAGGG
1	22380000	0	0	TTAGGG
1	22390000	1	1	TTAGGG
1	22400000	3	2	TTAGGG
1	22410000	1	0	TTAGGG
1	22420000	0	4	TTAGGG
1	22430000	3	3	TTAGGG
1	22440000	3	3	TTAGGG
1	22450000	3	1	TTAGGG
1	22460000	1	1	TTAGGG
1	22470000	4	1	TTAGGG
1	22480000	1	0	TTAGGG
1	22490000	5	1	TTAGGG
1	22500000	1	1	TTAGGG
1	22510000	4	1	TTAGGG
1	22520000	0	0	TTAGGG
1	22530000	1	0	TTAGGG
1	22540000	0	2	TTAGGG
1	22550000	3	1	TTAGGG
1	22560000	2	2	TTAGGG
1	22570000	1	1	TTAGGG
1	22580000	1	0	TTAGGG
1	22590000	1	3	TTAGGG
1	22600000	2	2	TTAGGG
1	22610000	2	0	TTAGGG
1	22620000	2	1	TTAGGG
1	22630000	1	0	TTAGGG
1	22640000	3	5	TTAGGG
1	22650000	2	2	TTAGGG
1	22660000	1	2	TTAGGG
1	22670000	0	1	TTAGGG
1	22680000	0	1	TTAGGG
1	22690000	2	1	TTAGGG
1	22700000	1	1	TTAGGG
1	22710000	1	4	TTAGGG
1	22720000	5	3	TTAGGG
1	22730000	2	2	TTAGGG
1	22740000	0	0	TTAGGG
1	22750000	0	3	TTAGGG
1	22760000	3	1	TTAGGG
1	22770000	2	0	TTAGGG
1	22780000	2	0	TTAGGG
1	22790000	0	0	TTAGGG
1	22800000	2	1	TTAGGG
1	22810000	1	3	TTAGGG
1	22820000	2	2	TTAGGG
1	22830000	3	1	TTAGGG
1	22840000	6	1	TTAGGG
1	22850000	3	2	TTAGGG
1	22860000	0	1	TTAGGG
1	22870000	0	1	TTAGGG
1	22880000	2	0	TTAGGG
1	22890000	1	1	TTAGGG
1	22900000	3	0	TTAGGG
1	22910000	1	0	TTAGGG
1	22920000	4	0	TTAGGG
1	22930000	3	1	TTAGGG
1	22940000	1	0	TTAGGG
1	22950000	1	2	TTAGGG
1	22960000	1	1	TTAGGG
1	22970000	3	2	TTAGGG
1	22980000	2	0	TTAGGG
1	22990000	2	1	TTAGGG
1	23000000	3	2	TTAGGG
1	23010000	2	1	TTAGGG
1	23020000	2	3	TTAGGG
1	23030000	2	0	TTAGGG
1	23040000	1	2	TTAGGG
1	23050000	3	1	TTAGGG
1	23060000	1	0	TTAGGG
1	23070000	1	3	TTAGGG
1	23080000	1	2	TTAGGG
1	23090000	1	0	TTAGGG
1	23100000	1	2	TTAGGG
1	23110000	2	2	TTAGGG
1	23120000	3	1	TTAGGG
1	23130000	1	1	TTAGGG
1	23140000	0	1	TTAGGG
1	23150000	3	2	TTAGGG
1	23160000	1	1	TTAGGG
1	23170000	0	1	TTAGGG
1	23180000	1	0	TTAGGG
1	23190000	1	1	TTAGGG
1	23200000	1	1	TTAGGG
1	23210000	3	2	TTAGGG
1	23220000	3	0	TTAGGG
1	23230000	0	1	TTAGGG
1	23240000	4	2	TTAGGG
1	23250000	1	2	TTAGGG
1	23260000	0	0	TTAGGG
1	23270000	0	0	TTAGGG
1	23280000	1	2	TTAGGG
1	23290000	0	2	TTAGGG
1	23300000	1	3	TTAGGG
1	23310000	1	1	TTAGGG
1	23320000	5	1	TTAGGG
1	23330000	2	1	TTAGGG
1	23340000	1	1	TTAGGG
1	23350000	1	1	TTAGGG
1	23360000	2	1	TTAGGG
1	23370000	1	0	TTAGGG
1	23380000	1	2	TTAGGG
1	23390000	3	0	TTAGGG
1	23400000	1	2	TTAGGG
1	23410000	1	2	TTAGGG
1	23420000	3	0	TTAGGG
1	23430000	2	0	TTAGGG
1	23440000	4	1	TTAGGG
1	23450000	0	0	TTAGGG
1	23460000	2	4	TTAGGG
1	23470000	1	3	TTAGGG
1	23480000	2	1	TTAGGG
1	23490000	1	2	TTAGGG
1	23500000	3	1	TTAGGG
1	23510000	0	2	TTAGGG
1	23520000	0	0	TTAGGG
1	23530000	1	3	TTAGGG
1	23540000	1	1	TTAGGG
1	23550000	2	0	TTAGGG
1	23560000	1	2	TTAGGG
1	23570000	2	1	TTAGGG
1	23580000	1	1	TTAGGG
1	23590000	1	3	TTAGGG
1	23600000	0	1	TTAGGG
1	23610000	3	1	TTAGGG
1	23620000	1	1	TTAGGG
1	23630000	3	1	TTAGGG
1	23640000	0	1	TTAGGG
1	23650000	2	0	TTAGGG
1	23660000	1	1	TTAGGG
1	23670000	2	2	TTAGGG
1	23680000	3	0	TTAGGG
1	23690000	1	2	TTAGGG
1	23700000	1	2	TTAGGG
1	23710000	4	0	TTAGGG
1	23720000	3	2	TTAGGG
1	23730000	0	1	TTAGGG
1	23740000	1	0	TTAGGG
1	23750000	0	2	TTAGGG
1	23760000	0	2	TTAGGG
1	23770000	1	2	TTAGGG
1	23780000	0	2	TTAGGG
1	23790000	4	3	TTAGGG
1	23800000	5	1	TTAGGG
1	23810000	2	2	TTAGGG
1	23820000	2	1	TTAGGG
1	23830000	3	2	TTAGGG
1	23840000	1	1	TTAGGG
1	23850000	0	0	TTAGGG
1	23860000	3	0	TTAGGG
1	23870000	0	2	TTAGGG
1	23880000	1	1	TTAGGG
1	23890000	1	3	TTAGGG
1	23900000	1	1	TTAGGG
1	23910000	0	1	TTAGGG
1	23920000	3	2	TTAGGG
1	23930000	4	1	TTAGGG
1	23940000	4	2	TTAGGG
1	23950000	5	1	TTAGGG
1	23960000	3	1	TTAGGG
1	23970000	1	2	TTAGGG
1	23980000	2	2	TTAGGG
1	23990000	2	2	TTAGGG
1	24000000	1	1	TTAGGG
1	24010000	0	2	TTAGGG
1	24020000	1	2	TTAGGG
1	24030000	3	0	TTAGGG
1	24040000	0	4	TTAGGG
1	24050000	0	2	TTAGGG
1	24060000	1	1	TTAGGG
1	24070000	2	0	TTAGGG
1	24080000	1	1	TTAGGG
1	24090000	0	3	TTAGGG
1	24100000	2	3	TTAGGG
1	24110000	1	2	TTAGGG
1	24120000	1	2	TTAGGG
1	24130000	3	2	TTAGGG
1	24140000	1	3	TTAGGG
1	24150000	0	1	TTAGGG
1	24160000	3	1	TTAGGG
1	24170000	2	2	TTAGGG
1	24180000	0	1	TTAGGG
1	24190000	3	1	TTAGGG
1	24200000	0	1	TTAGGG
1	24210000	3	1	TTAGGG
1	24220000	3	1	TTAGGG
1	24230000	0	1	TTAGGG
1	24240000	3	0	TTAGGG
1	24250000	1	0	TTAGGG
1	24260000	0	0	TTAGGG
1	24270000	1	1	TTAGGG
1	24280000	1	1	TTAGGG
1	24290000	3	1	TTAGGG
1	24300000	1	0	TTAGGG
1	24310000	3	4	TTAGGG
1	24320000	0	3	TTAGGG
1	24330000	1	1	TTAGGG
1	24340000	2	4	TTAGGG
1	24350000	5	2	TTAGGG
1	24360000	1	1	TTAGGG
1	24370000	1	1	TTAGGG
1	24380000	1	2	TTAGGG
1	24390000	3	0	TTAGGG
1	24400000	2	2	TTAGGG
1	24410000	3	1	TTAGGG
1	24420000	2	1	TTAGGG
1	24430000	2	3	TTAGGG
1	24440000	1	2	TTAGGG
1	24450000	0	0	TTAGGG
1	24460000	2	2	TTAGGG
1	24470000	2	2	TTAGGG
1	24480000	2	2	TTAGGG
1	24490000	0	3	TTAGGG
1	24500000	0	0	TTAGGG
1	24510000	0	1	TTAGGG
1	24520000	1	2	TTAGGG
1	24530000	0	2	TTAGGG
1	24540000	3	1	TTAGGG
1	24550000	2	2	TTAGGG
1	24560000	2	2	TTAGGG
1	24570000	1	4	TTAGGG
1	24580000	0	2	TTAGGG
1	24590000	2	3	TTAGGG
1	24600000	1	1	TTAGGG
1	24610000	4	1	TTAGGG
1	24620000	2	2	TTAGGG
1	24630000	2	0	TTAGGG
1	24640000	1	0	TTAGGG
1	24650000	0	0	TTAGGG
1	24660000	1	0	TTAGGG
1	24670000	2	3	TTAGGG
1	24680000	2	0	TTAGGG
1	24690000	2	2	TTAGGG
1	24700000	1	1	TTAGGG
1	24710000	2	2	TTAGGG
1	24720000	2	3	TTAGGG
1	24730000	1	1	TTAGGG
1	24740000	1	0	TTAGGG
1	24750000	0	3	TTAGGG
1	24760000	2	0	TTAGGG
1	24770000	2	0	TTAGGG
1	24780000	2	1	TTAGGG
1	24790000	2	1	TTAGGG
1	24800000	3	0	TTAGGG
1	24810000	1	2	TTAGGG
1	24820000	2	3	TTAGGG
1	24830000	2	1	TTAGGG
1	24840000	2	1	TTAGGG
1	24850000	3	4	TTAGGG
1	24860000	1	2	TTAGGG
1	24870000	0	2	TTAGGG
1	24880000	2	2	TTAGGG
1	24890000	2	0	TTAGGG
1	24900000	2	2	TTAGGG
1	24910000	1	1	TTAGGG
1	24920000	3	0	TTAGGG
1	24930000	3	2	TTAGGG
1	24940000	1	2	TTAGGG
1	24950000	2	1	TTAGGG
1	24960000	1	3	TTAGGG
1	24970000	1	2	TTAGGG
1	24980000	1	0	TTAGGG
1	24990000	2	0	TTAGGG
1	25000000	1	3	TTAGGG
1	25010000	1	0	TTAGGG
1	25020000	2	4	TTAGGG
1	25030000	1	0	TTAGGG
1	25040000	2	1	TTAGGG
1	25050000	2	1	TTAGGG
1	25060000	0	1	TTAGGG
1	25070000	3	2	TTAGGG
1	25080000	1	2	TTAGGG
1	25090000	0	1	TTAGGG
1	25100000	1	1	TTAGGG
1	25110000	1	1	TTAGGG
1	25120000	1	0	TTAGGG
1	25130000	1	3	TTAGGG
1	25140000	2	1	TTAGGG
1	25150000	3	1	TTAGGG
1	25160000	2	1	TTAGGG
1	25170000	3	0	TTAGGG
1	25180000	0	1	TTAGGG
1	25190000	1	3	TTAGGG
1	25200000	1	1	TTAGGG
1	25210000	3	2	TTAGGG
1	25220000	2	2	TTAGGG
1	25230000	1	2	TTAGGG
1	25240000	1	1	TTAGGG
1	25250000	2	1	TTAGGG
1	25260000	1	1	TTAGGG
1	25270000	3	1	TTAGGG
1	25280000	1	1	TTAGGG
1	25290000	1	0	TTAGGG
1	25300000	0	1	TTAGGG
1	25310000	2	0	TTAGGG
1	25320000	1	0	TTAGGG
1	25330000	3	2	TTAGGG
1	25340000	1	2	TTAGGG
1	25350000	3	2	TTAGGG
1	25360000	1	2	TTAGGG
1	25370000	2	3	TTAGGG
1	25380000	0	2	TTAGGG
1	25390000	1	1	TTAGGG
1	25400000	1	0	TTAGGG
1	25410000	3	1	TTAGGG
1	25420000	0	1	TTAGGG
1	25430000	3	1	TTAGGG
1	25440000	0	0	TTAGGG
1	25450000	2	1	TTAGGG
1	25460000	1	2	TTAGGG
1	25470000	1	2	TTAGGG
1	25480000	3	0	TTAGGG
1	25490000	4	2	TTAGGG
1	25500000	2	2	TTAGGG
1	25510000	1	2	TTAGGG
1	25520000	1	3	TTAGGG
1	25530000	1	0	TTAGGG
1	25540000	5	4	TTAGGG
1	25550000	4	2	TTAGGG
1	25560000	3	2	TTAGGG
1	25570000	1	4	TTAGGG
1	25580000	2	3	TTAGGG
1	25590000	1	1	TTAGGG
1	25600000	4	1	TTAGGG
1	25610000	2	0	TTAGGG
1	25620000	0	3	TTAGGG
1	25630000	0	0	TTAGGG
1	25640000	2	4	TTAGGG
1	25650000	1	1	TTAGGG
1	25660000	1	2	TTAGGG
1	25670000	0	2	TTAGGG
1	25680000	3	2	TTAGGG
1	25690000	2	4	TTAGGG
1	25700000	0	0	TTAGGG
1	25710000	2	4	TTAGGG
1	25720000	0	1	TTAGGG
1	25730000	2	0	TTAGGG
1	25740000	3	2	TTAGGG
1	25750000	2	3	TTAGGG
1	25760000	0	3	TTAGGG
1	25770000	2	1	TTAGGG
1	25780000	2	2	TTAGGG
1	25790000	3	2	TTAGGG
1	25800000	0	3	TTAGGG
1	25810000	3	3	TTAGGG
1	25820000	0	0	TTAGGG
1	25830000	1	3	TTAGGG
1	25840000	1	5	TTAGGG
1	25850000	0	1	TTAGGG
1	25860000	0	1	TTAGGG
1	25870000	1	2	TTAGGG
1	25880000	1	1	TTAGGG
1	25890000	1	0	TTAGGG
1	25900000	0	1	TTAGGG
1	25910000	3	1	TTAGGG
1	25920000	1	1	TTAGGG
1	25930000	1	1	TTAGGG
1	25940000	0	0	TTAGGG
1	25950000	0	3	TTAGGG
1	25960000	0	3	TTAGGG
1	25970000	2	0	TTAGGG
1	25980000	5	2	TTAGGG
1	25990000	1	1	TTAGGG
1	26000000	0	0	TTAGGG
1	26010000	2	0	TTAGGG
1	26020000	2	4	TTAGGG
1	26030000	0	1	TTAGGG
1	26040000	3	0	TTAGGG
1	26050000	0	0	TTAGGG
1	26060000	1	1	TTAGGG
1	26070000	0	1	TTAGGG
1	26080000	2	1	TTAGGG
1	26090000	3	0	TTAGGG
1	26100000	2	1	TTAGGG
1	26110000	2	3	TTAGGG
1	26120000	1	1	TTAGGG
1	26130000	2	1	TTAGGG
1	26140000	1	1	TTAGGG
1	26150000	2	1	TTAGGG
1	26160000	1	0	TTAGGG
1	26170000	1	1	TTAGGG
1	26180000	2	0	TTAGGG
1	26190000	1	2	TTAGGG
1	26200000	2	2	TTAGGG
1	26210000	0	2	TTAGGG
1	26220000	3	4	TTAGGG
1	26230000	1	2	TTAGGG
1	26240000	1	1	TTAGGG
1	26250000	2	0	TTAGGG
1	26260000	0	0	TTAGGG
1	26270000	2	0	TTAGGG
1	26280000	4	2	TTAGGG
1	26290000	1	2	TTAGGG
1	26300000	2	0	TTAGGG
1	26310000	0	2	TTAGGG
1	26320000	3	3	TTAGGG
1	26330000	2	3	TTAGGG
1	26340000	1	1	TTAGGG
1	26350000	1	2	TTAGGG
1	26360000	1	2	TTAGGG
1	26370000	3	5	TTAGGG
1	26380000	1	1	TTAGGG
1	26390000	2	3	TTAGGG
1	26400000	0	2	TTAGGG
1	26410000	0	0	TTAGGG
1	26420000	0	2	TTAGGG
1	26430000	2	1	TTAGGG
1	26440000	2	4	TTAGGG
1	26450000	0	2	TTAGGG
1	26460000	1	2	TTAGGG
1	26470000	0	1	TTAGGG
1	26480000	2	3	TTAGGG
1	26490000	0	3	TTAGGG
1	26500000	1	2	TTAGGG
1	26510000	0	0	TTAGGG
1	26520000	2	1	TTAGGG
1	26530000	1	1	TTAGGG
1	26540000	3	1	TTAGGG
1	26550000	0	1	TTAGGG
1	26560000	2	2	TTAGGG
1	26570000	2	0	TTAGGG
1	26580000	2	2	TTAGGG
1	26590000	1	2	TTAGGG
1	26600000	4	0	TTAGGG
1	26610000	2	4	TTAGGG
1	26620000	0	2	TTAGGG
1	26630000	1	2	TTAGGG
1	26640000	0	4	TTAGGG
1	26650000	2	2	TTAGGG
1	26660000	1	2	TTAGGG
1	26670000	5	4	TTAGGG
1	26680000	4	2	TTAGGG
1	26690000	2	0	TTAGGG
1	26700000	0	2	TTAGGG
1	26710000	0	3	TTAGGG
1	26720000	3	2	TTAGGG
1	26730000	0	0	TTAGGG
1	26740000	0	0	TTAGGG
1	26750000	2	1	TTAGGG
1	26760000	1	2	TTAGGG
1	26770000	2	0	TTAGGG
1	26780000	2	1	TTAGGG
1	26790000	5	3	TTAGGG
1	26800000	2	0	TTAGGG
1	26810000	0	0	TTAGGG
1	26820000	1	2	TTAGGG
1	26830000	7	3	TTAGGG
1	26840000	0	1	TTAGGG
1	26850000	2	1	TTAGGG
1	26860000	2	0	TTAGGG
1	26870000	0	1	TTAGGG
1	26880000	0	3	TTAGGG
1	26890000	3	1	TTAGGG
1	26900000	1	2	TTAGGG
1	26910000	1	1	TTAGGG
1	26920000	5	3	TTAGGG
1	26930000	0	1	TTAGGG
1	26940000	3	2	TTAGGG
1	26950000	0	2	TTAGGG
1	26960000	1	2	TTAGGG
1	26970000	1	1	TTAGGG
1	26980000	0	0	TTAGGG
1	26990000	0	3	TTAGGG
1	27000000	1	3	TTAGGG
1	27010000	1	1	TTAGGG
1	27020000	3	1	TTAGGG
1	27030000	2	0	TTAGGG
1	27040000	3	2	TTAGGG
1	27050000	3	2	TTAGGG
1	27060000	3	4	TTAGGG
1	27070000	2	1	TTAGGG
1	27080000	0	3	TTAGGG
1	27090000	1	2	TTAGGG
1	27100000	2	3	TTAGGG
1	27110000	4	2	TTAGGG
1	27120000	4	1	TTAGGG
1	27130000	0	0	TTAGGG
1	27140000	2	1	TTAGGG
1	27150000	1	4	TTAGGG
1	27160000	2	0	TTAGGG
1	27170000	1	2	TTAGGG
1	27180000	1	2	TTAGGG
1	27190000	2	2	TTAGGG
1	27200000	1	1	TTAGGG
1	27210000	0	0	TTAGGG
1	27220000	0	0	TTAGGG
1	27230000	3	8	TTAGGG
1	27240000	0	2	TTAGGG
1	27250000	1	1	TTAGGG
1	27260000	1	1	TTAGGG
1	27270000	2	4	TTAGGG
1	27280000	0	2	TTAGGG
1	27290000	1	0	TTAGGG
1	27300000	1	5	TTAGGG
1	27310000	0	3	TTAGGG
1	27320000	1	1	TTAGGG
1	27330000	1	0	TTAGGG
1	27340000	1	2	TTAGGG
1	27350000	0	0	TTAGGG
1	27360000	0	3	TTAGGG
1	27370000	3	1	TTAGGG
1	27380000	3	2	TTAGGG
1	27390000	1	1	TTAGGG
1	27400000	1	1	TTAGGG
1	27410000	2	0	TTAGGG
1	27420000	0	0	TTAGGG
1	27430000	5	3	TTAGGG
1	27440000	0	0	TTAGGG
1	27450000	1	1	TTAGGG
1	27460000	0	2	TTAGGG
1	27470000	2	0	TTAGGG
1	27480000	2	0	TTAGGG
1	27490000	2	2	TTAGGG
1	27500000	3	0	TTAGGG
1	27510000	0	0	TTAGGG
1	27520000	4	1	TTAGGG
1	27530000	4	1	TTAGGG
1	27540000	4	2	TTAGGG
1	27550000	0	1	TTAGGG
1	27560000	1	2	TTAGGG
1	27570000	2	1	TTAGGG
1	27580000	0	2	TTAGGG
1	27590000	2	2	TTAGGG
1	27600000	5	1	TTAGGG
1	27610000	1	0	TTAGGG
1	27620000	2	1	TTAGGG
1	27630000	2	2	TTAGGG
1	27640000	3	2	TTAGGG
1	27650000	2	2	TTAGGG
1	27660000	1	2	TTAGGG
1	27670000	1	1	TTAGGG
1	27680000	0	2	TTAGGG
1	27690000	1	1	TTAGGG
1	27700000	0	1	TTAGGG
1	27710000	1	3	TTAGGG
1	27720000	2	0	TTAGGG
1	27730000	2	3	TTAGGG
1	27740000	3	1	TTAGGG
1	27750000	1	1	TTAGGG
1	27760000	2	1	TTAGGG
1	27770000	2	1	TTAGGG
1	27780000	1	2	TTAGGG
1	27790000	2	4	TTAGGG
1	27800000	2	2	TTAGGG
1	27810000	0	3	TTAGGG
1	27820000	1	4	TTAGGG
1	27830000	2	1	TTAGGG
1	27840000	2	1	TTAGGG
1	27850000	0	1	TTAGGG
1	27860000	0	1	TTAGGG
1	27870000	0	2	TTAGGG
1	27880000	2	2	TTAGGG
1	27890000	2	3	TTAGGG
1	27900000	1	1	TTAGGG
1	27910000	0	2	TTAGGG
1	27920000	2	2	TTAGGG
1	27930000	1	1	TTAGGG
1	27940000	0	3	TTAGGG
1	27950000	2	1	TTAGGG
1	27960000	1	1	TTAGGG
1	27970000	1	5	TTAGGG
1	27980000	3	3	TTAGGG
1	27990000	0	0	TTAGGG
1	28000000	0	1	TTAGGG
1	28010000	3	3	TTAGGG
1	28020000	3	3	TTAGGG
1	28030000	0	1	TTAGGG
1	28040000	1	1	TTAGGG
1	28050000	1	0	TTAGGG
1	28060000	2	5	TTAGGG
1	28070000	1	0	TTAGGG
1	28080000	1	1	TTAGGG
1	28090000	2	1	TTAGGG
1	28100000	0	1	TTAGGG
1	28110000	1	2	TTAGGG
1	28120000	1	2	TTAGGG
1	28130000	1	3	TTAGGG
1	28140000	3	1	TTAGGG
1	28150000	0	2	TTAGGG
1	28160000	4	2	TTAGGG
1	28170000	0	2	TTAGGG
1	28180000	1	2	TTAGGG
1	28190000	0	3	TTAGGG
1	28200000	0	2	TTAGGG
1	28210000	1	0	TTAGGG
1	28220000	1	2	TTAGGG
1	28230000	2	0	TTAGGG
1	28240000	1	1	TTAGGG
1	28250000	0	0	TTAGGG
1	28260000	1	2	TTAGGG
1	28270000	2	0	TTAGGG
1	28280000	2	1	TTAGGG
1	28290000	0	3	TTAGGG
1	28300000	2	1	TTAGGG
1	28310000	4	0	TTAGGG
1	28320000	2	2	TTAGGG
1	28330000	3	1	TTAGGG
1	28340000	1	0	TTAGGG
1	28350000	0	1	TTAGGG
1	28360000	1	1	TTAGGG
1	28370000	1	3	TTAGGG
1	28380000	1	1	TTAGGG
1	28390000	1	3	TTAGGG
1	28400000	1	2	TTAGGG
1	28410000	2	1	TTAGGG
1	28420000	1	1	TTAGGG
1	28430000	2	0	TTAGGG
1	28440000	2	0	TTAGGG
1	28450000	1	2	TTAGGG
1	28460000	2	3	TTAGGG
1	28470000	1	0	TTAGGG
1	28480000	0	3	TTAGGG
1	28490000	3	2	TTAGGG
1	28500000	1	0	TTAGGG
1	28510000	0	2	TTAGGG
1	28520000	0	3	TTAGGG
1	28530000	3	1	TTAGGG
1	28540000	1	1	TTAGGG
1	28550000	0	2	TTAGGG
1	28560000	1	2	TTAGGG
1	28570000	2	1	TTAGGG
1	28580000	1	1	TTAGGG
1	28590000	0	0	TTAGGG
1	28600000	2	3	TTAGGG
1	28610000	1	1	TTAGGG
1	28620000	4	2	TTAGGG
1	28630000	0	2	TTAGGG
1	28640000	0	1	TTAGGG
1	28650000	1	1	TTAGGG
1	28660000	0	2	TTAGGG
1	28670000	3	1	TTAGGG
1	28680000	2	2	TTAGGG
1	28690000	0	2	TTAGGG
1	28700000	2	0	TTAGGG
1	28710000	4	1	TTAGGG
1	28720000	2	0	TTAGGG
1	28730000	0	1	TTAGGG
1	28740000	2	1	TTAGGG
1	28750000	2	0	TTAGGG
1	28760000	1	1	TTAGGG
1	28770000	0	2	TTAGGG
1	28780000	0	0	TTAGGG
1	28790000	0	2	TTAGGG
1	28800000	2	2	TTAGGG
1	28810000	2	1	TTAGGG
1	28820000	3	0	TTAGGG
1	28830000	1	1	TTAGGG
1	28840000	0	2	TTAGGG
1	28850000	2	2	TTAGGG
1	28860000	1	0	TTAGGG
1	28870000	1	2	TTAGGG
1	28880000	0	1	TTAGGG
1	28890000	1	1	TTAGGG
1	28900000	0	2	TTAGGG
1	28910000	2	2	TTAGGG
1	28920000	3	0	TTAGGG
1	28930000	0	0	TTAGGG
1	28940000	0	0	TTAGGG
1	28950000	3	2	TTAGGG
1	28960000	0	4	TTAGGG
1	28970000	2	2	TTAGGG
1	28980000	1	1	TTAGGG
1	28990000	1	4	TTAGGG
1	29000000	3	1	TTAGGG
1	29010000	2	2	TTAGGG
1	29020000	0	2	TTAGGG
1	29030000	3	0	TTAGGG
1	29040000	1	2	TTAGGG
1	29050000	5	1	TTAGGG
1	29060000	5	0	TTAGGG
1	29070000	0	3	TTAGGG
1	29080000	1	1	TTAGGG
1	29090000	1	4	TTAGGG
1	29100000	5	0	TTAGGG
1	29110000	1	0	TTAGGG
1	29120000	2	1	TTAGGG
1	29130000	2	1	TTAGGG
1	29140000	1	0	TTAGGG
1	29150000	2	1	TTAGGG
1	29160000	2	0	TTAGGG
1	29170000	1	1	TTAGGG
1	29180000	2	1	TTAGGG
1	29190000	2	2	TTAGGG
1	29200000	1	1	TTAGGG
1	29210000	0	1	TTAGGG
1	29220000	5	2	TTAGGG
1	29230000	0	2	TTAGGG
1	29240000	1	1	TTAGGG
1	29250000	2	5	TTAGGG
1	29260000	0	1	TTAGGG
1	29270000	2	3	TTAGGG
1	29280000	3	1	TTAGGG
1	29290000	0	1	TTAGGG
1	29300000	1	1	TTAGGG
1	29310000	1	2	TTAGGG
1	29320000	1	0	TTAGGG
1	29330000	6	4	TTAGGG
1	29340000	1	2	TTAGGG
1	29350000	0	2	TTAGGG
1	29360000	3	4	TTAGGG
1	29370000	1	1	TTAGGG
1	29380000	1	2	TTAGGG
1	29390000	1	1	TTAGGG
1	29400000	0	3	TTAGGG
1	29410000	2	1	TTAGGG
1	29420000	0	2	TTAGGG
1	29430000	0	0	TTAGGG
1	29440000	0	2	TTAGGG
1	29450000	0	0	TTAGGG
1	29460000	3	2	TTAGGG
1	29470000	4	0	TTAGGG
1	29480000	1	2	TTAGGG
1	29490000	0	1	TTAGGG
1	29500000	0	2	TTAGGG
1	29510000	1	0	TTAGGG
1	29520000	2	3	TTAGGG
1	29530000	4	0	TTAGGG
1	29540000	2	0	TTAGGG
1	29550000	5	0	TTAGGG
1	29560000	3	0	TTAGGG
1	29570000	2	3	TTAGGG
1	29580000	2	0	TTAGGG
1	29590000	1	1	TTAGGG
1	29600000	2	1	TTAGGG
1	29610000	1	3	TTAGGG
1	29620000	0	2	TTAGGG
1	29630000	0	2	TTAGGG
1	29640000	1	3	TTAGGG
1	29650000	1	2	TTAGGG
1	29660000	1	0	TTAGGG
1	29670000	1	2	TTAGGG
1	29680000	1	3	TTAGGG
1	29690000	1	1	TTAGGG
1	29700000	2	3	TTAGGG
1	29710000	1	2	TTAGGG
1	29720000	1	2	TTAGGG
1	29730000	3	3	TTAGGG
1	29740000	0	0	TTAGGG
1	29750000	2	1	TTAGGG
1	29760000	1	0	TTAGGG
1	29770000	2	2	TTAGGG
1	29780000	1	3	TTAGGG
1	29790000	2	1	TTAGGG
1	29800000	2	1	TTAGGG
1	29810000	1	4	TTAGGG
1	29820000	2	0	TTAGGG
1	29830000	0	2	TTAGGG
1	29840000	2	2	TTAGGG
1	29850000	3	1	TTAGGG
1	29860000	2	1	TTAGGG
1	29870000	1	1	TTAGGG
1	29880000	2	1	TTAGGG
1	29890000	1	1	TTAGGG
1	29900000	1	3	TTAGGG
1	29910000	0	1	TTAGGG
1	29920000	2	3	TTAGGG
1	29930000	0	2	TTAGGG
1	29940000	3	1	TTAGGG
1	29950000	1	2	TTAGGG
1	29960000	3	3	TTAGGG
1	29970000	3	1	TTAGGG
1	29980000	0	2	TTAGGG
1	29990000	4	1	TTAGGG
1	30000000	1	0	TTAGGG
1	30010000	1	2	TTAGGG
1	30020000	1	2	TTAGGG
1	30030000	4	0	TTAGGG
1	30040000	0	1	TTAGGG
1	30050000	3	3	TTAGGG
1	30060000	2	3	TTAGGG
1	30070000	2	2	TTAGGG
1	30080000	2	2	TTAGGG
1	30090000	0	0	TTAGGG
1	30100000	2	2	TTAGGG
1	30110000	2	2	TTAGGG
1	30120000	2	0	TTAGGG
1	30130000	4	4	TTAGGG
1	30140000	1	0	TTAGGG
1	30150000	3	0	TTAGGG
1	30160000	0	1	TTAGGG
1	30170000	1	0	TTAGGG
1	30180000	0	3	TTAGGG
1	30190000	1	2	TTAGGG
1	30200000	4	1	TTAGGG
1	30210000	0	3	TTAGGG
1	30220000	2	4	TTAGGG
1	30230000	2	1	TTAGGG
1	30240000	1	1	TTAGGG
1	30250000	2	3	TTAGGG
1	30260000	1	2	TTAGGG
1	30270000	2	0	TTAGGG
1	30280000	2	2	TTAGGG
1	30290000	1	1	TTAGGG
1	30300000	1	2	TTAGGG
1	30310000	4	0	TTAGGG
1	30320000	2	0	TTAGGG
1	30330000	1	1	TTAGGG
1	30340000	2	2	TTAGGG
1	30350000	1	0	TTAGGG
1	30360000	2	2	TTAGGG
1	30370000	1	2	TTAGGG
1	30380000	2	0	TTAGGG
1	30390000	2	5	TTAGGG
1	30400000	0	2	TTAGGG
1	30410000	1	1	TTAGGG
1	30420000	3	1	TTAGGG
1	30430000	1	3	TTAGGG
1	30440000	2	1	TTAGGG
1	30450000	2	0	TTAGGG
1	30460000	1	3	TTAGGG
1	30470000	0	0	TTAGGG
1	30480000	1	0	TTAGGG
1	30490000	3	1	TTAGGG
1	30500000	0	0	TTAGGG
1	30510000	2	0	TTAGGG
1	30520000	3	1	TTAGGG
1	30530000	0	0	TTAGGG
1	30540000	1	0	TTAGGG
1	30550000	4	1	TTAGGG
1	30560000	3	1	TTAGGG
1	30570000	0	3	TTAGGG
1	30580000	3	2	TTAGGG
1	30590000	2	1	TTAGGG
1	30600000	1	2	TTAGGG
1	30610000	1	2	TTAGGG
1	30620000	0	0	TTAGGG
1	30630000	3	2	TTAGGG
1	30640000	1	1	TTAGGG
1	30650000	1	0	TTAGGG
1	30660000	0	2	TTAGGG
1	30670000	0	2	TTAGGG
1	30680000	0	3	TTAGGG
1	30690000	2	1	TTAGGG
1	30700000	1	0	TTAGGG
1	30710000	0	0	TTAGGG
1	30720000	1	2	TTAGGG
1	30730000	2	2	TTAGGG
1	30740000	3	2	TTAGGG
1	30750000	1	0	TTAGGG
1	30760000	0	2	TTAGGG
1	30770000	4	2	TTAGGG
1	30780000	1	0	TTAGGG
1	30790000	1	2	TTAGGG
1	30800000	1	2	TTAGGG
1	30810000	4	1	TTAGGG
1	30820000	1	1	TTAGGG
1	30830000	0	0	TTAGGG
1	30840000	1	1	TTAGGG
1	30850000	1	2	TTAGGG
1	30860000	1	2	TTAGGG
1	30870000	1	1	TTAGGG
1	30880000	1	3	TTAGGG
1	30890000	1	2	TTAGGG
1	30900000	1	1	TTAGGG
1	30910000	0	2	TTAGGG
1	30920000	2	0	TTAGGG
1	30930000	1	1	TTAGGG
1	30940000	0	1	TTAGGG
1	30950000	2	2	TTAGGG
1	30960000	2	1	TTAGGG
1	30970000	1	2	TTAGGG
1	30980000	0	0	TTAGGG
1	30990000	0	1	TTAGGG
1	31000000	0	1	TTAGGG
1	31010000	4	0	TTAGGG
1	31020000	0	0	TTAGGG
1	31030000	0	0	TTAGGG
1	31040000	0	0	TTAGGG
1	31050000	0	0	TTAGGG
1	31060000	0	0	TTAGGG
1	31070000	0	0	TTAGGG
1	31080000	0	0	TTAGGG
1	31090000	0	0	TTAGGG
1	31100000	0	0	TTAGGG
1	31110000	0	0	TTAGGG
1	31120000	0	0	TTAGGG
1	31130000	0	0	TTAGGG
1	31140000	0	0	TTAGGG
1	31150000	1	2	TTAGGG
1	31160000	2	1	TTAGGG
1	31170000	0	2	TTAGGG
1	31180000	3	0	TTAGGG
1	31190000	3	1	TTAGGG
1	31200000	0	1	TTAGGG
1	31210000	0	3	TTAGGG
1	31220000	1	3	TTAGGG
1	31230000	1	4	TTAGGG
1	31240000	0	4	TTAGGG
1	31250000	0	0	TTAGGG
1	31260000	3	2	TTAGGG
1	31270000	2	3	TTAGGG
1	31280000	1	3	TTAGGG
1	31290000	0	0	TTAGGG
1	31300000	1	3	TTAGGG
1	31310000	2	1	TTAGGG
1	31320000	1	2	TTAGGG
1	31330000	1	4	TTAGGG
1	31340000	1	3	TTAGGG
1	31350000	1	1	TTAGGG
1	31360000	2	3	TTAGGG
1	31370000	1	0	TTAGGG
1	31380000	1	3	TTAGGG
1	31390000	5	1	TTAGGG
1	31400000	0	1	TTAGGG
1	31410000	1	4	TTAGGG
1	31420000	0	3	TTAGGG
1	31430000	1	4	TTAGGG
1	31440000	3	1	TTAGGG
1	31450000	2	2	TTAGGG
1	31460000	1	2	TTAGGG
1	31470000	0	4	TTAGGG
1	31480000	4	0	TTAGGG
1	31490000	1	0	TTAGGG
1	31500000	3	1	TTAGGG
1	31510000	2	3	TTAGGG
1	31520000	7	0	TTAGGG
1	31530000	2	1	TTAGGG
1	31540000	2	3	TTAGGG
1	31550000	1	2	TTAGGG
1	31560000	1	1	TTAGGG
1	31570000	1	2	TTAGGG
1	31580000	2	3	TTAGGG
1	31590000	2	3	TTAGGG
1	31600000	3	1	TTAGGG
1	31610000	2	2	TTAGGG
1	31620000	1	1	TTAGGG
1	31630000	0	4	TTAGGG
1	31640000	1	1	TTAGGG
1	31650000	1	0	TTAGGG
1	31660000	0	3	TTAGGG
1	31670000	2	0	TTAGGG
1	31680000	0	3	TTAGGG
1	31690000	1	0	TTAGGG
1	31700000	0	0	TTAGGG
1	31710000	3	3	TTAGGG
1	31720000	0	1	TTAGGG
1	31730000	4	0	TTAGGG
1	31740000	2	1	TTAGGG
1	31750000	0	2	TTAGGG
1	31760000	1	1	TTAGGG
1	31770000	6	4	TTAGGG
1	31780000	2	1	TTAGGG
1	31790000	0	2	TTAGGG
1	31800000	2	1	TTAGGG
1	31810000	2	3	TTAGGG
1	31820000	3	2	TTAGGG
1	31830000	0	1	TTAGGG
1	31840000	2	1	TTAGGG
1	31850000	2	2	TTAGGG
1	31860000	3	1	TTAGGG
1	31870000	2	1	TTAGGG
1	31880000	2	4	TTAGGG
1	31890000	1	1	TTAGGG
1	31900000	3	1	TTAGGG
1	31910000	2	0	TTAGGG
1	31920000	0	2	TTAGGG
1	31930000	4	0	TTAGGG
1	31940000	1	3	TTAGGG
1	31950000	3	0	TTAGGG
1	31960000	1	2	TTAGGG
1	31970000	0	1	TTAGGG
1	31980000	1	1	TTAGGG
1	31990000	1	0	TTAGGG
1	32000000	3	0	TTAGGG
1	32010000	3	2	TTAGGG
1	32020000	3	1	TTAGGG
1	32030000	4	2	TTAGGG
1	32040000	4	1	TTAGGG
1	32050000	1	2	TTAGGG
1	32060000	3	0	TTAGGG
1	32070000	2	2	TTAGGG
1	32080000	1	1	TTAGGG
1	32090000	1	3	TTAGGG
1	32100000	2	0	TTAGGG
1	32110000	1	3	TTAGGG
1	32120000	3	1	TTAGGG
1	32130000	3	0	TTAGGG
1	32140000	2	1	TTAGGG
1	32150000	4	3	TTAGGG
1	32160000	2	2	TTAGGG
1	32170000	2	0	TTAGGG
1	32180000	0	1	TTAGGG
1	32190000	1	1	TTAGGG
1	32200000	0	1	TTAGGG
1	32210000	1	3	TTAGGG
1	32220000	0	1	TTAGGG
1	32230000	3	0	TTAGGG
1	32240000	3	0	TTAGGG
1	32250000	1	2	TTAGGG
1	32260000	2	1	TTAGGG
1	32270000	4	2	TTAGGG
1	32280000	1	1	TTAGGG
1	32290000	1	1	TTAGGG
1	32300000	1	3	TTAGGG
1	32310000	2	2	TTAGGG
1	32320000	3	0	TTAGGG
1	32330000	2	0	TTAGGG
1	32340000	0	1	TTAGGG
1	32350000	2	2	TTAGGG
1	32360000	1	2	TTAGGG
1	32370000	2	0	TTAGGG
1	32380000	1	1	TTAGGG
1	32390000	3	3	TTAGGG
1	32400000	1	2	TTAGGG
1	32410000	4	3	TTAGGG
1	32420000	0	5	TTAGGG
1	32430000	1	0	TTAGGG
1	32440000	0	1	TTAGGG
1	32450000	2	1	TTAGGG
1	32460000	1	2	TTAGGG
1	32470000	1	1	TTAGGG
1	32480000	3	0	TTAGGG
1	32490000	1	0	TTAGGG
1	32500000	3	2	TTAGGG
1	32510000	1	2	TTAGGG
1	32520000	2	1	TTAGGG
1	32530000	2	2	TTAGGG
1	32540000	0	5	TTAGGG
1	32550000	1	1	TTAGGG
1	32560000	2	1	TTAGGG
1	32570000	2	3	TTAGGG
1	32580000	2	1	TTAGGG
1	32590000	4	0	TTAGGG
1	32600000	0	3	TTAGGG
1	32610000	0	3	TTAGGG
1	32620000	3	1	TTAGGG
1	32630000	2	0	TTAGGG
1	32640000	1	2	TTAGGG
1	32650000	2	2	TTAGGG
1	32660000	0	0	TTAGGG
1	32670000	3	0	TTAGGG
1	32680000	3	4	TTAGGG
1	32690000	2	0	TTAGGG
1	32700000	0	1	TTAGGG
1	32710000	0	5	TTAGGG
1	32720000	4	2	TTAGGG
1	32730000	2	2	TTAGGG
1	32740000	4	1	TTAGGG
1	32750000	1	2	TTAGGG
1	32760000	5	1	TTAGGG
1	32770000	1	0	TTAGGG
1	32780000	2	0	TTAGGG
1	32790000	2	3	TTAGGG
1	32800000	3	0	TTAGGG
1	32810000	0	1	TTAGGG
1	32820000	5	1	TTAGGG
1	32830000	1	1	TTAGGG
1	32840000	2	2	TTAGGG
1	32850000	1	2	TTAGGG
1	32860000	0	0	TTAGGG
1	32870000	1	0	TTAGGG
1	32880000	2	1	TTAGGG
1	32890000	3	1	TTAGGG
1	32900000	1	4	TTAGGG
1	32910000	1	1	TTAGGG
1	32920000	5	0	TTAGGG
1	32930000	2	2	TTAGGG
1	32940000	1	4	TTAGGG
1	32950000	0	2	TTAGGG
1	32960000	2	1	TTAGGG
1	32970000	1	1	TTAGGG
1	32980000	4	1	TTAGGG
1	32990000	3	2	TTAGGG
1	33000000	5	2	TTAGGG
1	33010000	1	0	TTAGGG
1	33020000	2	1	TTAGGG
1	33030000	1	3	TTAGGG
1	33040000	1	0	TTAGGG
1	33050000	1	1	TTAGGG
1	33060000	1	0	TTAGGG
1	33070000	2	0	TTAGGG
1	33080000	0	4	TTAGGG
1	33090000	2	0	TTAGGG
1	33100000	2	2	TTAGGG
1	33110000	5	2	TTAGGG
1	33120000	0	2	TTAGGG
1	33130000	2	1	TTAGGG
1	33140000	1	0	TTAGGG
1	33150000	3	2	TTAGGG
1	33160000	1	3	TTAGGG
1	33170000	3	1	TTAGGG
1	33180000	0	0	TTAGGG
1	33190000	1	0	TTAGGG
1	33200000	1	0	TTAGGG
1	33210000	0	0	TTAGGG
1	33220000	2	1	TTAGGG
1	33230000	0	2	TTAGGG
1	33240000	1	1	TTAGGG
1	33250000	1	3	TTAGGG
1	33260000	2	3	TTAGGG
1	33270000	2	1	TTAGGG
1	33280000	2	1	TTAGGG
1	33290000	0	1	TTAGGG
1	33300000	0	5	TTAGGG
1	33310000	1	1	TTAGGG
1	33320000	3	1	TTAGGG
1	33330000	0	0	TTAGGG
1	33340000	1	3	TTAGGG
1	33350000	3	3	TTAGGG
1	33360000	3	0	TTAGGG
1	33370000	1	1	TTAGGG
1	33380000	1	0	TTAGGG
1	33390000	2	1	TTAGGG
1	33400000	3	0	TTAGGG
1	33410000	1	3	TTAGGG
1	33420000	0	0	TTAGGG
1	33430000	3	1	TTAGGG
1	33440000	2	2	TTAGGG
1	33450000	1	1	TTAGGG
1	33460000	2	2	TTAGGG
1	33470000	2	1	TTAGGG
1	33480000	1	0	TTAGGG
1	33490000	2	1	TTAGGG
1	33500000	0	1	TTAGGG
1	33510000	1	1	TTAGGG
1	33520000	1	0	TTAGGG
1	33530000	2	2	TTAGGG
1	33540000	1	3	TTAGGG
1	33550000	1	2	TTAGGG
1	33560000	1	1	TTAGGG
1	33570000	2	2	TTAGGG
1	33580000	1	1	TTAGGG
1	33590000	2	1	TTAGGG
1	33600000	0	3	TTAGGG
1	33610000	2	1	TTAGGG
1	33620000	0	2	TTAGGG
1	33630000	0	1	TTAGGG
1	33640000	5	2	TTAGGG
1	33650000	1	3	TTAGGG
1	33660000	1	0	TTAGGG
1	33670000	2	4	TTAGGG
1	33680000	3	0	TTAGGG
1	33690000	1	1	TTAGGG
1	33700000	3	1	TTAGGG
1	33710000	3	2	TTAGGG
1	33720000	1	0	TTAGGG
1	33730000	2	3	TTAGGG
1	33740000	0	2	TTAGGG
1	33750000	3	2	TTAGGG
1	33760000	0	0	TTAGGG
1	33770000	2	0	TTAGGG
1	33780000	1	0	TTAGGG
1	33790000	4	2	TTAGGG
1	33800000	0	0	TTAGGG
1	33810000	0	1	TTAGGG
1	33820000	0	2	TTAGGG
1	33830000	3	3	TTAGGG
1	33840000	3	0	TTAGGG
1	33850000	1	2	TTAGGG
1	33860000	0	2	TTAGGG
1	33870000	4	0	TTAGGG
1	33880000	2	1	TTAGGG
1	33890000	0	2	TTAGGG
1	33900000	3	1	TTAGGG
1	33910000	2	3	TTAGGG
1	33920000	4	0	TTAGGG
1	33930000	0	2	TTAGGG
1	33940000	0	2	TTAGGG
1	33950000	0	2	TTAGGG
1	33960000	1	1	TTAGGG
1	33970000	1	1	TTAGGG
1	33980000	3	1	TTAGGG
1	33990000	2	1	TTAGGG
1	34000000	1	1	TTAGGG
1	34010000	2	2	TTAGGG
1	34020000	1	1	TTAGGG
1	34030000	1	1	TTAGGG
1	34040000	3	1	TTAGGG
1	34050000	1	3	TTAGGG
1	34060000	1	1	TTAGGG
1	34070000	0	4	TTAGGG
1	34080000	3	5	TTAGGG
1	34090000	4	3	TTAGGG
1	34100000	3	1	TTAGGG
1	34110000	4	2	TTAGGG
1	34120000	3	0	TTAGGG
1	34130000	2	3	TTAGGG
1	34140000	1	1	TTAGGG
1	34150000	2	0	TTAGGG
1	34160000	0	1	TTAGGG
1	34170000	3	1	TTAGGG
1	34180000	1	2	TTAGGG
1	34190000	3	0	TTAGGG
1	34200000	2	1	TTAGGG
1	34210000	1	1	TTAGGG
1	34220000	1	0	TTAGGG
1	34230000	1	3	TTAGGG
1	34240000	1	2	TTAGGG
1	34250000	1	3	TTAGGG
1	34260000	1	1	TTAGGG
1	34270000	1	2	TTAGGG
1	34280000	2	2	TTAGGG
1	34290000	0	2	TTAGGG
1	34300000	1	1	TTAGGG
1	34310000	0	2	TTAGGG
1	34320000	0	2	TTAGGG
1	34330000	1	2	TTAGGG
1	34340000	4	0	TTAGGG
1	34350000	6	2	TTAGGG
1	34360000	3	4	TTAGGG
1	34370000	2	4	TTAGGG
1	34380000	2	1	TTAGGG
1	34390000	3	1	TTAGGG
1	34400000	1	3	TTAGGG
1	34410000	1	3	TTAGGG
1	34420000	1	0	TTAGGG
1	34430000	1	1	TTAGGG
1	34440000	4	0	TTAGGG
1	34450000	1	2	TTAGGG
1	34460000	1	1	TTAGGG
1	34470000	1	2	TTAGGG
1	34480000	1	0	TTAGGG
1	34490000	0	1	TTAGGG
1	34500000	1	3	TTAGGG
1	34510000	3	3	TTAGGG
1	34520000	0	1	TTAGGG
1	34530000	0	3	TTAGGG
1	34540000	0	2	TTAGGG
1	34550000	4	0	TTAGGG
1	34560000	2	3	TTAGGG
1	34570000	3	0	TTAGGG
1	34580000	0	3	TTAGGG
1	34590000	1	1	TTAGGG
1	34600000	1	1	TTAGGG
1	34610000	0	0	TTAGGG
1	34620000	0	2	TTAGGG
1	34630000	0	0	TTAGGG
1	34640000	2	2	TTAGGG
1	34650000	1	1	TTAGGG
1	34660000	2	3	TTAGGG
1	34670000	1	3	TTAGGG
1	34680000	1	1	TTAGGG
1	34690000	2	0	TTAGGG
1	34700000	0	3	TTAGGG
1	34710000	2	3	TTAGGG
1	34720000	3	0	TTAGGG
1	34730000	0	1	TTAGGG
1	34740000	0	2	TTAGGG
1	34750000	1	3	TTAGGG
1	34760000	0	0	TTAGGG
1	34770000	1	2	TTAGGG
1	34780000	4	2	TTAGGG
1	34790000	1	4	TTAGGG
1	34800000	2	3	TTAGGG
1	34810000	1	1	TTAGGG
1	34820000	1	1	TTAGGG
1	34830000	2	3	TTAGGG
1	34840000	0	2	TTAGGG
1	34850000	1	2	TTAGGG
1	34860000	3	1	TTAGGG
1	34870000	1	3	TTAGGG
1	34880000	6	0	TTAGGG
1	34890000	0	3	TTAGGG
1	34900000	3	1	TTAGGG
1	34910000	1	1	TTAGGG
1	34920000	1	1	TTAGGG
1	34930000	0	0	TTAGGG
1	34940000	0	0	TTAGGG
1	34950000	0	4	TTAGGG
1	34960000	3	0	TTAGGG
1	34970000	3	0	TTAGGG
1	34980000	1	1	TTAGGG
1	34990000	0	5	TTAGGG
1	35000000	1	2	TTAGGG
1	35010000	3	0	TTAGGG
1	35020000	5	3	TTAGGG
1	35030000	1	1	TTAGGG
1	35040000	3	0	TTAGGG
1	35050000	3	2	TTAGGG
1	35060000	4	2	TTAGGG
1	35070000	2	4	TTAGGG
1	35080000	1	1	TTAGGG
1	35090000	0	1	TTAGGG
1	35100000	0	2	TTAGGG
1	35110000	3	3	TTAGGG
1	35120000	2	0	TTAGGG
1	35130000	1	1	TTAGGG
1	35140000	1	1	TTAGGG
1	35150000	1	3	TTAGGG
1	35160000	3	1	TTAGGG
1	35170000	0	1	TTAGGG
1	35180000	1	3	TTAGGG
1	35190000	1	2	TTAGGG
1	35200000	0	0	TTAGGG
1	35210000	6	2	TTAGGG
1	35220000	1	1	TTAGGG
1	35230000	4	2	TTAGGG
1	35240000	2	0	TTAGGG
1	35250000	0	2	TTAGGG
1	35260000	2	0	TTAGGG
1	35270000	1	1	TTAGGG
1	35280000	0	1	TTAGGG
1	35290000	0	0	TTAGGG
1	35300000	0	3	TTAGGG
1	35310000	1	2	TTAGGG
1	35320000	1	1	TTAGGG
1	35330000	1	4	TTAGGG
1	35340000	1	1	TTAGGG
1	35350000	2	3	TTAGGG
1	35360000	1	2	TTAGGG
1	35370000	1	2	TTAGGG
1	35380000	0	1	TTAGGG
1	35390000	1	0	TTAGGG
1	35400000	2	1	TTAGGG
1	35410000	2	2	TTAGGG
1	35420000	2	2	TTAGGG
1	35430000	1	2	TTAGGG
1	35440000	1	0	TTAGGG
1	35450000	2	2	TTAGGG
1	35460000	3	1	TTAGGG
1	35470000	2	0	TTAGGG
1	35480000	0	0	TTAGGG
1	35490000	1	0	TTAGGG
1	35500000	0	1	TTAGGG
1	35510000	2	7	TTAGGG
1	35520000	0	0	TTAGGG
1	35530000	0	2	TTAGGG
1	35540000	3	1	TTAGGG
1	35550000	2	4	TTAGGG
1	35560000	3	1	TTAGGG
1	35570000	1	1	TTAGGG
1	35580000	5	1	TTAGGG
1	35590000	1	1	TTAGGG
1	35600000	2	1	TTAGGG
1	35610000	3	0	TTAGGG
1	35620000	2	2	TTAGGG
1	35630000	2	1	TTAGGG
1	35640000	2	0	TTAGGG
1	35650000	1	1	TTAGGG
1	35660000	1	1	TTAGGG
1	35670000	0	1	TTAGGG
1	35680000	5	3	TTAGGG
1	35690000	0	1	TTAGGG
1	35700000	1	2	TTAGGG
1	35710000	2	2	TTAGGG
1	35720000	1	1	TTAGGG
1	35730000	1	0	TTAGGG
1	35740000	3	1	TTAGGG
1	35750000	1	1	TTAGGG
1	35760000	1	1	TTAGGG
1	35770000	0	1	TTAGGG
1	35780000	1	0	TTAGGG
1	35790000	2	1	TTAGGG
1	35800000	1	5	TTAGGG
1	35810000	3	0	TTAGGG
1	35820000	2	0	TTAGGG
1	35830000	1	2	TTAGGG
1	35840000	3	0	TTAGGG
1	35850000	2	2	TTAGGG
1	35860000	3	2	TTAGGG
1	35870000	2	0	TTAGGG
1	35880000	2	1	TTAGGG
1	35890000	2	3	TTAGGG
1	35900000	0	3	TTAGGG
1	35910000	3	1	TTAGGG
1	35920000	1	2	TTAGGG
1	35930000	3	0	TTAGGG
1	35940000	3	0	TTAGGG
1	35950000	0	3	TTAGGG
1	35960000	4	1	TTAGGG
1	35970000	1	0	TTAGGG
1	35980000	1	1	TTAGGG
1	35990000	2	2	TTAGGG
1	36000000	2	1	TTAGGG
1	36010000	3	4	TTAGGG
1	36020000	0	0	TTAGGG
1	36030000	5	1	TTAGGG
1	36040000	4	3	TTAGGG
1	36050000	1	3	TTAGGG
1	36060000	1	1	TTAGGG
1	36070000	2	0	TTAGGG
1	36080000	5	0	TTAGGG
1	36090000	1	3	TTAGGG
1	36100000	0	2	TTAGGG
1	36110000	3	0	TTAGGG
1	36120000	1	2	TTAGGG
1	36130000	2	1	TTAGGG
1	36140000	1	1	TTAGGG
1	36150000	4	2	TTAGGG
1	36160000	2	0	TTAGGG
1	36170000	2	2	TTAGGG
1	36180000	2	3	TTAGGG
1	36190000	1	2	TTAGGG
1	36200000	0	0	TTAGGG
1	36210000	1	3	TTAGGG
1	36220000	2	0	TTAGGG
1	36230000	0	2	TTAGGG
1	36240000	2	1	TTAGGG
1	36250000	1	0	TTAGGG
1	36260000	1	1	TTAGGG
1	36270000	2	1	TTAGGG
1	36280000	1	3	TTAGGG
1	36290000	3	1	TTAGGG
1	36300000	1	4	TTAGGG
1	36310000	2	1	TTAGGG
1	36320000	1	1	TTAGGG
1	36330000	2	2	TTAGGG
1	36340000	2	2	TTAGGG
1	36350000	1	4	TTAGGG
1	36360000	3	2	TTAGGG
1	36370000	1	1	TTAGGG
1	36380000	0	1	TTAGGG
1	36390000	0	0	TTAGGG
1	36400000	2	1	TTAGGG
1	36410000	0	2	TTAGGG
1	36420000	0	0	TTAGGG
1	36430000	2	3	TTAGGG
1	36440000	0	1	TTAGGG
1	36450000	0	1	TTAGGG
1	36460000	1	1	TTAGGG
1	36470000	3	1	TTAGGG
1	36480000	3	3	TTAGGG
1	36490000	1	2	TTAGGG
1	36500000	2	0	TTAGGG
1	36510000	0	1	TTAGGG
1	36520000	3	1	TTAGGG
1	36530000	1	2	TTAGGG
1	36540000	1	1	TTAGGG
1	36550000	0	4	TTAGGG
1	36560000	2	2	TTAGGG
1	36570000	5	1	TTAGGG
1	36580000	2	1	TTAGGG
1	36590000	3	0	TTAGGG
1	36600000	4	2	TTAGGG
1	36610000	2	2	TTAGGG
1	36620000	2	2	TTAGGG
1	36630000	1	2	TTAGGG
1	36640000	2	2	TTAGGG
1	36650000	2	1	TTAGGG
1	36660000	0	1	TTAGGG
1	36670000	1	2	TTAGGG
1	36680000	1	1	TTAGGG
1	36690000	0	4	TTAGGG
1	36700000	2	1	TTAGGG
1	36710000	1	3	TTAGGG
1	36720000	2	3	TTAGGG
1	36730000	2	2	TTAGGG
1	36740000	2	1	TTAGGG
1	36750000	2	1	TTAGGG
1	36760000	2	3	TTAGGG
1	36770000	2	1	TTAGGG
1	36780000	3	1	TTAGGG
1	36790000	1	0	TTAGGG
1	36800000	1	4	TTAGGG
1	36810000	1	2	TTAGGG
1	36820000	4	1	TTAGGG
1	36830000	3	0	TTAGGG
1	36840000	1	1	TTAGGG
1	36850000	0	2	TTAGGG
1	36860000	0	1	TTAGGG
1	36870000	0	4	TTAGGG
1	36880000	2	1	TTAGGG
1	36890000	0	3	TTAGGG
1	36900000	3	1	TTAGGG
1	36910000	2	5	TTAGGG
1	36920000	3	1	TTAGGG
1	36930000	3	4	TTAGGG
1	36940000	0	1	TTAGGG
1	36950000	0	0	TTAGGG
1	36960000	5	3	TTAGGG
1	36970000	1	1	TTAGGG
1	36980000	1	1	TTAGGG
1	36990000	1	2	TTAGGG
1	37000000	1	1	TTAGGG
1	37010000	2	2	TTAGGG
1	37020000	1	2	TTAGGG
1	37030000	1	1	TTAGGG
1	37040000	1	1	TTAGGG
1	37050000	2	1	TTAGGG
1	37060000	1	2	TTAGGG
1	37070000	3	2	TTAGGG
1	37080000	1	2	TTAGGG
1	37090000	0	2	TTAGGG
1	37100000	3	2	TTAGGG
1	37110000	0	1	TTAGGG
1	37120000	1	1	TTAGGG
1	37130000	5	1	TTAGGG
1	37140000	1	2	TTAGGG
1	37150000	2	1	TTAGGG
1	37160000	2	1	TTAGGG
1	37170000	1	0	TTAGGG
1	37180000	3	1	TTAGGG
1	37190000	3	2	TTAGGG
1	37200000	0	1	TTAGGG
1	37210000	2	1	TTAGGG
1	37220000	2	1	TTAGGG
1	37230000	1	0	TTAGGG
1	37240000	1	0	TTAGGG
1	37250000	1	3	TTAGGG
1	37260000	1	0	TTAGGG
1	37270000	3	2	TTAGGG
1	37280000	3	4	TTAGGG
1	37290000	0	3	TTAGGG
1	37300000	2	0	TTAGGG
1	37310000	4	3	TTAGGG
1	37320000	0	2	TTAGGG
1	37330000	0	2	TTAGGG
1	37340000	2	1	TTAGGG
1	37350000	0	1	TTAGGG
1	37360000	1	2	TTAGGG
1	37370000	0	2	TTAGGG
1	37380000	2	0	TTAGGG
1	37390000	1	4	TTAGGG
1	37400000	2	0	TTAGGG
1	37410000	3	1	TTAGGG
1	37420000	1	0	TTAGGG
1	37430000	0	1	TTAGGG
1	37440000	1	2	TTAGGG
1	37450000	1	0	TTAGGG
1	37460000	1	1	TTAGGG
1	37470000	0	4	TTAGGG
1	37480000	2	3	TTAGGG
1	37490000	2	0	TTAGGG
1	37500000	1	2	TTAGGG
1	37510000	1	2	TTAGGG
1	37520000	1	2	TTAGGG
1	37530000	2	0	TTAGGG
1	37540000	0	4	TTAGGG
1	37550000	2	1	TTAGGG
1	37560000	2	0	TTAGGG
1	37570000	4	0	TTAGGG
1	37580000	5	0	TTAGGG
1	37590000	3	1	TTAGGG
1	37600000	2	2	TTAGGG
1	37610000	0	1	TTAGGG
1	37620000	0	1	TTAGGG
1	37630000	0	1	TTAGGG
1	37640000	4	1	TTAGGG
1	37650000	0	2	TTAGGG
1	37660000	1	2	TTAGGG
1	37670000	1	2	TTAGGG
1	37680000	0	1	TTAGGG
1	37690000	1	0	TTAGGG
1	37700000	1	1	TTAGGG
1	37710000	3	1	TTAGGG
1	37720000	3	1	TTAGGG
1	37730000	0	1	TTAGGG
1	37740000	5	2	TTAGGG
1	37750000	2	1	TTAGGG
1	37760000	2	3	TTAGGG
1	37770000	1	1	TTAGGG
1	37780000	1	1	TTAGGG
1	37790000	0	1	TTAGGG
1	37800000	0	1	TTAGGG
1	37810000	1	2	TTAGGG
1	37820000	3	4	TTAGGG
1	37830000	2	0	TTAGGG
1	37840000	0	2	TTAGGG
1	37850000	1	1	TTAGGG
1	37860000	1	3	TTAGGG
1	37870000	1	4	TTAGGG
1	37880000	3	0	TTAGGG
1	37890000	2	3	TTAGGG
1	37900000	0	1	TTAGGG
1	37910000	0	1	TTAGGG
1	37920000	0	1	TTAGGG
1	37930000	1	1	TTAGGG
1	37940000	1	1	TTAGGG
1	37950000	3	0	TTAGGG
1	37960000	3	4	TTAGGG
1	37970000	0	1	TTAGGG
1	37980000	3	1	TTAGGG
1	37990000	2	2	TTAGGG
1	38000000	2	1	TTAGGG
1	38010000	0	5	TTAGGG
1	38020000	3	2	TTAGGG
1	38030000	0	1	TTAGGG
1	38040000	3	0	TTAGGG
1	38050000	3	1	TTAGGG
1	38060000	3	1	TTAGGG
1	38070000	2	3	TTAGGG
1	38080000	3	1	TTAGGG
1	38090000	0	4	TTAGGG
1	38100000	3	0	TTAGGG
1	38110000	3	1	TTAGGG
1	38120000	2	3	TTAGGG
1	38130000	1	0	TTAGGG
1	38140000	2	3	TTAGGG
1	38150000	3	0	TTAGGG
1	38160000	1	0	TTAGGG
1	38170000	2	0	TTAGGG
1	38180000	2	2	TTAGGG
1	38190000	1	3	TTAGGG
1	38200000	1	1	TTAGGG
1	38210000	3	2	TTAGGG
1	38220000	0	2	TTAGGG
1	38230000	0	3	TTAGGG
1	38240000	2	0	TTAGGG
1	38250000	2	1	TTAGGG
1	38260000	2	3	TTAGGG
1	38270000	1	2	TTAGGG
1	38280000	0	0	TTAGGG
1	38290000	0	0	TTAGGG
1	38300000	0	1	TTAGGG
1	38310000	2	3	TTAGGG
1	38320000	2	1	TTAGGG
1	38330000	1	0	TTAGGG
1	38340000	1	1	TTAGGG
1	38350000	2	4	TTAGGG
1	38360000	1	2	TTAGGG
1	38370000	0	0	TTAGGG
1	38380000	2	1	TTAGGG
1	38390000	1	4	TTAGGG
1	38400000	1	2	TTAGGG
1	38410000	2	1	TTAGGG
1	38420000	1	2	TTAGGG
1	38430000	1	0	TTAGGG
1	38440000	1	1	TTAGGG
1	38450000	1	2	TTAGGG
1	38460000	1	0	TTAGGG
1	38470000	4	0	TTAGGG
1	38480000	1	2	TTAGGG
1	38490000	2	1	TTAGGG
1	38500000	0	6	TTAGGG
1	38510000	1	3	TTAGGG
1	38520000	2	3	TTAGGG
1	38530000	0	1	TTAGGG
1	38540000	0	1	TTAGGG
1	38550000	0	2	TTAGGG
1	38560000	2	2	TTAGGG
1	38570000	0	4	TTAGGG
1	38580000	1	2	TTAGGG
1	38590000	0	3	TTAGGG
1	38600000	2	1	TTAGGG
1	38610000	6	1	TTAGGG
1	38620000	1	0	TTAGGG
1	38630000	3	4	TTAGGG
1	38640000	1	2	TTAGGG
1	38650000	1	3	TTAGGG
1	38660000	1	2	TTAGGG
1	38670000	0	3	TTAGGG
1	38680000	1	2	TTAGGG
1	38690000	2	0	TTAGGG
1	38700000	0	3	TTAGGG
1	38710000	1	2	TTAGGG
1	38720000	2	1	TTAGGG
1	38730000	0	0	TTAGGG
1	38740000	2	0	TTAGGG
1	38750000	0	0	TTAGGG
1	38760000	1	2	TTAGGG
1	38770000	0	2	TTAGGG
1	38780000	0	1	TTAGGG
1	38790000	3	5	TTAGGG
1	38800000	2	2	TTAGGG
1	38810000	1	0	TTAGGG
1	38820000	1	4	TTAGGG
1	38830000	2	4	TTAGGG
1	38840000	2	5	TTAGGG
1	38850000	1	1	TTAGGG
1	38860000	0	3	TTAGGG
1	38870000	1	3	TTAGGG
1	38880000	0	0	TTAGGG
1	38890000	1	1	TTAGGG
1	38900000	1	1	TTAGGG
1	38910000	2	1	TTAGGG
1	38920000	2	5	TTAGGG
1	38930000	1	3	TTAGGG
1	38940000	2	1	TTAGGG
1	38950000	3	1	TTAGGG
1	38960000	1	1	TTAGGG
1	38970000	1	2	TTAGGG
1	38980000	0	2	TTAGGG
1	38990000	2	2	TTAGGG
1	39000000	1	2	TTAGGG
1	39010000	3	1	TTAGGG
1	39020000	1	1	TTAGGG
1	39030000	3	0	TTAGGG
1	39040000	2	0	TTAGGG
1	39050000	0	4	TTAGGG
1	39060000	2	1	TTAGGG
1	39070000	2	0	TTAGGG
1	39080000	2	0	TTAGGG
1	39090000	1	2	TTAGGG
1	39100000	1	3	TTAGGG
1	39110000	1	0	TTAGGG
1	39120000	0	1	TTAGGG
1	39130000	3	1	TTAGGG
1	39140000	1	1	TTAGGG
1	39150000	0	2	TTAGGG
1	39160000	2	2	TTAGGG
1	39170000	3	0	TTAGGG
1	39180000	1	1	TTAGGG
1	39190000	2	0	TTAGGG
1	39200000	2	3	TTAGGG
1	39210000	1	5	TTAGGG
1	39220000	1	1	TTAGGG
1	39230000	2	3	TTAGGG
1	39240000	2	0	TTAGGG
1	39250000	2	3	TTAGGG
1	39260000	1	4	TTAGGG
1	39270000	1	1	TTAGGG
1	39280000	2	3	TTAGGG
1	39290000	1	3	TTAGGG
1	39300000	1	2	TTAGGG
1	39310000	1	2	TTAGGG
1	39320000	1	4	TTAGGG
1	39330000	3	2	TTAGGG
1	39340000	2	2	TTAGGG
1	39350000	2	0	TTAGGG
1	39360000	3	1	TTAGGG
1	39370000	1	0	TTAGGG
1	39380000	2	0	TTAGGG
1	39390000	0	0	TTAGGG
1	39400000	2	0	TTAGGG
1	39410000	0	2	TTAGGG
1	39420000	1	2	TTAGGG
1	39430000	0	4	TTAGGG
1	39440000	1	3	TTAGGG
1	39450000	1	3	TTAGGG
1	39460000	1	3	TTAGGG
1	39470000	1	3	TTAGGG
1	39480000	4	2	TTAGGG
1	39490000	3	1	TTAGGG
1	39500000	1	2	TTAGGG
1	39510000	2	1	TTAGGG
1	39520000	2	3	TTAGGG
1	39530000	0	0	TTAGGG
1	39540000	1	1	TTAGGG
1	39550000	0	1	TTAGGG
1	39560000	3	4	TTAGGG
1	39570000	2	1	TTAGGG
1	39580000	3	1	TTAGGG
1	39590000	3	5	TTAGGG
1	39600000	4	2	TTAGGG
1	39610000	2	0	TTAGGG
1	39620000	2	2	TTAGGG
1	39630000	0	1	TTAGGG
1	39640000	0	2	TTAGGG
1	39650000	1	1	TTAGGG
1	39660000	0	1	TTAGGG
1	39670000	0	1	TTAGGG
1	39680000	1	1	TTAGGG
1	39690000	0	0	TTAGGG
1	39700000	1	2	TTAGGG
1	39710000	1	3	TTAGGG
1	39720000	0	2	TTAGGG
1	39730000	0	3	TTAGGG
1	39740000	2	2	TTAGGG
1	39750000	2	2	TTAGGG
1	39760000	1	1	TTAGGG
1	39770000	2	1	TTAGGG
1	39780000	4	1	TTAGGG
1	39790000	2	4	TTAGGG
1	39800000	1	0	TTAGGG
1	39810000	2	1	TTAGGG
1	39820000	1	2	TTAGGG
1	39830000	0	2	TTAGGG
1	39840000	2	2	TTAGGG
1	39850000	2	1	TTAGGG
1	39860000	3	1	TTAGGG
1	39870000	1	2	TTAGGG
1	39880000	1	3	TTAGGG
1	39890000	3	0	TTAGGG
1	39900000	3	2	TTAGGG
1	39910000	1	2	TTAGGG
1	39920000	1	1	TTAGGG
1	39930000	2	3	TTAGGG
1	39940000	2	1	TTAGGG
1	39950000	0	0	TTAGGG
1	39960000	1	0	TTAGGG
1	39970000	1	2	TTAGGG
1	39980000	0	1	TTAGGG
1	39990000	2	0	TTAGGG
1	40000000	1	1	TTAGGG
1	40010000	0	0	TTAGGG
1	40020000	0	0	TTAGGG
1	40030000	0	2	TTAGGG
1	40040000	1	2	TTAGGG
1	40050000	1	0	TTAGGG
1	40060000	3	2	TTAGGG
1	40070000	4	2	TTAGGG
1	40080000	0	1	TTAGGG
1	40090000	1	2	TTAGGG
1	40100000	1	0	TTAGGG
1	40110000	0	0	TTAGGG
1	40120000	0	0	TTAGGG
1	40130000	1	2	TTAGGG
1	40140000	0	1	TTAGGG
1	40150000	0	0	TTAGGG
1	40160000	0	1	TTAGGG
1	40170000	1	2	TTAGGG
1	40180000	0	0	TTAGGG
1	40190000	0	0	TTAGGG
1	40200000	0	0	TTAGGG
1	40210000	0	0	TTAGGG
1	40220000	0	1	TTAGGG
1	40230000	1	1	TTAGGG
1	40240000	0	1	TTAGGG
1	40250000	1	1	TTAGGG
1	40260000	2	0	TTAGGG
1	40270000	0	0	TTAGGG
1	40280000	1	1	TTAGGG
1	40290000	1	3	TTAGGG
1	40300000	1	0	TTAGGG
1	40310000	1	0	TTAGGG
1	40320000	1	1	TTAGGG
1	40330000	3	1	TTAGGG
1	40340000	2	0	TTAGGG
1	40350000	1	0	TTAGGG
1	40360000	1	1	TTAGGG
1	40370000	1	2	TTAGGG
1	40380000	2	0	TTAGGG
1	40390000	0	1	TTAGGG
1	40400000	3	1	TTAGGG
1	40410000	1	0	TTAGGG
1	40420000	1	0	TTAGGG
1	40430000	0	0	TTAGGG
1	40440000	0	0	TTAGGG
1	40450000	0	0	TTAGGG
1	40460000	0	0	TTAGGG
1	40470000	4	1	TTAGGG
1	40480000	0	1	TTAGGG
1	40490000	2	0	TTAGGG
1	40500000	1	1	TTAGGG
1	40510000	0	1	TTAGGG
1	40520000	2	0	TTAGGG
1	40530000	0	4	TTAGGG
1	40540000	1	1	TTAGGG
1	40550000	2	0	TTAGGG
1	40560000	0	0	TTAGGG
1	40570000	0	1	TTAGGG
1	40580000	1	3	TTAGGG
1	40590000	1	0	TTAGGG
1	40600000	4	3	TTAGGG
1	40610000	0	2	TTAGGG
1	40620000	2	3	TTAGGG
1	40630000	2	2	TTAGGG
1	40640000	0	1	TTAGGG
1	40650000	1	2	TTAGGG
1	40660000	0	1	TTAGGG
1	40670000	2	3	TTAGGG
1	40680000	0	0	TTAGGG
1	40690000	0	1	TTAGGG
1	40700000	1	1	TTAGGG
1	40710000	3	2	TTAGGG
1	40720000	2	2	TTAGGG
1	40730000	0	0	TTAGGG
1	40740000	2	1	TTAGGG
1	40750000	1	3	TTAGGG
1	40760000	0	3	TTAGGG
1	40770000	3	6	TTAGGG
1	40780000	1	3	TTAGGG
1	40790000	1	2	TTAGGG
1	40800000	3	0	TTAGGG
1	40810000	2	1	TTAGGG
1	40820000	2	1	TTAGGG
1	40830000	1	0	TTAGGG
1	40840000	2	2	TTAGGG
1	40850000	4	1	TTAGGG
1	40860000	2	3	TTAGGG
1	40870000	0	2	TTAGGG
1	40880000	0	2	TTAGGG
1	40890000	3	1	TTAGGG
1	40900000	4	4	TTAGGG
1	40910000	0	3	TTAGGG
1	40920000	3	1	TTAGGG
1	40930000	1	3	TTAGGG
1	40940000	0	4	TTAGGG
1	40950000	0	2	TTAGGG
1	40960000	1	2	TTAGGG
1	40970000	1	2	TTAGGG
1	40980000	3	3	TTAGGG
1	40990000	0	3	TTAGGG
1	41000000	1	1	TTAGGG
1	41010000	0	1	TTAGGG
1	41020000	3	1	TTAGGG
1	41030000	2	2	TTAGGG
1	41040000	2	2	TTAGGG
1	41050000	3	2	TTAGGG
1	41060000	2	2	TTAGGG
1	41070000	2	0	TTAGGG
1	41080000	1	0	TTAGGG
1	41090000	0	2	TTAGGG
1	41100000	2	2	TTAGGG
1	41110000	1	3	TTAGGG
1	41120000	1	3	TTAGGG
1	41130000	1	1	TTAGGG
1	41140000	3	1	TTAGGG
1	41150000	2	1	TTAGGG
1	41160000	1	3	TTAGGG
1	41170000	1	0	TTAGGG
1	41180000	1	2	TTAGGG
1	41190000	3	1	TTAGGG
1	41200000	0	2	TTAGGG
1	41210000	0	2	TTAGGG
1	41220000	1	1	TTAGGG
1	41230000	0	2	TTAGGG
1	41240000	1	0	TTAGGG
1	41250000	4	1	TTAGGG
1	41260000	3	5	TTAGGG
1	41270000	4	1	TTAGGG
1	41280000	2	2	TTAGGG
1	41290000	1	2	TTAGGG
1	41300000	0	1	TTAGGG
1	41310000	2	3	TTAGGG
1	41320000	5	1	TTAGGG
1	41330000	0	1	TTAGGG
1	41340000	2	1	TTAGGG
1	41350000	1	4	TTAGGG
1	41360000	1	3	TTAGGG
1	41370000	1	1	TTAGGG
1	41380000	5	2	TTAGGG
1	41390000	5	4	TTAGGG
1	41400000	4	0	TTAGGG
1	41410000	2	3	TTAGGG
1	41420000	0	1	TTAGGG
1	41430000	0	3	TTAGGG
1	41440000	4	2	TTAGGG
1	41450000	1	2	TTAGGG
1	41460000	1	4	TTAGGG
1	41470000	3	4	TTAGGG
1	41480000	1	1	TTAGGG
1	41490000	0	2	TTAGGG
1	41500000	0	2	TTAGGG
1	41510000	0	0	TTAGGG
1	41520000	1	1	TTAGGG
1	41530000	1	2	TTAGGG
1	41540000	3	1	TTAGGG
1	41550000	3	1	TTAGGG
1	41560000	1	2	TTAGGG
1	41570000	3	0	TTAGGG
1	41580000	3	3	TTAGGG
1	41590000	1	1	TTAGGG
1	41600000	0	5	TTAGGG
1	41610000	2	2	TTAGGG
1	41620000	1	0	TTAGGG
1	41630000	3	0	TTAGGG
1	41640000	1	2	TTAGGG
1	41650000	1	1	TTAGGG
1	41660000	2	1	TTAGGG
1	41670000	2	1	TTAGGG
1	41680000	0	1	TTAGGG
1	41690000	1	2	TTAGGG
1	41700000	2	2	TTAGGG
1	41710000	2	1	TTAGGG
1	41720000	0	0	TTAGGG
1	41730000	1	0	TTAGGG
1	41740000	1	1	TTAGGG
1	41750000	1	2	TTAGGG
1	41760000	1	0	TTAGGG
1	41770000	1	3	TTAGGG
1	41780000	1	1	TTAGGG
1	41790000	3	1	TTAGGG
1	41800000	2	0	TTAGGG
1	41810000	2	0	TTAGGG
1	41820000	0	1	TTAGGG
1	41830000	1	0	TTAGGG
1	41840000	2	0	TTAGGG
1	41850000	1	0	TTAGGG
1	41860000	0	0	TTAGGG
1	41870000	2	3	TTAGGG
1	41880000	1	2	TTAGGG
1	41890000	0	0	TTAGGG
1	41900000	3	3	TTAGGG
1	41910000	0	1	TTAGGG
1	41920000	0	1	TTAGGG
1	41930000	2	1	TTAGGG
1	41940000	4	2	TTAGGG
1	41950000	2	2	TTAGGG
1	41960000	0	1	TTAGGG
1	41970000	1	0	TTAGGG
1	41980000	2	1	TTAGGG
1	41990000	0	3	TTAGGG
1	42000000	0	2	TTAGGG
1	42010000	0	1	TTAGGG
1	42020000	2	0	TTAGGG
1	42030000	2	1	TTAGGG
1	42040000	3	1	TTAGGG
1	42050000	2	1	TTAGGG
1	42060000	1	2	TTAGGG
1	42070000	2	2	TTAGGG
1	42080000	1	1	TTAGGG
1	42090000	0	2	TTAGGG
1	42100000	0	3	TTAGGG
1	42110000	1	3	TTAGGG
1	42120000	2	2	TTAGGG
1	42130000	0	0	TTAGGG
1	42140000	0	3	TTAGGG
1	42150000	1	3	TTAGGG
1	42160000	0	2	TTAGGG
1	42170000	2	1	TTAGGG
1	42180000	1	1	TTAGGG
1	42190000	3	0	TTAGGG
1	42200000	0	2	TTAGGG
1	42210000	0	0	TTAGGG
1	42220000	2	5	TTAGGG
1	42230000	1	0	TTAGGG
1	42240000	1	2	TTAGGG
1	42250000	2	3	TTAGGG
1	42260000	0	1	TTAGGG
1	42270000	3	0	TTAGGG
1	42280000	0	2	TTAGGG
1	42290000	1	2	TTAGGG
1	42300000	1	5	TTAGGG
1	42310000	2	2	TTAGGG
1	42320000	4	1	TTAGGG
1	42330000	0	0	TTAGGG
1	42340000	3	1	TTAGGG
1	42350000	0	2	TTAGGG
1	42360000	1	2	TTAGGG
1	42370000	1	0	TTAGGG
1	42380000	2	3	TTAGGG
1	42390000	0	2	TTAGGG
1	42400000	3	2	TTAGGG
1	42410000	1	1	TTAGGG
1	42420000	3	0	TTAGGG
1	42430000	0	1	TTAGGG
1	42440000	2	1	TTAGGG
1	42450000	1	0	TTAGGG
1	42460000	1	2	TTAGGG
1	42470000	1	0	TTAGGG
1	42480000	1	0	TTAGGG
1	42490000	1	0	TTAGGG
1	42500000	1	2	TTAGGG
1	42510000	1	2	TTAGGG
1	42520000	1	1	TTAGGG
1	42530000	2	1	TTAGGG
1	42540000	0	0	TTAGGG
1	42550000	1	2	TTAGGG
1	42560000	1	0	TTAGGG
1	42570000	1	0	TTAGGG
1	42580000	1	0	TTAGGG
1	42590000	1	1	TTAGGG
1	42600000	0	1	TTAGGG
1	42610000	0	2	TTAGGG
1	42620000	0	1	TTAGGG
1	42630000	0	1	TTAGGG
1	42640000	0	0	TTAGGG
1	42650000	1	0	TTAGGG
1	42660000	1	3	TTAGGG
1	42670000	3	1	TTAGGG
1	42680000	0	0	TTAGGG
1	42690000	2	2	TTAGGG
1	42700000	2	0	TTAGGG
1	42710000	0	0	TTAGGG
1	42720000	0	2	TTAGGG
1	42730000	0	0	TTAGGG
1	42740000	1	0	TTAGGG
1	42750000	1	1	TTAGGG
1	42760000	2	1	TTAGGG
1	42770000	2	1	TTAGGG
1	42780000	1	1	TTAGGG
1	42790000	1	1	TTAGGG
1	42800000	0	1	TTAGGG
1	42810000	0	1	TTAGGG
1	42820000	2	1	TTAGGG
1	42830000	5	3	TTAGGG
1	42840000	2	0	TTAGGG
1	42850000	2	3	TTAGGG
1	42860000	1	0	TTAGGG
1	42870000	1	0	TTAGGG
1	42880000	0	4	TTAGGG
1	42890000	0	2	TTAGGG
1	42900000	0	3	TTAGGG
1	42910000	3	1	TTAGGG
1	42920000	2	4	TTAGGG
1	42930000	2	0	TTAGGG
1	42940000	2	3	TTAGGG
1	42950000	2	3	TTAGGG
1	42960000	2	1	TTAGGG
1	42970000	2	3	TTAGGG
1	42980000	2	2	TTAGGG
1	42990000	0	4	TTAGGG
1	43000000	0	2	TTAGGG
1	43010000	5	1	TTAGGG
1	43020000	3	2	TTAGGG
1	43030000	1	2	TTAGGG
1	43040000	1	1	TTAGGG
1	43050000	4	1	TTAGGG
1	43060000	2	4	TTAGGG
1	43070000	3	4	TTAGGG
1	43080000	4	1	TTAGGG
1	43090000	1	1	TTAGGG
1	43100000	3	2	TTAGGG
1	43110000	1	1	TTAGGG
1	43120000	1	0	TTAGGG
1	43130000	1	1	TTAGGG
1	43140000	1	2	TTAGGG
1	43150000	1	1	TTAGGG
1	43160000	2	3	TTAGGG
1	43170000	0	0	TTAGGG
1	43180000	3	1	TTAGGG
1	43190000	3	2	TTAGGG
1	43200000	2	2	TTAGGG
1	43210000	3	5	TTAGGG
1	43220000	5	3	TTAGGG
1	43230000	1	4	TTAGGG
1	43240000	2	1	TTAGGG
1	43250000	3	0	TTAGGG
1	43260000	1	0	TTAGGG
1	43270000	2	1	TTAGGG
1	43280000	2	2	TTAGGG
1	43290000	2	0	TTAGGG
1	43300000	1	1	TTAGGG
1	43310000	2	2	TTAGGG
1	43320000	4	1	TTAGGG
1	43330000	0	2	TTAGGG
1	43340000	2	1	TTAGGG
1	43350000	1	0	TTAGGG
1	43360000	3	0	TTAGGG
1	43370000	2	1	TTAGGG
1	43380000	2	0	TTAGGG
1	43390000	2	2	TTAGGG
1	43400000	1	1	TTAGGG
1	43410000	2	2	TTAGGG
1	43420000	1	0	TTAGGG
1	43430000	1	0	TTAGGG
1	43440000	1	3	TTAGGG
1	43450000	4	0	TTAGGG
1	43460000	0	4	TTAGGG
1	43470000	1	2	TTAGGG
1	43480000	0	3	TTAGGG
1	43490000	3	4	TTAGGG
1	43500000	0	2	TTAGGG
1	43510000	1	3	TTAGGG
1	43520000	2	0	TTAGGG
1	43530000	1	1	TTAGGG
1	43540000	2	0	TTAGGG
1	43550000	2	0	TTAGGG
1	43560000	0	1	TTAGGG
1	43570000	4	2	TTAGGG
1	43580000	0	0	TTAGGG
1	43590000	1	0	TTAGGG
1	43600000	1	1	TTAGGG
1	43610000	2	2	TTAGGG
1	43620000	1	1	TTAGGG
1	43630000	0	4	TTAGGG
1	43640000	0	1	TTAGGG
1	43650000	1	1	TTAGGG
1	43660000	1	0	TTAGGG
1	43670000	2	1	TTAGGG
1	43680000	1	1	TTAGGG
1	43690000	1	0	TTAGGG
1	43700000	2	2	TTAGGG
1	43710000	2	2	TTAGGG
1	43720000	4	2	TTAGGG
1	43730000	1	1	TTAGGG
1	43740000	1	3	TTAGGG
1	43750000	1	5	TTAGGG
1	43760000	0	2	TTAGGG
1	43770000	0	3	TTAGGG
1	43780000	2	3	TTAGGG
1	43790000	2	2	TTAGGG
1	43800000	1	0	TTAGGG
1	43810000	0	1	TTAGGG
1	43820000	3	0	TTAGGG
1	43830000	2	2	TTAGGG
1	43840000	0	1	TTAGGG
1	43850000	0	2	TTAGGG
1	43860000	1	0	TTAGGG
1	43870000	1	1	TTAGGG
1	43880000	0	1	TTAGGG
1	43890000	1	4	TTAGGG
1	43900000	0	0	TTAGGG
1	43910000	1	0	TTAGGG
1	43920000	1	2	TTAGGG
1	43930000	2	2	TTAGGG
1	43940000	3	3	TTAGGG
1	43950000	3	2	TTAGGG
1	43960000	2	1	TTAGGG
1	43970000	2	3	TTAGGG
1	43980000	1	1	TTAGGG
1	43990000	0	1	TTAGGG
1	44000000	1	1	TTAGGG
1	44010000	2	1	TTAGGG
1	44020000	1	0	TTAGGG
1	44030000	2	2	TTAGGG
1	44040000	2	3	TTAGGG
1	44050000	2	2	TTAGGG
1	44060000	1	1	TTAGGG
1	44070000	0	1	TTAGGG
1	44080000	2	2	TTAGGG
1	44090000	3	2	TTAGGG
1	44100000	1	3	TTAGGG
1	44110000	4	2	TTAGGG
1	44120000	3	3	TTAGGG
1	44130000	1	1	TTAGGG
1	44140000	1	0	TTAGGG
1	44150000	3	6	TTAGGG
1	44160000	0	1	TTAGGG
1	44170000	1	2	TTAGGG
1	44180000	1	1	TTAGGG
1	44190000	2	1	TTAGGG
1	44200000	2	1	TTAGGG
1	44210000	2	1	TTAGGG
1	44220000	1	1	TTAGGG
1	44230000	1	1	TTAGGG
1	44240000	1	0	TTAGGG
1	44250000	0	2	TTAGGG
1	44260000	4	0	TTAGGG
1	44270000	3	3	TTAGGG
1	44280000	1	2	TTAGGG
1	44290000	1	2	TTAGGG
1	44300000	2	3	TTAGGG
1	44310000	1	3	TTAGGG
1	44320000	2	0	TTAGGG
1	44330000	1	0	TTAGGG
1	44340000	0	1	TTAGGG
1	44350000	1	3	TTAGGG
1	44360000	0	2	TTAGGG
1	44370000	2	2	TTAGGG
1	44380000	1	0	TTAGGG
1	44390000	3	2	TTAGGG
1	44400000	2	3	TTAGGG
1	44410000	2	1	TTAGGG
1	44420000	2	2	TTAGGG
1	44430000	3	3	TTAGGG
1	44440000	1	2	TTAGGG
1	44450000	3	3	TTAGGG
1	44460000	1	3	TTAGGG
1	44470000	3	2	TTAGGG
1	44480000	1	2	TTAGGG
1	44490000	5	5	TTAGGG
1	44500000	2	1	TTAGGG
1	44510000	2	0	TTAGGG
1	44520000	1	2	TTAGGG
1	44530000	2	2	TTAGGG
1	44540000	1	1	TTAGGG
1	44550000	2	2	TTAGGG
1	44560000	2	2	TTAGGG
1	44570000	0	0	TTAGGG
1	44580000	2	3	TTAGGG
1	44590000	1	2	TTAGGG
1	44600000	0	2	TTAGGG
1	44610000	4	1	TTAGGG
1	44620000	4	3	TTAGGG
1	44630000	2	2	TTAGGG
1	44640000	1	2	TTAGGG
1	44650000	8	3	TTAGGG
1	44660000	0	1	TTAGGG
1	44670000	2	0	TTAGGG
1	44680000	2	2	TTAGGG
1	44690000	2	3	TTAGGG
1	44700000	0	3	TTAGGG
1	44710000	1	1	TTAGGG
1	44720000	0	1	TTAGGG
1	44730000	1	0	TTAGGG
1	44740000	2	1	TTAGGG
1	44750000	2	0	TTAGGG
1	44760000	1	2	TTAGGG
1	44770000	0	4	TTAGGG
1	44780000	1	1	TTAGGG
1	44790000	4	0	TTAGGG
1	44800000	1	1	TTAGGG
1	44810000	2	1	TTAGGG
1	44820000	1	1	TTAGGG
1	44830000	1	1	TTAGGG
1	44840000	2	1	TTAGGG
1	44850000	3	1	TTAGGG
1	44860000	2	0	TTAGGG
1	44870000	2	2	TTAGGG
1	44880000	1	1	TTAGGG
1	44890000	2	2	TTAGGG
1	44900000	4	3	TTAGGG
1	44910000	1	3	TTAGGG
1	44920000	1	0	TTAGGG
1	44930000	1	2	TTAGGG
1	44940000	1	1	TTAGGG
1	44950000	2	1	TTAGGG
1	44960000	2	2	TTAGGG
1	44970000	1	3	TTAGGG
1	44980000	0	1	TTAGGG
1	44990000	4	1	TTAGGG
1	45000000	2	1	TTAGGG
1	45010000	1	0	TTAGGG
1	45020000	1	1	TTAGGG
1	45030000	0	1	TTAGGG
1	45040000	3	1	TTAGGG
1	45050000	3	1	TTAGGG
1	45060000	2	1	TTAGGG
1	45070000	4	3	TTAGGG
1	45080000	1	3	TTAGGG
1	45090000	2	0	TTAGGG
1	45100000	3	1	TTAGGG
1	45110000	2	1	TTAGGG
1	45120000	0	3	TTAGGG
1	45130000	2	0	TTAGGG
1	45140000	0	1	TTAGGG
1	45150000	1	2	TTAGGG
1	45160000	1	1	TTAGGG
1	45170000	0	1	TTAGGG
1	45180000	0	3	TTAGGG
1	45190000	1	1	TTAGGG
1	45200000	2	1	TTAGGG
1	45210000	4	1	TTAGGG
1	45220000	1	1	TTAGGG
1	45230000	0	1	TTAGGG
1	45240000	1	1	TTAGGG
1	45250000	0	3	TTAGGG
1	45260000	1	3	TTAGGG
1	45270000	4	0	TTAGGG
1	45280000	3	3	TTAGGG
1	45290000	4	3	TTAGGG
1	45300000	2	0	TTAGGG
1	45310000	2	0	TTAGGG
1	45320000	0	2	TTAGGG
1	45330000	0	3	TTAGGG
1	45340000	0	0	TTAGGG
1	45350000	3	1	TTAGGG
1	45360000	0	4	TTAGGG
1	45370000	3	2	TTAGGG
1	45380000	0	1	TTAGGG
1	45390000	1	3	TTAGGG
1	45400000	0	2	TTAGGG
1	45410000	1	2	TTAGGG
1	45420000	1	0	TTAGGG
1	45430000	1	0	TTAGGG
1	45440000	2	2	TTAGGG
1	45450000	3	0	TTAGGG
1	45460000	0	0	TTAGGG
1	45470000	1	3	TTAGGG
1	45480000	1	2	TTAGGG
1	45490000	3	3	TTAGGG
1	45500000	1	2	TTAGGG
1	45510000	1	2	TTAGGG
1	45520000	5	2	TTAGGG
1	45530000	1	2	TTAGGG
1	45540000	1	1	TTAGGG
1	45550000	0	1	TTAGGG
1	45560000	1	0	TTAGGG
1	45570000	3	0	TTAGGG
1	45580000	2	1	TTAGGG
1	45590000	2	1	TTAGGG
1	45600000	1	1	TTAGGG
1	45610000	3	2	TTAGGG
1	45620000	4	3	TTAGGG
1	45630000	1	1	TTAGGG
1	45640000	2	1	TTAGGG
1	45650000	2	2	TTAGGG
1	45660000	2	2	TTAGGG
1	45670000	2	3	TTAGGG
1	45680000	1	2	TTAGGG
1	45690000	2	4	TTAGGG
1	45700000	2	1	TTAGGG
1	45710000	0	1	TTAGGG
1	45720000	3	0	TTAGGG
1	45730000	2	2	TTAGGG
1	45740000	3	2	TTAGGG
1	45750000	1	2	TTAGGG
1	45760000	2	3	TTAGGG
1	45770000	1	0	TTAGGG
1	45780000	1	1	TTAGGG
1	45790000	0	1	TTAGGG
1	45800000	1	0	TTAGGG
1	45810000	2	0	TTAGGG
1	45820000	1	2	TTAGGG
1	45830000	4	3	TTAGGG
1	45840000	2	0	TTAGGG
1	45850000	3	0	TTAGGG
1	45860000	0	3	TTAGGG
1	45870000	4	0	TTAGGG
1	45880000	1	1	TTAGGG
1	45890000	1	2	TTAGGG
1	45900000	2	1	TTAGGG
1	45910000	1	0	TTAGGG
1	45920000	2	0	TTAGGG
1	45930000	2	3	TTAGGG
1	45940000	0	3	TTAGGG
1	45950000	1	0	TTAGGG
1	45960000	1	1	TTAGGG
1	45970000	1	1	TTAGGG
1	45980000	2	0	TTAGGG
1	45990000	5	2	TTAGGG
1	46000000	2	1	TTAGGG
1	46010000	1	1	TTAGGG
1	46020000	1	3	TTAGGG
1	46030000	3	0	TTAGGG
1	46040000	2	3	TTAGGG
1	46050000	2	1	TTAGGG
1	46060000	1	1	TTAGGG
1	46070000	4	3	TTAGGG
1	46080000	0	3	TTAGGG
1	46090000	3	2	TTAGGG
1	46100000	3	1	TTAGGG
1	46110000	1	1	TTAGGG
1	46120000	2	1	TTAGGG
1	46130000	2	1	TTAGGG
1	46140000	2	1	TTAGGG
1	46150000	0	1	TTAGGG
1	46160000	1	1	TTAGGG
1	46170000	1	0	TTAGGG
1	46180000	2	0	TTAGGG
1	46190000	0	1	TTAGGG
1	46200000	1	0	TTAGGG
1	46210000	3	2	TTAGGG
1	46220000	1	0	TTAGGG
1	46230000	0	2	TTAGGG
1	46240000	2	1	TTAGGG
1	46250000	0	1	TTAGGG
1	46260000	1	1	TTAGGG
1	46270000	0	5	TTAGGG
1	46280000	1	1	TTAGGG
1	46290000	3	3	TTAGGG
1	46300000	1	3	TTAGGG
1	46310000	1	2	TTAGGG
1	46320000	2	2	TTAGGG
1	46330000	5	2	TTAGGG
1	46340000	0	1	TTAGGG
1	46350000	1	2	TTAGGG
1	46360000	1	2	TTAGGG
1	46370000	3	3	TTAGGG
1	46380000	2	0	TTAGGG
1	46390000	2	1	TTAGGG
1	46400000	12	1	TTAGGG
1	46405733	949	0	TTAGGG
2	10000	0	0	TTAGGG
2	20000	0	0	TTAGGG
2	30000	0	0	TTAGGG
2	40000	0	0	TTAGGG
2	50000	0	0	TTAGGG
2	60000	0	0	TTAGGG
2	70000	0	0	TTAGGG
2	80000	0	0	TTAGGG
2	90000	0	0	TTAGGG
2	100000	0	0	TTAGGG
2	110000	0	0	TTAGGG
2	120000	0	0	TTAGGG
2	130000	0	0	TTAGGG
2	140000	0	0	TTAGGG
2	150000	0	0	TTAGGG
2	160000	0	0	TTAGGG
2	170000	0	0	TTAGGG
2	180000	0	0	TTAGGG
2	190000	0	0	TTAGGG
2	200000	0	0	TTAGGG
2	210000	0	0	TTAGGG
2	220000	0	0	TTAGGG
2	230000	0	0	TTAGGG
2	240000	0	0	TTAGGG
2	250000	0	0	TTAGGG
2	260000	0	0	TTAGGG
2	270000	0	0	TTAGGG
2	280000	1	0	TTAGGG
2	290000	0	0	TTAGGG
2	300000	1	1	TTAGGG
2	310000	0	1	TTAGGG
2	320000	0	1	TTAGGG
2	330000	2	0	TTAGGG
2	340000	1	1	TTAGGG
2	350000	1	1	TTAGGG
2	360000	2	3	TTAGGG
2	370000	3	1	TTAGGG
2	380000	0	0	TTAGGG
2	390000	1	0	TTAGGG
2	400000	1	2	TTAGGG
2	410000	0	2	TTAGGG
2	420000	2	1	TTAGGG
2	430000	1	1	TTAGGG
2	440000	2	2	TTAGGG
2	450000	0	0	TTAGGG
2	460000	1	0	TTAGGG
2	470000	2	2	TTAGGG
2	480000	0	2	TTAGGG
2	490000	1	2	TTAGGG
2	500000	0	0	TTAGGG
2	510000	2	2	TTAGGG
2	520000	2	2	TTAGGG
2	530000	0	0	TTAGGG
2	540000	3	2	TTAGGG
2	550000	3	1	TTAGGG
2	560000	1	0	TTAGGG
2	570000	2	3	TTAGGG
2	580000	3	0	TTAGGG
2	590000	1	2	TTAGGG
2	600000	4	3	TTAGGG
2	610000	3	3	TTAGGG
2	620000	1	0	TTAGGG
2	630000	0	3	TTAGGG
2	640000	3	0	TTAGGG
2	650000	0	1	TTAGGG
2	660000	1	1	TTAGGG
2	670000	3	0	TTAGGG
2	680000	1	0	TTAGGG
2	690000	3	1	TTAGGG
2	700000	1	2	TTAGGG
2	710000	2	2	TTAGGG
2	720000	1	3	TTAGGG
2	730000	1	1	TTAGGG
2	740000	1	3	TTAGGG
2	750000	1	1	TTAGGG
2	760000	2	3	TTAGGG
2	770000	3	5	TTAGGG
2	780000	2	3	TTAGGG
2	790000	1	0	TTAGGG
2	800000	2	0	TTAGGG
2	810000	3	2	TTAGGG
2	820000	2	1	TTAGGG
2	830000	1	3	TTAGGG
2	840000	1	3	TTAGGG
2	850000	2	1	TTAGGG
2	860000	2	1	TTAGGG
2	870000	1	2	TTAGGG
2	880000	3	1	TTAGGG
2	890000	1	1	TTAGGG
2	900000	2	1	TTAGGG
2	910000	0	0	TTAGGG
2	920000	2	1	TTAGGG
2	930000	2	2	TTAGGG
2	940000	3	2	TTAGGG
2	950000	1	1	TTAGGG
2	960000	4	1	TTAGGG
2	970000	1	0	TTAGGG
2	980000	1	1	TTAGGG
2	990000	0	2	TTAGGG
2	1000000	1	1	TTAGGG
2	1010000	0	2	TTAGGG
2	1020000	5	3	TTAGGG
2	1030000	0	7	TTAGGG
2	1040000	0	1	TTAGGG
2	1050000	2	1	TTAGGG
2	1060000	0	0	TTAGGG
2	1070000	0	1	TTAGGG
2	1080000	0	0	TTAGGG
2	1090000	1	3	TTAGGG
2	1100000	0	1	TTAGGG
2	1110000	1	2	TTAGGG
2	1120000	2	0	TTAGGG
2	1130000	1	3	TTAGGG
2	1140000	2	1	TTAGGG
2	1150000	4	3	TTAGGG
2	1160000	1	2	TTAGGG
2	1170000	0	1	TTAGGG
2	1180000	2	0	TTAGGG
2	1190000	1	2	TTAGGG
2	1200000	2	1	TTAGGG
2	1210000	1	1	TTAGGG
2	1220000	3	2	TTAGGG
2	1230000	1	1	TTAGGG
2	1240000	1	2	TTAGGG
2	1250000	2	1	TTAGGG
2	1260000	0	0	TTAGGG
2	1270000	1	1	TTAGGG
2	1280000	1	0	TTAGGG
2	1290000	1	4	TTAGGG
2	1300000	0	1	TTAGGG
2	1310000	3	2	TTAGGG
2	1320000	5	0	TTAGGG
2	1330000	3	2	TTAGGG
2	1340000	2	0	TTAGGG
2	1350000	3	3	TTAGGG
2	1360000	6	0	TTAGGG
2	1370000	0	1	TTAGGG
2	1380000	4	1	TTAGGG
2	1390000	1	0	TTAGGG
2	1400000	0	0	TTAGGG
2	1410000	3	1	TTAGGG
2	1420000	0	2	TTAGGG
2	1430000	2	2	TTAGGG
2	1440000	1	0	TTAGGG
2	1450000	2	1	TTAGGG
2	1460000	1	2	TTAGGG
2	1470000	2	2	TTAGGG
2	1480000	0	0	TTAGGG
2	1490000	0	2	TTAGGG
2	1500000	2	2	TTAGGG
2	1510000	2	1	TTAGGG
2	1520000	0	1	TTAGGG
2	1530000	2	1	TTAGGG
2	1540000	0	0	TTAGGG
2	1550000	4	1	TTAGGG
2	1560000	0	1	TTAGGG
2	1570000	1	2	TTAGGG
2	1580000	2	0	TTAGGG
2	1590000	1	3	TTAGGG
2	1600000	0	2	TTAGGG
2	1610000	2	5	TTAGGG
2	1620000	1	0	TTAGGG
2	1630000	1	3	TTAGGG
2	1640000	2	3	TTAGGG
2	1650000	2	2	TTAGGG
2	1660000	1	2	TTAGGG
2	1670000	3	1	TTAGGG
2	1680000	2	2	TTAGGG
2	1690000	1	1	TTAGGG
2	1700000	0	0	TTAGGG
2	1710000	5	2	TTAGGG
2	1720000	4	3	TTAGGG
2	1730000	6	2	TTAGGG
2	1740000	0	3	TTAGGG
2	1750000	2	4	TTAGGG
2	1760000	3	1	TTAGGG
2	1770000	0	0	TTAGGG
2	1780000	1	2	TTAGGG
2	1790000	0	4	TTAGGG
2	1800000	2	1	TTAGGG
2	1810000	1	0	TTAGGG
2	1820000	1	1	TTAGGG
2	1830000	0	1	TTAGGG
2	1840000	2	2	TTAGGG
2	1850000	3	1	TTAGGG
2	1860000	2	3	TTAGGG
2	1870000	0	2	TTAGGG
2	1880000	2	0	TTAGGG
2	1890000	1	1	TTAGGG
2	1900000	3	4	TTAGGG
2	1910000	0	0	TTAGGG
2	1920000	2	2	TTAGGG
2	1930000	0	3	TTAGGG
2	1940000	1	1	TTAGGG
2	1950000	1	0	TTAGGG
2	1960000	3	3	TTAGGG
2	1970000	0	2	TTAGGG
2	1980000	1	1	TTAGGG
2	1990000	2	2	TTAGGG
2	2000000	3	2	TTAGGG
2	2010000	0	2	TTAGGG
2	2020000	0	3	TTAGGG
2	2030000	3	5	TTAGGG
2	2040000	2	0	TTAGGG
2	2050000	1	3	TTAGGG
2	2060000	0	0	TTAGGG
2	2070000	2	0	TTAGGG
2	2080000	1	2	TTAGGG
2	2090000	2	2	TTAGGG
2	2100000	2	3	TTAGGG
2	2110000	1	3	TTAGGG
2	2120000	4	2	TTAGGG
2	2130000	0	0	TTAGGG
2	2140000	1	0	TTAGGG
2	2150000	1	1	TTAGGG
2	2160000	4	1	TTAGGG
2	2170000	3	0	TTAGGG
2	2180000	4	1	TTAGGG
2	2190000	0	0	TTAGGG
2	2200000	2	0	TTAGGG
2	2210000	2	1	TTAGGG
2	2220000	0	1	TTAGGG
2	2230000	1	1	TTAGGG
2	2240000	4	1	TTAGGG
2	2250000	0	1	TTAGGG
2	2260000	0	1	TTAGGG
2	2270000	1	2	TTAGGG
2	2280000	0	0	TTAGGG
2	2290000	1	1	TTAGGG
2	2300000	0	0	TTAGGG
2	2310000	3	0	TTAGGG
2	2320000	1	2	TTAGGG
2	2330000	2	2	TTAGGG
2	2340000	4	1	TTAGGG
2	2350000	2	1	TTAGGG
2	2360000	1	2	TTAGGG
2	2370000	1	2	TTAGGG
2	2380000	1	1	TTAGGG
2	2390000	3	3	TTAGGG
2	2400000	2	0	TTAGGG
2	2410000	2	0	TTAGGG
2	2420000	2	1	TTAGGG
2	2430000	2	3	TTAGGG
2	2440000	2	3	TTAGGG
2	2450000	3	1	TTAGGG
2	2460000	4	1	TTAGGG
2	2470000	2	2	TTAGGG
2	2480000	1	2	TTAGGG
2	2490000	2	2	TTAGGG
2	2500000	0	2	TTAGGG
2	2510000	1	4	TTAGGG
2	2520000	2	1	TTAGGG
2	2530000	2	1	TTAGGG
2	2540000	3	1	TTAGGG
2	2550000	3	2	TTAGGG
2	2560000	2	4	TTAGGG
2	2570000	5	0	TTAGGG
2	2580000	3	1	TTAGGG
2	2590000	2	2	TTAGGG
2	2600000	1	1	TTAGGG
2	2610000	1	0	TTAGGG
2	2620000	1	1	TTAGGG
2	2630000	2	0	TTAGGG
2	2640000	1	1	TTAGGG
2	2650000	1	2	TTAGGG
2	2660000	0	0	TTAGGG
2	2670000	4	0	TTAGGG
2	2680000	1	2	TTAGGG
2	2690000	0	3	TTAGGG
2	2700000	3	3	TTAGGG
2	2710000	2	2	TTAGGG
2	2720000	2	2	TTAGGG
2	2730000	2	2	TTAGGG
2	2740000	2	3	TTAGGG
2	2750000	1	2	TTAGGG
2	2760000	2	2	TTAGGG
2	2770000	0	4	TTAGGG
2	2780000	0	0	TTAGGG
2	2790000	2	0	TTAGGG
2	2800000	3	1	TTAGGG
2	2810000	3	1	TTAGGG
2	2820000	3	1	TTAGGG
2	2830000	1	1	TTAGGG
2	2840000	1	0	TTAGGG
2	2850000	2	1	TTAGGG
2	2860000	2	0	TTAGGG
2	2870000	1	1	TTAGGG
2	2880000	1	1	TTAGGG
2	2890000	3	2	TTAGGG
2	2900000	1	1	TTAGGG
2	2910000	1	1	TTAGGG
2	2920000	1	1	TTAGGG
2	2930000	2	3	TTAGGG
2	2940000	1	2	TTAGGG
2	2950000	0	2	TTAGGG
2	2960000	1	0	TTAGGG
2	2970000	2	1	TTAGGG
2	2980000	1	1	TTAGGG
2	2990000	0	1	TTAGGG
2	3000000	1	1	TTAGGG
2	3010000	3	2	TTAGGG
2	3020000	3	2	TTAGGG
2	3030000	3	1	TTAGGG
2	3040000	2	0	TTAGGG
2	3050000	3	2	TTAGGG
2	3060000	1	2	TTAGGG
2	3070000	2	2	TTAGGG
2	3080000	0	1	TTAGGG
2	3090000	0	1	TTAGGG
2	3100000	3	1	TTAGGG
2	3110000	3	2	TTAGGG
2	3120000	3	1	TTAGGG
2	3130000	1	0	TTAGGG
2	3140000	0	4	TTAGGG
2	3150000	0	1	TTAGGG
2	3160000	2	1	TTAGGG
2	3170000	1	2	TTAGGG
2	3180000	2	1	TTAGGG
2	3190000	2	2	TTAGGG
2	3200000	3	2	TTAGGG
2	3210000	3	3	TTAGGG
2	3220000	0	1	TTAGGG
2	3230000	1	4	TTAGGG
2	3240000	3	0	TTAGGG
2	3250000	2	2	TTAGGG
2	3260000	1	0	TTAGGG
2	3270000	2	2	TTAGGG
2	3280000	0	3	TTAGGG
2	3290000	0	3	TTAGGG
2	3300000	2	1	TTAGGG
2	3310000	2	1	TTAGGG
2	3320000	0	6	TTAGGG
2	3330000	2	0	TTAGGG
2	3340000	1	1	TTAGGG
2	3350000	1	2	TTAGGG
2	3360000	2	4	TTAGGG
2	3370000	3	2	TTAGGG
2	3380000	2	2	TTAGGG
2	3390000	4	0	TTAGGG
2	3400000	2	3	TTAGGG
2	3410000	4	5	TTAGGG
2	3420000	1	1	TTAGGG
2	3430000	4	2	TTAGGG
2	3440000	4	2	TTAGGG
2	3450000	1	0	TTAGGG
2	3460000	2	2	TTAGGG
2	3470000	1	1	TTAGGG
2	3480000	2	2	TTAGGG
2	3490000	2	2	TTAGGG
2	3500000	0	1	TTAGGG
2	3510000	1	2	TTAGGG
2	3520000	1	3	TTAGGG
2	3530000	3	2	TTAGGG
2	3540000	1	2	TTAGGG
2	3550000	1	2	TTAGGG
2	3560000	2	5	TTAGGG
2	3570000	0	1	TTAGGG
2	3580000	5	4	TTAGGG
2	3590000	0	0	TTAGGG
2	3600000	3	2	TTAGGG
2	3610000	5	1	TTAGGG
2	3620000	2	0	TTAGGG
2	3630000	0	2	TTAGGG
2	3640000	0	1	TTAGGG
2	3650000	1	1	TTAGGG
2	3660000	0	1	TTAGGG
2	3670000	0	1	TTAGGG
2	3680000	2	0	TTAGGG
2	3690000	2	0	TTAGGG
2	3700000	0	1	TTAGGG
2	3710000	1	1	TTAGGG
2	3720000	1	1	TTAGGG
2	3730000	3	2	TTAGGG
2	3740000	3	4	TTAGGG
2	3750000	1	1	TTAGGG
2	3760000	1	3	TTAGGG
2	3770000	3	1	TTAGGG
2	3780000	4	3	TTAGGG
2	3790000	4	2	TTAGGG
2	3800000	0	3	TTAGGG
2	3810000	0	2	TTAGGG
2	3820000	3	1	TTAGGG
2	3830000	1	0	TTAGGG
2	3840000	2	3	TTAGGG
2	3850000	1	0	TTAGGG
2	3860000	0	2	TTAGGG
2	3870000	0	1	TTAGGG
2	3880000	1	2	TTAGGG
2	3890000	1	1	TTAGGG
2	3900000	2	0	TTAGGG
2	3910000	1	1	TTAGGG
2	3920000	2	2	TTAGGG
2	3930000	0	2	TTAGGG
2	3940000	1	2	TTAGGG
2	3950000	2	4	TTAGGG
2	3960000	0	3	TTAGGG
2	3970000	3	1	TTAGGG
2	3980000	1	4	TTAGGG
2	3990000	4	1	TTAGGG
2	4000000	5	1	TTAGGG
2	4010000	4	2	TTAGGG
2	4020000	1	3	TTAGGG
2	4030000	3	2	TTAGGG
2	4040000	2	1	TTAGGG
2	4050000	3	1	TTAGGG
2	4060000	2	0	TTAGGG
2	4070000	1	0	TTAGGG
2	4080000	0	0	TTAGGG
2	4090000	1	0	TTAGGG
2	4100000	0	1	TTAGGG
2	4110000	1	1	TTAGGG
2	4120000	2	2	TTAGGG
2	4130000	1	3	TTAGGG
2	4140000	1	1	TTAGGG
2	4150000	1	1	TTAGGG
2	4160000	1	2	TTAGGG
2	4170000	1	3	TTAGGG
2	4180000	1	0	TTAGGG
2	4190000	4	1	TTAGGG
2	4200000	2	0	TTAGGG
2	4210000	1	4	TTAGGG
2	4220000	2	1	TTAGGG
2	4230000	0	2	TTAGGG
2	4240000	1	2	TTAGGG
2	4250000	1	3	TTAGGG
2	4260000	1	0	TTAGGG
2	4270000	0	3	TTAGGG
2	4280000	1	2	TTAGGG
2	4290000	2	0	TTAGGG
2	4300000	2	0	TTAGGG
2	4310000	1	2	TTAGGG
2	4320000	3	0	TTAGGG
2	4330000	0	1	TTAGGG
2	4340000	0	1	TTAGGG
2	4350000	0	0	TTAGGG
2	4360000	0	0	TTAGGG
2	4370000	0	1	TTAGGG
2	4380000	1	1	TTAGGG
2	4390000	0	0	TTAGGG
2	4400000	0	0	TTAGGG
2	4410000	0	0	TTAGGG
2	4420000	0	0	TTAGGG
2	4430000	0	0	TTAGGG
2	4440000	0	0	TTAGGG
2	4450000	0	0	TTAGGG
2	4460000	0	0	TTAGGG
2	4470000	0	0	TTAGGG
2	4480000	0	0	TTAGGG
2	4490000	0	0	TTAGGG
2	4500000	0	0	TTAGGG
2	4510000	0	0	TTAGGG
2	4520000	0	0	TTAGGG
2	4530000	2	2	TTAGGG
2	4540000	1	3	TTAGGG
2	4550000	0	3	TTAGGG
2	4560000	0	2	TTAGGG
2	4570000	1	2	TTAGGG
2	4580000	4	1	TTAGGG
2	4590000	3	2	TTAGGG
2	4600000	1	4	TTAGGG
2	4610000	0	2	TTAGGG
2	4620000	0	3	TTAGGG
2	4630000	1	2	TTAGGG
2	4640000	1	0	TTAGGG
2	4650000	2	0	TTAGGG
2	4660000	0	3	TTAGGG
2	4670000	1	4	TTAGGG
2	4680000	3	1	TTAGGG
2	4690000	1	1	TTAGGG
2	4700000	4	1	TTAGGG
2	4710000	0	1	TTAGGG
2	4720000	2	2	TTAGGG
2	4730000	0	1	TTAGGG
2	4740000	2	3	TTAGGG
2	4750000	2	0	TTAGGG
2	4760000	0	1	TTAGGG
2	4770000	0	3	TTAGGG
2	4780000	0	1	TTAGGG
2	4790000	3	1	TTAGGG
2	4800000	3	1	TTAGGG
2	4810000	0	1	TTAGGG
2	4820000	2	3	TTAGGG
2	4830000	0	2	TTAGGG
2	4840000	0	0	TTAGGG
2	4850000	4	0	TTAGGG
2	4860000	2	2	TTAGGG
2	4870000	1	1	TTAGGG
2	4880000	4	2	TTAGGG
2	4890000	1	0	TTAGGG
2	4900000	0	1	TTAGGG
2	4910000	2	1	TTAGGG
2	4920000	3	0	TTAGGG
2	4930000	2	3	TTAGGG
2	4940000	2	2	TTAGGG
2	4950000	1	1	TTAGGG
2	4960000	4	1	TTAGGG
2	4970000	2	1	TTAGGG
2	4980000	0	1	TTAGGG
2	4990000	2	0	TTAGGG
2	5000000	1	1	TTAGGG
2	5010000	2	2	TTAGGG
2	5020000	2	2	TTAGGG
2	5030000	3	2	TTAGGG
2	5040000	1	3	TTAGGG
2	5050000	1	0	TTAGGG
2	5060000	1	1	TTAGGG
2	5070000	0	3	TTAGGG
2	5080000	0	1	TTAGGG
2	5090000	3	5	TTAGGG
2	5100000	3	1	TTAGGG
2	5110000	2	3	TTAGGG
2	5120000	1	2	TTAGGG
2	5130000	2	3	TTAGGG
2	5140000	0	2	TTAGGG
2	5150000	2	2	TTAGGG
2	5160000	3	1	TTAGGG
2	5170000	5	3	TTAGGG
2	5180000	3	2	TTAGGG
2	5190000	0	1	TTAGGG
2	5200000	1	0	TTAGGG
2	5210000	2	0	TTAGGG
2	5220000	0	0	TTAGGG
2	5230000	0	2	TTAGGG
2	5240000	1	2	TTAGGG
2	5250000	2	1	TTAGGG
2	5260000	1	2	TTAGGG
2	5270000	2	0	TTAGGG
2	5280000	3	1	TTAGGG
2	5290000	1	2	TTAGGG
2	5300000	0	0	TTAGGG
2	5310000	2	0	TTAGGG
2	5320000	1	1	TTAGGG
2	5330000	1	1	TTAGGG
2	5340000	2	3	TTAGGG
2	5350000	1	2	TTAGGG
2	5360000	3	0	TTAGGG
2	5370000	4	0	TTAGGG
2	5380000	2	0	TTAGGG
2	5390000	2	1	TTAGGG
2	5400000	1	0	TTAGGG
2	5410000	0	1	TTAGGG
2	5420000	1	1	TTAGGG
2	5430000	2	2	TTAGGG
2	5440000	1	1	TTAGGG
2	5450000	0	2	TTAGGG
2	5460000	4	1	TTAGGG
2	5470000	4	1	TTAGGG
2	5480000	1	1	TTAGGG
2	5490000	0	1	TTAGGG
2	5500000	1	2	TTAGGG
2	5510000	1	3	TTAGGG
2	5520000	3	1	TTAGGG
2	5530000	3	1	TTAGGG
2	5540000	3	3	TTAGGG
2	5550000	1	0	TTAGGG
2	5560000	3	0	TTAGGG
2	5570000	0	0	TTAGGG
2	5580000	1	0	TTAGGG
2	5590000	1	0	TTAGGG
2	5600000	2	0	TTAGGG
2	5610000	0	2	TTAGGG
2	5620000	2	1	TTAGGG
2	5630000	0	2	TTAGGG
2	5640000	1	3	TTAGGG
2	5650000	3	1	TTAGGG
2	5660000	3	3	TTAGGG
2	5670000	2	5	TTAGGG
2	5680000	0	1	TTAGGG
2	5690000	3	2	TTAGGG
2	5700000	2	2	TTAGGG
2	5710000	4	2	TTAGGG
2	5720000	0	2	TTAGGG
2	5730000	1	1	TTAGGG
2	5740000	4	0	TTAGGG
2	5750000	2	2	TTAGGG
2	5760000	0	2	TTAGGG
2	5770000	1	2	TTAGGG
2	5780000	2	3	TTAGGG
2	5790000	2	2	TTAGGG
2	5800000	4	1	TTAGGG
2	5810000	1	0	TTAGGG
2	5820000	2	1	TTAGGG
2	5830000	2	2	TTAGGG
2	5840000	2	0	TTAGGG
2	5850000	1	0	TTAGGG
2	5860000	0	1	TTAGGG
2	5870000	1	0	TTAGGG
2	5880000	3	0	TTAGGG
2	5890000	0	0	TTAGGG
2	5900000	1	0	TTAGGG
2	5910000	0	0	TTAGGG
2	5920000	3	1	TTAGGG
2	5930000	1	1	TTAGGG
2	5940000	0	1	TTAGGG
2	5950000	3	1	TTAGGG
2	5960000	1	2	TTAGGG
2	5970000	2	0	TTAGGG
2	5980000	3	2	TTAGGG
2	5990000	1	2	TTAGGG
2	6000000	1	6	TTAGGG
2	6010000	3	1	TTAGGG
2	6020000	1	3	TTAGGG
2	6030000	2	0	TTAGGG
2	6040000	1	2	TTAGGG
2	6050000	1	2	TTAGGG
2	6060000	3	1	TTAGGG
2	6070000	2	0	TTAGGG
2	6080000	0	3	TTAGGG
2	6090000	5	2	TTAGGG
2	6100000	0	1	TTAGGG
2	6110000	3	1	TTAGGG
2	6120000	0	2	TTAGGG
2	6130000	1	1	TTAGGG
2	6140000	1	3	TTAGGG
2	6150000	4	3	TTAGGG
2	6160000	2	1	TTAGGG
2	6170000	3	1	TTAGGG
2	6180000	0	1	TTAGGG
2	6190000	1	0	TTAGGG
2	6200000	1	3	TTAGGG
2	6210000	1	0	TTAGGG
2	6220000	1	0	TTAGGG
2	6230000	2	2	TTAGGG
2	6240000	2	1	TTAGGG
2	6250000	0	2	TTAGGG
2	6260000	2	0	TTAGGG
2	6270000	2	1	TTAGGG
2	6280000	0	3	TTAGGG
2	6290000	2	2	TTAGGG
2	6300000	2	1	TTAGGG
2	6310000	0	1	TTAGGG
2	6320000	1	2	TTAGGG
2	6330000	2	0	TTAGGG
2	6340000	5	0	TTAGGG
2	6350000	1	2	TTAGGG
2	6360000	1	2	TTAGGG
2	6370000	3	0	TTAGGG
2	6380000	0	3	TTAGGG
2	6390000	2	2	TTAGGG
2	6400000	1	3	TTAGGG
2	6410000	2	2	TTAGGG
2	6420000	0	0	TTAGGG
2	6430000	0	3	TTAGGG
2	6440000	3	1	TTAGGG
2	6450000	1	2	TTAGGG
2	6460000	2	2	TTAGGG
2	6470000	2	1	TTAGGG
2	6480000	2	0	TTAGGG
2	6490000	1	0	TTAGGG
2	6500000	2	1	TTAGGG
2	6510000	3	0	TTAGGG
2	6520000	0	0	TTAGGG
2	6530000	2	0	TTAGGG
2	6540000	2	0	TTAGGG
2	6550000	2	1	TTAGGG
2	6560000	1	1	TTAGGG
2	6570000	0	1	TTAGGG
2	6580000	1	0	TTAGGG
2	6590000	1	1	TTAGGG
2	6600000	0	3	TTAGGG
2	6610000	1	1	TTAGGG
2	6620000	0	2	TTAGGG
2	6630000	2	3	TTAGGG
2	6640000	3	1	TTAGGG
2	6650000	2	1	TTAGGG
2	6660000	0	0	TTAGGG
2	6670000	0	0	TTAGGG
2	6680000	0	0	TTAGGG
2	6690000	0	0	TTAGGG
2	6700000	0	2	TTAGGG
2	6710000	2	1	TTAGGG
2	6720000	1	1	TTAGGG
2	6730000	1	1	TTAGGG
2	6740000	0	2	TTAGGG
2	6750000	1	1	TTAGGG
2	6760000	1	2	TTAGGG
2	6770000	1	1	TTAGGG
2	6780000	1	2	TTAGGG
2	6790000	0	2	TTAGGG
2	6800000	1	0	TTAGGG
2	6810000	1	1	TTAGGG
2	6820000	0	1	TTAGGG
2	6830000	0	1	TTAGGG
2	6840000	3	1	TTAGGG
2	6850000	4	1	TTAGGG
2	6860000	5	3	TTAGGG
2	6870000	0	1	TTAGGG
2	6880000	1	2	TTAGGG
2	6890000	1	0	TTAGGG
2	6900000	2	1	TTAGGG
2	6910000	0	0	TTAGGG
2	6920000	1	3	TTAGGG
2	6930000	0	2	TTAGGG
2	6940000	0	3	TTAGGG
2	6950000	1	1	TTAGGG
2	6960000	0	1	TTAGGG
2	6970000	1	1	TTAGGG
2	6980000	1	0	TTAGGG
2	6990000	3	5	TTAGGG
2	7000000	0	1	TTAGGG
2	7010000	1	4	TTAGGG
2	7020000	2	2	TTAGGG
2	7030000	0	3	TTAGGG
2	7040000	1	2	TTAGGG
2	7050000	5	2	TTAGGG
2	7060000	2	1	TTAGGG
2	7070000	0	0	TTAGGG
2	7080000	2	0	TTAGGG
2	7090000	0	5	TTAGGG
2	7100000	1	3	TTAGGG
2	7110000	3	0	TTAGGG
2	7120000	1	3	TTAGGG
2	7130000	4	2	TTAGGG
2	7140000	2	0	TTAGGG
2	7150000	1	1	TTAGGG
2	7160000	2	2	TTAGGG
2	7170000	1	1	TTAGGG
2	7180000	2	3	TTAGGG
2	7190000	2	0	TTAGGG
2	7200000	2	0	TTAGGG
2	7210000	0	0	TTAGGG
2	7220000	1	4	TTAGGG
2	7230000	2	4	TTAGGG
2	7240000	1	3	TTAGGG
2	7250000	1	4	TTAGGG
2	7260000	1	2	TTAGGG
2	7270000	1	1	TTAGGG
2	7280000	1	2	TTAGGG
2	7290000	1	3	TTAGGG
2	7300000	1	2	TTAGGG
2	7310000	3	1	TTAGGG
2	7320000	1	0	TTAGGG
2	7330000	1	2	TTAGGG
2	7340000	1	1	TTAGGG
2	7350000	2	0	TTAGGG
2	7360000	1	2	TTAGGG
2	7370000	0	1	TTAGGG
2	7380000	1	2	TTAGGG
2	7390000	1	2	TTAGGG
2	7400000	0	1	TTAGGG
2	7410000	2	2	TTAGGG
2	7420000	4	1	TTAGGG
2	7430000	0	1	TTAGGG
2	7440000	1	1	TTAGGG
2	7450000	0	1	TTAGGG
2	7460000	2	1	TTAGGG
2	7470000	1	3	TTAGGG
2	7480000	1	1	TTAGGG
2	7490000	1	0	TTAGGG
2	7500000	2	2	TTAGGG
2	7510000	1	1	TTAGGG
2	7520000	2	0	TTAGGG
2	7530000	3	2	TTAGGG
2	7540000	0	2	TTAGGG
2	7550000	3	4	TTAGGG
2	7560000	2	0	TTAGGG
2	7570000	0	2	TTAGGG
2	7580000	1	3	TTAGGG
2	7590000	0	2	TTAGGG
2	7600000	3	1	TTAGGG
2	7610000	1	1	TTAGGG
2	7620000	1	0	TTAGGG
2	7630000	1	2	TTAGGG
2	7640000	1	1	TTAGGG
2	7650000	0	3	TTAGGG
2	7660000	0	1	TTAGGG
2	7670000	0	1	TTAGGG
2	7680000	2	2	TTAGGG
2	7690000	2	1	TTAGGG
2	7700000	2	1	TTAGGG
2	7710000	1	3	TTAGGG
2	7720000	0	1	TTAGGG
2	7730000	2	2	TTAGGG
2	7740000	1	2	TTAGGG
2	7750000	1	1	TTAGGG
2	7760000	0	1	TTAGGG
2	7770000	1	2	TTAGGG
2	7780000	1	1	TTAGGG
2	7790000	0	0	TTAGGG
2	7800000	0	3	TTAGGG
2	7810000	1	0	TTAGGG
2	7820000	0	0	TTAGGG
2	7830000	1	1	TTAGGG
2	7840000	2	0	TTAGGG
2	7850000	1	1	TTAGGG
2	7860000	2	0	TTAGGG
2	7870000	2	4	TTAGGG
2	7880000	2	3	TTAGGG
2	7890000	3	1	TTAGGG
2	7900000	0	0	TTAGGG
2	7910000	1	3	TTAGGG
2	7920000	1	2	TTAGGG
2	7930000	1	1	TTAGGG
2	7940000	1	2	TTAGGG
2	7950000	1	0	TTAGGG
2	7960000	4	4	TTAGGG
2	7970000	1	1	TTAGGG
2	7980000	3	3	TTAGGG
2	7990000	4	2	TTAGGG
2	8000000	0	2	TTAGGG
2	8010000	4	5	TTAGGG
2	8020000	2	1	TTAGGG
2	8030000	2	0	TTAGGG
2	8040000	2	0	TTAGGG
2	8050000	1	0	TTAGGG
2	8060000	1	1	TTAGGG
2	8070000	0	5	TTAGGG
2	8080000	4	2	TTAGGG
2	8090000	3	1	TTAGGG
2	8100000	2	0	TTAGGG
2	8110000	0	2	TTAGGG
2	8120000	2	2	TTAGGG
2	8130000	1	1	TTAGGG
2	8140000	2	2	TTAGGG
2	8150000	0	2	TTAGGG
2	8160000	1	1	TTAGGG
2	8170000	2	2	TTAGGG
2	8180000	1	1	TTAGGG
2	8190000	2	2	TTAGGG
2	8200000	0	2	TTAGGG
2	8210000	1	2	TTAGGG
2	8220000	2	1	TTAGGG
2	8230000	1	1	TTAGGG
2	8240000	1	1	TTAGGG
2	8250000	1	0	TTAGGG
2	8260000	0	1	TTAGGG
2	8270000	0	0	TTAGGG
2	8280000	2	2	TTAGGG
2	8290000	4	0	TTAGGG
2	8300000	3	1	TTAGGG
2	8310000	0	1	TTAGGG
2	8320000	1	1	TTAGGG
2	8330000	0	3	TTAGGG
2	8340000	0	1	TTAGGG
2	8350000	0	1	TTAGGG
2	8360000	0	1	TTAGGG
2	8370000	4	1	TTAGGG
2	8380000	0	0	TTAGGG
2	8390000	1	0	TTAGGG
2	8400000	0	4	TTAGGG
2	8410000	0	1	TTAGGG
2	8420000	2	0	TTAGGG
2	8430000	0	2	TTAGGG
2	8440000	3	3	TTAGGG
2	8450000	0	4	TTAGGG
2	8460000	1	3	TTAGGG
2	8470000	1	1	TTAGGG
2	8480000	1	2	TTAGGG
2	8490000	1	1	TTAGGG
2	8500000	3	0	TTAGGG
2	8510000	2	4	TTAGGG
2	8520000	0	5	TTAGGG
2	8530000	2	0	TTAGGG
2	8540000	1	3	TTAGGG
2	8550000	1	2	TTAGGG
2	8560000	2	2	TTAGGG
2	8570000	0	1	TTAGGG
2	8580000	2	2	TTAGGG
2	8590000	1	0	TTAGGG
2	8600000	1	0	TTAGGG
2	8610000	0	4	TTAGGG
2	8620000	0	2	TTAGGG
2	8630000	0	2	TTAGGG
2	8640000	4	1	TTAGGG
2	8650000	3	2	TTAGGG
2	8660000	1	2	TTAGGG
2	8670000	2	2	TTAGGG
2	8680000	2	4	TTAGGG
2	8690000	2	0	TTAGGG
2	8700000	4	1	TTAGGG
2	8710000	2	2	TTAGGG
2	8720000	1	1	TTAGGG
2	8730000	2	0	TTAGGG
2	8740000	0	2	TTAGGG
2	8750000	2	3	TTAGGG
2	8760000	0	1	TTAGGG
2	8770000	3	4	TTAGGG
2	8780000	2	4	TTAGGG
2	8790000	2	4	TTAGGG
2	8800000	1	3	TTAGGG
2	8810000	2	2	TTAGGG
2	8820000	0	3	TTAGGG
2	8830000	2	0	TTAGGG
2	8840000	0	2	TTAGGG
2	8850000	2	2	TTAGGG
2	8860000	3	3	TTAGGG
2	8870000	0	0	TTAGGG
2	8880000	1	0	TTAGGG
2	8890000	1	0	TTAGGG
2	8900000	2	1	TTAGGG
2	8910000	0	3	TTAGGG
2	8920000	3	4	TTAGGG
2	8930000	3	0	TTAGGG
2	8940000	0	2	TTAGGG
2	8950000	2	2	TTAGGG
2	8960000	3	0	TTAGGG
2	8970000	5	1	TTAGGG
2	8980000	1	1	TTAGGG
2	8990000	2	1	TTAGGG
2	9000000	0	2	TTAGGG
2	9010000	0	5	TTAGGG
2	9020000	2	0	TTAGGG
2	9030000	0	3	TTAGGG
2	9040000	1	2	TTAGGG
2	9050000	4	1	TTAGGG
2	9060000	0	0	TTAGGG
2	9070000	1	6	TTAGGG
2	9080000	4	0	TTAGGG
2	9090000	0	3	TTAGGG
2	9100000	0	1	TTAGGG
2	9110000	1	1	TTAGGG
2	9120000	0	0	TTAGGG
2	9130000	0	1	TTAGGG
2	9140000	1	2	TTAGGG
2	9150000	3	1	TTAGGG
2	9160000	2	3	TTAGGG
2	9170000	3	0	TTAGGG
2	9180000	2	2	TTAGGG
2	9190000	0	0	TTAGGG
2	9200000	2	1	TTAGGG
2	9210000	2	2	TTAGGG
2	9220000	2	0	TTAGGG
2	9230000	3	0	TTAGGG
2	9240000	4	0	TTAGGG
2	9250000	1	1	TTAGGG
2	9260000	0	1	TTAGGG
2	9270000	3	1	TTAGGG
2	9280000	1	1	TTAGGG
2	9290000	2	1	TTAGGG
2	9300000	1	4	TTAGGG
2	9310000	1	1	TTAGGG
2	9320000	1	1	TTAGGG
2	9330000	0	5	TTAGGG
2	9340000	0	0	TTAGGG
2	9350000	1	1	TTAGGG
2	9360000	2	1	TTAGGG
2	9370000	1	0	TTAGGG
2	9380000	2	0	TTAGGG
2	9390000	1	1	TTAGGG
2	9400000	4	2	TTAGGG
2	9410000	2	2	TTAGGG
2	9420000	3	0	TTAGGG
2	9430000	0	2	TTAGGG
2	9440000	1	0	TTAGGG
2	9450000	1	2	TTAGGG
2	9460000	3	2	TTAGGG
2	9470000	3	1	TTAGGG
2	9480000	2	4	TTAGGG
2	9490000	4	1	TTAGGG
2	9500000	1	1	TTAGGG
2	9510000	2	0	TTAGGG
2	9520000	0	1	TTAGGG
2	9530000	1	3	TTAGGG
2	9540000	1	0	TTAGGG
2	9550000	3	0	TTAGGG
2	9560000	0	2	TTAGGG
2	9570000	1	1	TTAGGG
2	9580000	1	1	TTAGGG
2	9590000	1	1	TTAGGG
2	9600000	1	0	TTAGGG
2	9610000	0	3	TTAGGG
2	9620000	0	2	TTAGGG
2	9630000	4	1	TTAGGG
2	9640000	2	4	TTAGGG
2	9650000	2	2	TTAGGG
2	9660000	2	2	TTAGGG
2	9670000	2	4	TTAGGG
2	9680000	1	1	TTAGGG
2	9690000	1	1	TTAGGG
2	9700000	0	0	TTAGGG
2	9710000	2	1	TTAGGG
2	9720000	1	0	TTAGGG
2	9730000	4	3	TTAGGG
2	9740000	1	3	TTAGGG
2	9750000	0	0	TTAGGG
2	9760000	1	5	TTAGGG
2	9770000	1	4	TTAGGG
2	9780000	0	2	TTAGGG
2	9790000	0	2	TTAGGG
2	9800000	1	6	TTAGGG
2	9810000	0	1	TTAGGG
2	9820000	2	0	TTAGGG
2	9830000	0	1	TTAGGG
2	9840000	1	3	TTAGGG
2	9850000	1	1	TTAGGG
2	9860000	2	2	TTAGGG
2	9870000	1	2	TTAGGG
2	9880000	3	1	TTAGGG
2	9890000	1	4	TTAGGG
2	9900000	4	1	TTAGGG
2	9910000	0	1	TTAGGG
2	9920000	4	1	TTAGGG
2	9930000	0	0	TTAGGG
2	9940000	1	0	TTAGGG
2	9950000	1	1	TTAGGG
2	9960000	1	4	TTAGGG
2	9970000	3	0	TTAGGG
2	9980000	0	2	TTAGGG
2	9990000	1	5	TTAGGG
2	10000000	1	0	TTAGGG
2	10010000	0	1	TTAGGG
2	10020000	1	2	TTAGGG
2	10030000	0	0	TTAGGG
2	10040000	1	1	TTAGGG
2	10050000	2	4	TTAGGG
2	10060000	2	2	TTAGGG
2	10070000	3	0	TTAGGG
2	10080000	3	1	TTAGGG
2	10090000	4	1	TTAGGG
2	10100000	5	1	TTAGGG
2	10110000	0	2	TTAGGG
2	10120000	2	3	TTAGGG
2	10130000	3	0	TTAGGG
2	10140000	3	0	TTAGGG
2	10150000	0	1	TTAGGG
2	10160000	2	0	TTAGGG
2	10170000	2	0	TTAGGG
2	10180000	2	3	TTAGGG
2	10190000	2	3	TTAGGG
2	10200000	2	1	TTAGGG
2	10210000	1	2	TTAGGG
2	10220000	0	3	TTAGGG
2	10230000	1	1	TTAGGG
2	10240000	1	0	TTAGGG
2	10250000	2	1	TTAGGG
2	10260000	0	3	TTAGGG
2	10270000	1	1	TTAGGG
2	10280000	3	1	TTAGGG
2	10290000	3	2	TTAGGG
2	10300000	3	2	TTAGGG
2	10310000	0	1	TTAGGG
2	10320000	0	2	TTAGGG
2	10330000	0	2	TTAGGG
2	10340000	0	0	TTAGGG
2	10350000	3	2	TTAGGG
2	10360000	1	0	TTAGGG
2	10370000	0	1	TTAGGG
2	10380000	2	2	TTAGGG
2	10390000	1	2	TTAGGG
2	10400000	3	2	TTAGGG
2	10410000	0	2	TTAGGG
2	10420000	1	1	TTAGGG
2	10430000	2	2	TTAGGG
2	10440000	4	1	TTAGGG
2	10450000	2	1	TTAGGG
2	10460000	3	0	TTAGGG
2	10470000	1	0	TTAGGG
2	10480000	2	1	TTAGGG
2	10490000	1	1	TTAGGG
2	10500000	1	0	TTAGGG
2	10510000	1	2	TTAGGG
2	10520000	0	2	TTAGGG
2	10530000	0	3	TTAGGG
2	10540000	5	2	TTAGGG
2	10550000	1	3	TTAGGG
2	10560000	1	1	TTAGGG
2	10570000	1	2	TTAGGG
2	10580000	1	2	TTAGGG
2	10590000	1	2	TTAGGG
2	10600000	2	1	TTAGGG
2	10610000	1	0	TTAGGG
2	10620000	3	0	TTAGGG
2	10630000	1	0	TTAGGG
2	10640000	2	3	TTAGGG
2	10650000	2	0	TTAGGG
2	10660000	3	1	TTAGGG
2	10670000	0	1	TTAGGG
2	10680000	2	1	TTAGGG
2	10690000	1	1	TTAGGG
2	10700000	0	2	TTAGGG
2	10710000	1	1	TTAGGG
2	10720000	0	4	TTAGGG
2	10730000	2	2	TTAGGG
2	10740000	0	2	TTAGGG
2	10750000	3	3	TTAGGG
2	10760000	1	3	TTAGGG
2	10770000	1	0	TTAGGG
2	10780000	4	3	TTAGGG
2	10790000	0	2	TTAGGG
2	10800000	0	1	TTAGGG
2	10810000	2	1	TTAGGG
2	10820000	0	4	TTAGGG
2	10830000	3	2	TTAGGG
2	10840000	2	3	TTAGGG
2	10850000	3	0	TTAGGG
2	10860000	2	1	TTAGGG
2	10870000	1	1	TTAGGG
2	10880000	1	3	TTAGGG
2	10890000	2	2	TTAGGG
2	10900000	2	1	TTAGGG
2	10910000	3	2	TTAGGG
2	10920000	1	0	TTAGGG
2	10930000	2	3	TTAGGG
2	10940000	4	3	TTAGGG
2	10950000	3	1	TTAGGG
2	10960000	1	0	TTAGGG
2	10970000	1	0	TTAGGG
2	10980000	0	1	TTAGGG
2	10990000	4	2	TTAGGG
2	11000000	1	1	TTAGGG
2	11010000	0	1	TTAGGG
2	11020000	2	0	TTAGGG
2	11030000	4	0	TTAGGG
2	11040000	2	2	TTAGGG
2	11050000	2	1	TTAGGG
2	11060000	3	0	TTAGGG
2	11070000	1	0	TTAGGG
2	11080000	2	3	TTAGGG
2	11090000	2	0	TTAGGG
2	11100000	4	0	TTAGGG
2	11110000	2	0	TTAGGG
2	11120000	2	1	TTAGGG
2	11130000	1	1	TTAGGG
2	11140000	2	1	TTAGGG
2	11150000	1	1	TTAGGG
2	11160000	4	2	TTAGGG
2	11170000	2	0	TTAGGG
2	11180000	1	2	TTAGGG
2	11190000	0	2	TTAGGG
2	11200000	0	2	TTAGGG
2	11210000	3	2	TTAGGG
2	11220000	0	2	TTAGGG
2	11230000	1	0	TTAGGG
2	11240000	1	0	TTAGGG
2	11250000	4	0	TTAGGG
2	11260000	3	0	TTAGGG
2	11270000	1	1	TTAGGG
2	11280000	2	0	TTAGGG
2	11290000	3	2	TTAGGG
2	11300000	2	2	TTAGGG
2	11310000	1	2	TTAGGG
2	11320000	0	0	TTAGGG
2	11330000	0	1	TTAGGG
2	11340000	1	1	TTAGGG
2	11350000	3	0	TTAGGG
2	11360000	4	2	TTAGGG
2	11370000	2	2	TTAGGG
2	11380000	3	1	TTAGGG
2	11390000	3	2	TTAGGG
2	11400000	1	2	TTAGGG
2	11410000	2	2	TTAGGG
2	11420000	2	1	TTAGGG
2	11430000	2	2	TTAGGG
2	11440000	2	0	TTAGGG
2	11450000	1	0	TTAGGG
2	11460000	2	1	TTAGGG
2	11470000	1	2	TTAGGG
2	11480000	1	1	TTAGGG
2	11490000	1	1	TTAGGG
2	11500000	4	2	TTAGGG
2	11510000	0	0	TTAGGG
2	11520000	1	2	TTAGGG
2	11530000	1	5	TTAGGG
2	11540000	3	2	TTAGGG
2	11550000	3	1	TTAGGG
2	11560000	1	3	TTAGGG
2	11570000	1	1	TTAGGG
2	11580000	1	0	TTAGGG
2	11590000	1	0	TTAGGG
2	11600000	0	2	TTAGGG
2	11610000	1	0	TTAGGG
2	11620000	3	1	TTAGGG
2	11630000	1	1	TTAGGG
2	11640000	1	3	TTAGGG
2	11650000	0	3	TTAGGG
2	11660000	6	2	TTAGGG
2	11670000	1	4	TTAGGG
2	11680000	4	0	TTAGGG
2	11690000	3	4	TTAGGG
2	11700000	1	2	TTAGGG
2	11710000	4	4	TTAGGG
2	11720000	1	4	TTAGGG
2	11730000	1	1	TTAGGG
2	11740000	0	4	TTAGGG
2	11750000	1	0	TTAGGG
2	11760000	3	0	TTAGGG
2	11770000	1	2	TTAGGG
2	11780000	3	0	TTAGGG
2	11790000	3	2	TTAGGG
2	11800000	2	2	TTAGGG
2	11810000	0	1	TTAGGG
2	11820000	1	2	TTAGGG
2	11830000	3	2	TTAGGG
2	11840000	0	2	TTAGGG
2	11850000	2	2	TTAGGG
2	11860000	2	3	TTAGGG
2	11870000	0	1	TTAGGG
2	11880000	1	0	TTAGGG
2	11890000	1	1	TTAGGG
2	11900000	3	2	TTAGGG
2	11910000	0	3	TTAGGG
2	11920000	0	3	TTAGGG
2	11930000	0	1	TTAGGG
2	11940000	4	2	TTAGGG
2	11950000	2	0	TTAGGG
2	11960000	0	1	TTAGGG
2	11970000	0	1	TTAGGG
2	11980000	1	2	TTAGGG
2	11990000	2	0	TTAGGG
2	12000000	2	1	TTAGGG
2	12010000	4	3	TTAGGG
2	12020000	4	2	TTAGGG
2	12030000	3	2	TTAGGG
2	12040000	1	1	TTAGGG
2	12050000	5	2	TTAGGG
2	12060000	2	1	TTAGGG
2	12070000	3	1	TTAGGG
2	12080000	0	1	TTAGGG
2	12090000	1	0	TTAGGG
2	12100000	2	1	TTAGGG
2	12110000	1	2	TTAGGG
2	12120000	5	1	TTAGGG
2	12130000	1	0	TTAGGG
2	12140000	2	1	TTAGGG
2	12150000	2	1	TTAGGG
2	12160000	1	3	TTAGGG
2	12170000	1	2	TTAGGG
2	12180000	1	2	TTAGGG
2	12190000	3	1	TTAGGG
2	12200000	2	0	TTAGGG
2	12210000	3	2	TTAGGG
2	12220000	0	1	TTAGGG
2	12230000	1	3	TTAGGG
2	12240000	1	0	TTAGGG
2	12250000	1	2	TTAGGG
2	12260000	1	5	TTAGGG
2	12270000	2	3	TTAGGG
2	12280000	2	0	TTAGGG
2	12290000	3	0	TTAGGG
2	12300000	1	2	TTAGGG
2	12310000	0	0	TTAGGG
2	12320000	0	2	TTAGGG
2	12330000	0	2	TTAGGG
2	12340000	2	0	TTAGGG
2	12350000	1	4	TTAGGG
2	12360000	2	2	TTAGGG
2	12370000	2	1	TTAGGG
2	12380000	1	1	TTAGGG
2	12390000	1	0	TTAGGG
2	12400000	4	2	TTAGGG
2	12410000	1	1	TTAGGG
2	12420000	3	4	TTAGGG
2	12430000	0	0	TTAGGG
2	12440000	1	0	TTAGGG
2	12450000	2	2	TTAGGG
2	12460000	0	6	TTAGGG
2	12470000	2	1	TTAGGG
2	12480000	2	2	TTAGGG
2	12490000	4	2	TTAGGG
2	12500000	3	1	TTAGGG
2	12510000	2	1	TTAGGG
2	12520000	1	0	TTAGGG
2	12530000	1	1	TTAGGG
2	12540000	0	4	TTAGGG
2	12550000	1	1	TTAGGG
2	12560000	1	1	TTAGGG
2	12570000	0	2	TTAGGG
2	12580000	3	0	TTAGGG
2	12590000	2	1	TTAGGG
2	12600000	0	3	TTAGGG
2	12610000	0	3	TTAGGG
2	12620000	0	0	TTAGGG
2	12630000	3	1	TTAGGG
2	12640000	2	2	TTAGGG
2	12650000	1	0	TTAGGG
2	12660000	1	2	TTAGGG
2	12670000	1	2	TTAGGG
2	12680000	2	3	TTAGGG
2	12690000	3	4	TTAGGG
2	12700000	2	1	TTAGGG
2	12710000	1	2	TTAGGG
2	12720000	1	2	TTAGGG
2	12730000	0	2	TTAGGG
2	12740000	2	1	TTAGGG
2	12750000	0	3	TTAGGG
2	12760000	0	1	TTAGGG
2	12770000	0	0	TTAGGG
2	12780000	0	2	TTAGGG
2	12790000	2	4	TTAGGG
2	12800000	1	2	TTAGGG
2	12810000	0	0	TTAGGG
2	12820000	2	1	TTAGGG
2	12830000	2	1	TTAGGG
2	12840000	2	2	TTAGGG
2	12850000	1	1	TTAGGG
2	12860000	3	0	TTAGGG
2	12870000	3	1	TTAGGG
2	12880000	1	1	TTAGGG
2	12890000	4	6	TTAGGG
2	12900000	1	1	TTAGGG
2	12910000	3	0	TTAGGG
2	12920000	2	2	TTAGGG
2	12930000	1	3	TTAGGG
2	12940000	2	4	TTAGGG
2	12950000	1	1	TTAGGG
2	12960000	2	0	TTAGGG
2	12970000	2	0	TTAGGG
2	12980000	0	3	TTAGGG
2	12990000	1	1	TTAGGG
2	13000000	0	0	TTAGGG
2	13010000	2	3	TTAGGG
2	13020000	1	3	TTAGGG
2	13030000	3	1	TTAGGG
2	13040000	1	1	TTAGGG
2	13050000	2	1	TTAGGG
2	13060000	2	2	TTAGGG
2	13070000	0	2	TTAGGG
2	13080000	3	0	TTAGGG
2	13090000	1	1	TTAGGG
2	13100000	1	0	TTAGGG
2	13110000	0	2	TTAGGG
2	13120000	1	0	TTAGGG
2	13130000	1	2	TTAGGG
2	13140000	0	1	TTAGGG
2	13150000	1	2	TTAGGG
2	13160000	1	2	TTAGGG
2	13170000	2	0	TTAGGG
2	13180000	0	1	TTAGGG
2	13190000	3	2	TTAGGG
2	13200000	0	1	TTAGGG
2	13210000	2	0	TTAGGG
2	13220000	4	1	TTAGGG
2	13230000	1	0	TTAGGG
2	13240000	4	2	TTAGGG
2	13250000	1	1	TTAGGG
2	13260000	1	4	TTAGGG
2	13270000	1	1	TTAGGG
2	13280000	1	0	TTAGGG
2	13290000	2	4	TTAGGG
2	13300000	3	1	TTAGGG
2	13310000	1	3	TTAGGG
2	13320000	1	0	TTAGGG
2	13330000	0	1	TTAGGG
2	13340000	3	1	TTAGGG
2	13350000	1	0	TTAGGG
2	13360000	1	1	TTAGGG
2	13370000	0	2	TTAGGG
2	13380000	2	2	TTAGGG
2	13390000	3	0	TTAGGG
2	13400000	1	0	TTAGGG
2	13410000	2	3	TTAGGG
2	13420000	2	1	TTAGGG
2	13430000	2	0	TTAGGG
2	13440000	2	2	TTAGGG
2	13450000	1	1	TTAGGG
2	13460000	3	2	TTAGGG
2	13470000	0	2	TTAGGG
2	13480000	1	0	TTAGGG
2	13490000	1	1	TTAGGG
2	13500000	2	1	TTAGGG
2	13510000	0	0	TTAGGG
2	13520000	1	1	TTAGGG
2	13530000	1	1	TTAGGG
2	13540000	2	1	TTAGGG
2	13550000	1	0	TTAGGG
2	13560000	0	0	TTAGGG
2	13570000	1	1	TTAGGG
2	13580000	3	1	TTAGGG
2	13590000	3	2	TTAGGG
2	13600000	0	2	TTAGGG
2	13610000	2	1	TTAGGG
2	13620000	1	3	TTAGGG
2	13630000	1	3	TTAGGG
2	13640000	2	0	TTAGGG
2	13650000	1	1	TTAGGG
2	13660000	3	1	TTAGGG
2	13670000	2	1	TTAGGG
2	13680000	2	2	TTAGGG
2	13690000	2	1	TTAGGG
2	13700000	1	1	TTAGGG
2	13710000	1	0	TTAGGG
2	13720000	3	2	TTAGGG
2	13730000	3	2	TTAGGG
2	13740000	1	2	TTAGGG
2	13750000	1	0	TTAGGG
2	13760000	2	1	TTAGGG
2	13770000	0	2	TTAGGG
2	13780000	1	2	TTAGGG
2	13790000	0	0	TTAGGG
2	13800000	0	3	TTAGGG
2	13810000	2	0	TTAGGG
2	13820000	4	1	TTAGGG
2	13830000	1	3	TTAGGG
2	13840000	0	0	TTAGGG
2	13850000	2	0	TTAGGG
2	13860000	3	2	TTAGGG
2	13870000	2	1	TTAGGG
2	13880000	4	2	TTAGGG
2	13890000	1	1	TTAGGG
2	13900000	1	3	TTAGGG
2	13910000	3	3	TTAGGG
2	13920000	2	2	TTAGGG
2	13930000	0	0	TTAGGG
2	13940000	1	3	TTAGGG
2	13950000	4	1	TTAGGG
2	13960000	0	1	TTAGGG
2	13970000	3	2	TTAGGG
2	13980000	1	4	TTAGGG
2	13990000	3	0	TTAGGG
2	14000000	2	1	TTAGGG
2	14010000	2	2	TTAGGG
2	14020000	2	5	TTAGGG
2	14030000	1	1	TTAGGG
2	14040000	2	2	TTAGGG
2	14050000	1	2	TTAGGG
2	14060000	1	2	TTAGGG
2	14070000	1	2	TTAGGG
2	14080000	0	2	TTAGGG
2	14090000	3	2	TTAGGG
2	14100000	2	2	TTAGGG
2	14110000	3	0	TTAGGG
2	14120000	1	1	TTAGGG
2	14130000	2	2	TTAGGG
2	14140000	0	2	TTAGGG
2	14150000	0	2	TTAGGG
2	14160000	0	1	TTAGGG
2	14170000	2	3	TTAGGG
2	14180000	2	1	TTAGGG
2	14190000	2	0	TTAGGG
2	14200000	2	2	TTAGGG
2	14210000	1	2	TTAGGG
2	14220000	4	0	TTAGGG
2	14230000	0	1	TTAGGG
2	14240000	2	1	TTAGGG
2	14250000	1	3	TTAGGG
2	14260000	1	3	TTAGGG
2	14270000	3	4	TTAGGG
2	14280000	0	2	TTAGGG
2	14290000	0	3	TTAGGG
2	14300000	2	4	TTAGGG
2	14310000	2	1	TTAGGG
2	14320000	2	3	TTAGGG
2	14330000	0	1	TTAGGG
2	14340000	1	2	TTAGGG
2	14350000	0	1	TTAGGG
2	14360000	0	4	TTAGGG
2	14370000	4	0	TTAGGG
2	14380000	0	2	TTAGGG
2	14390000	3	3	TTAGGG
2	14400000	2	2	TTAGGG
2	14410000	1	1	TTAGGG
2	14420000	3	3	TTAGGG
2	14430000	2	0	TTAGGG
2	14440000	1	1	TTAGGG
2	14450000	2	1	TTAGGG
2	14460000	0	1	TTAGGG
2	14470000	1	0	TTAGGG
2	14480000	2	1	TTAGGG
2	14490000	1	4	TTAGGG
2	14500000	2	0	TTAGGG
2	14510000	3	2	TTAGGG
2	14520000	1	1	TTAGGG
2	14530000	2	0	TTAGGG
2	14540000	1	1	TTAGGG
2	14550000	2	1	TTAGGG
2	14560000	0	4	TTAGGG
2	14570000	1	0	TTAGGG
2	14580000	2	1	TTAGGG
2	14590000	0	2	TTAGGG
2	14600000	2	1	TTAGGG
2	14610000	2	0	TTAGGG
2	14620000	2	1	TTAGGG
2	14630000	0	0	TTAGGG
2	14640000	3	4	TTAGGG
2	14650000	2	1	TTAGGG
2	14660000	1	2	TTAGGG
2	14670000	0	0	TTAGGG
2	14680000	2	1	TTAGGG
2	14690000	1	1	TTAGGG
2	14700000	1	0	TTAGGG
2	14710000	4	2	TTAGGG
2	14720000	2	2	TTAGGG
2	14730000	2	0	TTAGGG
2	14740000	4	2	TTAGGG
2	14750000	1	1	TTAGGG
2	14760000	0	2	TTAGGG
2	14770000	0	2	TTAGGG
2	14780000	4	3	TTAGGG
2	14790000	3	0	TTAGGG
2	14800000	0	0	TTAGGG
2	14810000	1	1	TTAGGG
2	14820000	1	2	TTAGGG
2	14830000	1	1	TTAGGG
2	14840000	3	0	TTAGGG
2	14850000	0	1	TTAGGG
2	14860000	0	2	TTAGGG
2	14870000	1	3	TTAGGG
2	14880000	4	3	TTAGGG
2	14890000	3	1	TTAGGG
2	14900000	1	2	TTAGGG
2	14910000	0	0	TTAGGG
2	14920000	0	1	TTAGGG
2	14930000	1	4	TTAGGG
2	14940000	1	2	TTAGGG
2	14950000	1	2	TTAGGG
2	14960000	1	2	TTAGGG
2	14970000	1	0	TTAGGG
2	14980000	0	2	TTAGGG
2	14990000	2	1	TTAGGG
2	15000000	3	0	TTAGGG
2	15010000	3	1	TTAGGG
2	15020000	1	1	TTAGGG
2	15030000	0	1	TTAGGG
2	15040000	2	1	TTAGGG
2	15050000	1	1	TTAGGG
2	15060000	0	2	TTAGGG
2	15070000	0	1	TTAGGG
2	15080000	2	2	TTAGGG
2	15090000	1	2	TTAGGG
2	15100000	0	2	TTAGGG
2	15110000	1	0	TTAGGG
2	15120000	0	2	TTAGGG
2	15130000	1	1	TTAGGG
2	15140000	1	1	TTAGGG
2	15150000	1	1	TTAGGG
2	15160000	2	2	TTAGGG
2	15170000	2	1	TTAGGG
2	15180000	3	0	TTAGGG
2	15190000	1	3	TTAGGG
2	15200000	3	3	TTAGGG
2	15210000	3	2	TTAGGG
2	15220000	3	2	TTAGGG
2	15230000	1	2	TTAGGG
2	15240000	2	1	TTAGGG
2	15250000	3	2	TTAGGG
2	15260000	4	2	TTAGGG
2	15270000	2	0	TTAGGG
2	15280000	2	2	TTAGGG
2	15290000	2	1	TTAGGG
2	15300000	5	0	TTAGGG
2	15310000	0	4	TTAGGG
2	15320000	5	4	TTAGGG
2	15330000	3	1	TTAGGG
2	15340000	2	2	TTAGGG
2	15350000	3	2	TTAGGG
2	15360000	0	1	TTAGGG
2	15370000	1	0	TTAGGG
2	15380000	4	2	TTAGGG
2	15390000	1	1	TTAGGG
2	15400000	2	4	TTAGGG
2	15410000	1	2	TTAGGG
2	15420000	2	1	TTAGGG
2	15430000	1	1	TTAGGG
2	15440000	0	1	TTAGGG
2	15450000	2	1	TTAGGG
2	15460000	2	0	TTAGGG
2	15470000	1	0	TTAGGG
2	15480000	0	0	TTAGGG
2	15490000	2	1	TTAGGG
2	15500000	2	1	TTAGGG
2	15510000	1	2	TTAGGG
2	15520000	2	0	TTAGGG
2	15530000	0	2	TTAGGG
2	15540000	1	2	TTAGGG
2	15550000	0	5	TTAGGG
2	15560000	1	2	TTAGGG
2	15570000	2	1	TTAGGG
2	15580000	3	2	TTAGGG
2	15590000	2	0	TTAGGG
2	15600000	2	2	TTAGGG
2	15610000	3	1	TTAGGG
2	15620000	1	4	TTAGGG
2	15630000	4	0	TTAGGG
2	15640000	3	4	TTAGGG
2	15650000	4	1	TTAGGG
2	15660000	6	2	TTAGGG
2	15670000	3	4	TTAGGG
2	15680000	1	0	TTAGGG
2	15690000	2	0	TTAGGG
2	15700000	2	2	TTAGGG
2	15710000	2	2	TTAGGG
2	15720000	2	2	TTAGGG
2	15730000	0	3	TTAGGG
2	15740000	0	0	TTAGGG
2	15750000	3	1	TTAGGG
2	15760000	1	0	TTAGGG
2	15770000	1	2	TTAGGG
2	15780000	2	1	TTAGGG
2	15790000	1	1	TTAGGG
2	15800000	2	3	TTAGGG
2	15810000	4	2	TTAGGG
2	15820000	2	0	TTAGGG
2	15830000	2	2	TTAGGG
2	15840000	3	1	TTAGGG
2	15850000	0	0	TTAGGG
2	15860000	3	2	TTAGGG
2	15870000	1	3	TTAGGG
2	15880000	2	0	TTAGGG
2	15890000	0	1	TTAGGG
2	15900000	2	1	TTAGGG
2	15910000	2	0	TTAGGG
2	15920000	5	5	TTAGGG
2	15930000	1	2	TTAGGG
2	15940000	4	2	TTAGGG
2	15950000	2	0	TTAGGG
2	15960000	0	3	TTAGGG
2	15970000	2	2	TTAGGG
2	15980000	1	2	TTAGGG
2	15990000	0	0	TTAGGG
2	16000000	0	1	TTAGGG
2	16010000	3	1	TTAGGG
2	16020000	0	3	TTAGGG
2	16030000	0	1	TTAGGG
2	16040000	1	0	TTAGGG
2	16050000	0	0	TTAGGG
2	16060000	0	1	TTAGGG
2	16070000	1	0	TTAGGG
2	16080000	4	2	TTAGGG
2	16090000	3	1	TTAGGG
2	16100000	5	4	TTAGGG
2	16110000	1	0	TTAGGG
2	16120000	2	2	TTAGGG
2	16130000	1	0	TTAGGG
2	16140000	1	1	TTAGGG
2	16150000	0	1	TTAGGG
2	16160000	0	2	TTAGGG
2	16170000	1	1	TTAGGG
2	16180000	0	3	TTAGGG
2	16190000	1	1	TTAGGG
2	16200000	1	0	TTAGGG
2	16210000	1	0	TTAGGG
2	16220000	2	2	TTAGGG
2	16230000	0	0	TTAGGG
2	16240000	0	3	TTAGGG
2	16250000	2	3	TTAGGG
2	16260000	0	1	TTAGGG
2	16270000	2	2	TTAGGG
2	16280000	2	0	TTAGGG
2	16290000	0	1	TTAGGG
2	16300000	2	2	TTAGGG
2	16310000	3	2	TTAGGG
2	16320000	3	0	TTAGGG
2	16330000	1	2	TTAGGG
2	16340000	0	0	TTAGGG
2	16350000	1	0	TTAGGG
2	16360000	2	1	TTAGGG
2	16370000	1	0	TTAGGG
2	16380000	1	2	TTAGGG
2	16390000	2	0	TTAGGG
2	16400000	1	1	TTAGGG
2	16410000	0	1	TTAGGG
2	16420000	2	1	TTAGGG
2	16430000	2	2	TTAGGG
2	16440000	3	3	TTAGGG
2	16450000	3	2	TTAGGG
2	16460000	1	2	TTAGGG
2	16470000	3	0	TTAGGG
2	16480000	3	0	TTAGGG
2	16490000	1	5	TTAGGG
2	16500000	4	0	TTAGGG
2	16510000	0	2	TTAGGG
2	16520000	1	1	TTAGGG
2	16530000	1	1	TTAGGG
2	16540000	0	0	TTAGGG
2	16550000	1	0	TTAGGG
2	16560000	3	3	TTAGGG
2	16570000	0	2	TTAGGG
2	16580000	1	2	TTAGGG
2	16590000	1	0	TTAGGG
2	16600000	1	3	TTAGGG
2	16610000	5	2	TTAGGG
2	16620000	1	0	TTAGGG
2	16630000	1	1	TTAGGG
2	16640000	2	2	TTAGGG
2	16650000	2	2	TTAGGG
2	16660000	1	1	TTAGGG
2	16670000	1	0	TTAGGG
2	16680000	1	2	TTAGGG
2	16690000	2	1	TTAGGG
2	16700000	0	1	TTAGGG
2	16710000	1	0	TTAGGG
2	16720000	1	4	TTAGGG
2	16730000	1	1	TTAGGG
2	16740000	3	1	TTAGGG
2	16750000	1	1	TTAGGG
2	16760000	2	2	TTAGGG
2	16770000	1	2	TTAGGG
2	16780000	0	0	TTAGGG
2	16790000	3	1	TTAGGG
2	16800000	0	2	TTAGGG
2	16810000	5	1	TTAGGG
2	16820000	2	1	TTAGGG
2	16830000	3	2	TTAGGG
2	16840000	3	3	TTAGGG
2	16850000	2	4	TTAGGG
2	16860000	0	1	TTAGGG
2	16870000	1	2	TTAGGG
2	16880000	2	1	TTAGGG
2	16890000	3	0	TTAGGG
2	16900000	1	1	TTAGGG
2	16910000	0	3	TTAGGG
2	16920000	3	0	TTAGGG
2	16930000	1	5	TTAGGG
2	16940000	3	2	TTAGGG
2	16950000	1	1	TTAGGG
2	16960000	2	2	TTAGGG
2	16970000	1	2	TTAGGG
2	16980000	0	0	TTAGGG
2	16990000	1	1	TTAGGG
2	17000000	3	0	TTAGGG
2	17010000	3	0	TTAGGG
2	17020000	2	0	TTAGGG
2	17030000	2	1	TTAGGG
2	17040000	2	2	TTAGGG
2	17050000	1	0	TTAGGG
2	17060000	1	0	TTAGGG
2	17070000	1	3	TTAGGG
2	17080000	4	0	TTAGGG
2	17090000	2	1	TTAGGG
2	17100000	2	1	TTAGGG
2	17110000	1	0	TTAGGG
2	17120000	1	0	TTAGGG
2	17130000	0	2	TTAGGG
2	17140000	1	4	TTAGGG
2	17150000	1	1	TTAGGG
2	17160000	2	2	TTAGGG
2	17170000	1	3	TTAGGG
2	17180000	2	2	TTAGGG
2	17190000	4	0	TTAGGG
2	17200000	2	3	TTAGGG
2	17210000	2	1	TTAGGG
2	17220000	1	0	TTAGGG
2	17230000	4	2	TTAGGG
2	17240000	1	3	TTAGGG
2	17250000	2	0	TTAGGG
2	17260000	2	1	TTAGGG
2	17270000	3	3	TTAGGG
2	17280000	4	1	TTAGGG
2	17290000	1	1	TTAGGG
2	17300000	0	0	TTAGGG
2	17310000	2	1	TTAGGG
2	17320000	5	0	TTAGGG
2	17330000	2	2	TTAGGG
2	17340000	2	2	TTAGGG
2	17350000	2	1	TTAGGG
2	17360000	2	4	TTAGGG
2	17370000	1	2	TTAGGG
2	17380000	2	1	TTAGGG
2	17390000	0	1	TTAGGG
2	17400000	0	1	TTAGGG
2	17410000	2	0	TTAGGG
2	17420000	0	1	TTAGGG
2	17430000	0	1	TTAGGG
2	17440000	3	3	TTAGGG
2	17450000	1	0	TTAGGG
2	17460000	2	2	TTAGGG
2	17470000	4	1	TTAGGG
2	17480000	1	1	TTAGGG
2	17490000	1	2	TTAGGG
2	17500000	0	4	TTAGGG
2	17510000	0	3	TTAGGG
2	17520000	2	3	TTAGGG
2	17530000	2	1	TTAGGG
2	17540000	2	2	TTAGGG
2	17550000	4	1	TTAGGG
2	17560000	2	2	TTAGGG
2	17570000	3	1	TTAGGG
2	17580000	2	0	TTAGGG
2	17590000	0	1	TTAGGG
2	17600000	1	2	TTAGGG
2	17610000	2	2	TTAGGG
2	17620000	2	1	TTAGGG
2	17630000	3	0	TTAGGG
2	17640000	0	1	TTAGGG
2	17650000	0	3	TTAGGG
2	17660000	0	1	TTAGGG
2	17670000	2	3	TTAGGG
2	17680000	0	3	TTAGGG
2	17690000	1	1	TTAGGG
2	17700000	4	3	TTAGGG
2	17710000	1	0	TTAGGG
2	17720000	2	2	TTAGGG
2	17730000	1	4	TTAGGG
2	17740000	3	2	TTAGGG
2	17750000	1	2	TTAGGG
2	17760000	1	2	TTAGGG
2	17770000	4	3	TTAGGG
2	17780000	3	2	TTAGGG
2	17790000	1	1	TTAGGG
2	17800000	1	2	TTAGGG
2	17810000	1	1	TTAGGG
2	17820000	0	3	TTAGGG
2	17830000	3	3	TTAGGG
2	17840000	6	2	TTAGGG
2	17850000	2	2	TTAGGG
2	17860000	1	3	TTAGGG
2	17870000	2	0	TTAGGG
2	17880000	2	0	TTAGGG
2	17890000	0	2	TTAGGG
2	17900000	1	2	TTAGGG
2	17910000	0	3	TTAGGG
2	17920000	1	1	TTAGGG
2	17930000	2	0	TTAGGG
2	17940000	2	0	TTAGGG
2	17950000	4	3	TTAGGG
2	17960000	0	4	TTAGGG
2	17970000	4	1	TTAGGG
2	17980000	1	2	TTAGGG
2	17990000	1	2	TTAGGG
2	18000000	3	3	TTAGGG
2	18010000	1	1	TTAGGG
2	18020000	2	2	TTAGGG
2	18030000	1	2	TTAGGG
2	18040000	4	2	TTAGGG
2	18050000	1	1	TTAGGG
2	18060000	0	2	TTAGGG
2	18070000	0	3	TTAGGG
2	18080000	0	3	TTAGGG
2	18090000	1	1	TTAGGG
2	18100000	0	1	TTAGGG
2	18110000	0	3	TTAGGG
2	18120000	0	2	TTAGGG
2	18130000	2	0	TTAGGG
2	18140000	4	2	TTAGGG
2	18150000	4	2	TTAGGG
2	18160000	2	0	TTAGGG
2	18170000	0	0	TTAGGG
2	18180000	1	2	TTAGGG
2	18190000	1	4	TTAGGG
2	18200000	1	3	TTAGGG
2	18210000	2	3	TTAGGG
2	18220000	1	2	TTAGGG
2	18230000	0	3	TTAGGG
2	18240000	2	0	TTAGGG
2	18250000	4	0	TTAGGG
2	18260000	2	2	TTAGGG
2	18270000	2	4	TTAGGG
2	18280000	1	1	TTAGGG
2	18290000	2	1	TTAGGG
2	18300000	1	1	TTAGGG
2	18310000	2	0	TTAGGG
2	18320000	0	2	TTAGGG
2	18330000	1	0	TTAGGG
2	18340000	1	2	TTAGGG
2	18350000	0	4	TTAGGG
2	18360000	1	1	TTAGGG
2	18370000	0	0	TTAGGG
2	18380000	3	3	TTAGGG
2	18390000	3	2	TTAGGG
2	18400000	3	2	TTAGGG
2	18410000	2	0	TTAGGG
2	18420000	0	1	TTAGGG
2	18430000	1	1	TTAGGG
2	18440000	1	0	TTAGGG
2	18450000	7	2	TTAGGG
2	18460000	0	1	TTAGGG
2	18470000	1	1	TTAGGG
2	18480000	1	1	TTAGGG
2	18490000	4	6	TTAGGG
2	18500000	0	7	TTAGGG
2	18510000	1	3	TTAGGG
2	18520000	0	1	TTAGGG
2	18530000	0	0	TTAGGG
2	18540000	1	0	TTAGGG
2	18550000	2	4	TTAGGG
2	18560000	4	0	TTAGGG
2	18570000	2	3	TTAGGG
2	18580000	0	1	TTAGGG
2	18590000	2	2	TTAGGG
2	18600000	2	1	TTAGGG
2	18610000	4	1	TTAGGG
2	18620000	0	2	TTAGGG
2	18630000	2	0	TTAGGG
2	18640000	2	1	TTAGGG
2	18650000	0	2	TTAGGG
2	18660000	2	0	TTAGGG
2	18670000	2	2	TTAGGG
2	18680000	0	2	TTAGGG
2	18690000	2	0	TTAGGG
2	18700000	3	1	TTAGGG
2	18710000	0	2	TTAGGG
2	18720000	2	0	TTAGGG
2	18730000	3	1	TTAGGG
2	18740000	2	1	TTAGGG
2	18750000	2	1	TTAGGG
2	18760000	0	1	TTAGGG
2	18770000	2	0	TTAGGG
2	18780000	2	1	TTAGGG
2	18790000	0	1	TTAGGG
2	18800000	3	0	TTAGGG
2	18810000	1	0	TTAGGG
2	18820000	3	1	TTAGGG
2	18830000	1	0	TTAGGG
2	18840000	2	1	TTAGGG
2	18850000	1	1	TTAGGG
2	18860000	3	1	TTAGGG
2	18870000	2	0	TTAGGG
2	18880000	0	1	TTAGGG
2	18890000	3	0	TTAGGG
2	18900000	2	1	TTAGGG
2	18910000	2	1	TTAGGG
2	18920000	1	1	TTAGGG
2	18930000	2	1	TTAGGG
2	18940000	2	0	TTAGGG
2	18950000	3	1	TTAGGG
2	18960000	0	3	TTAGGG
2	18970000	1	0	TTAGGG
2	18980000	2	2	TTAGGG
2	18990000	1	2	TTAGGG
2	19000000	2	6	TTAGGG
2	19010000	1	0	TTAGGG
2	19020000	1	3	TTAGGG
2	19030000	0	1	TTAGGG
2	19040000	3	0	TTAGGG
2	19050000	2	2	TTAGGG
2	19060000	1	0	TTAGGG
2	19070000	1	0	TTAGGG
2	19080000	1	3	TTAGGG
2	19090000	0	1	TTAGGG
2	19100000	0	1	TTAGGG
2	19110000	1	4	TTAGGG
2	19120000	5	2	TTAGGG
2	19130000	1	2	TTAGGG
2	19140000	2	0	TTAGGG
2	19150000	2	4	TTAGGG
2	19160000	1	2	TTAGGG
2	19170000	1	2	TTAGGG
2	19180000	2	3	TTAGGG
2	19190000	4	2	TTAGGG
2	19200000	2	1	TTAGGG
2	19210000	0	1	TTAGGG
2	19220000	0	2	TTAGGG
2	19230000	1	2	TTAGGG
2	19240000	1	2	TTAGGG
2	19250000	0	0	TTAGGG
2	19260000	2	1	TTAGGG
2	19270000	1	0	TTAGGG
2	19280000	1	1	TTAGGG
2	19290000	0	2	TTAGGG
2	19300000	1	1	TTAGGG
2	19310000	0	2	TTAGGG
2	19320000	1	1	TTAGGG
2	19330000	2	1	TTAGGG
2	19340000	1	3	TTAGGG
2	19350000	2	1	TTAGGG
2	19360000	1	1	TTAGGG
2	19370000	2	1	TTAGGG
2	19380000	2	1	TTAGGG
2	19390000	0	0	TTAGGG
2	19400000	2	0	TTAGGG
2	19410000	1	1	TTAGGG
2	19420000	1	0	TTAGGG
2	19430000	2	1	TTAGGG
2	19440000	0	3	TTAGGG
2	19450000	2	2	TTAGGG
2	19460000	1	0	TTAGGG
2	19470000	0	2	TTAGGG
2	19480000	0	0	TTAGGG
2	19490000	0	1	TTAGGG
2	19500000	1	3	TTAGGG
2	19510000	2	0	TTAGGG
2	19520000	3	5	TTAGGG
2	19530000	2	2	TTAGGG
2	19540000	2	1	TTAGGG
2	19550000	3	4	TTAGGG
2	19560000	1	5	TTAGGG
2	19570000	1	0	TTAGGG
2	19580000	1	0	TTAGGG
2	19590000	1	0	TTAGGG
2	19600000	0	1	TTAGGG
2	19610000	1	0	TTAGGG
2	19620000	0	1	TTAGGG
2	19630000	0	1	TTAGGG
2	19640000	0	1	TTAGGG
2	19650000	0	3	TTAGGG
2	19660000	1	3	TTAGGG
2	19670000	2	1	TTAGGG
2	19680000	1	1	TTAGGG
2	19690000	1	1	TTAGGG
2	19700000	0	2	TTAGGG
2	19710000	1	0	TTAGGG
2	19720000	0	2	TTAGGG
2	19730000	0	4	TTAGGG
2	19740000	3	1	TTAGGG
2	19750000	0	0	TTAGGG
2	19760000	1	2	TTAGGG
2	19770000	1	1	TTAGGG
2	19780000	2	2	TTAGGG
2	19790000	2	1	TTAGGG
2	19800000	1	2	TTAGGG
2	19810000	2	1	TTAGGG
2	19820000	1	4	TTAGGG
2	19830000	0	2	TTAGGG
2	19840000	1	2	TTAGGG
2	19850000	2	0	TTAGGG
2	19860000	1	2	TTAGGG
2	19870000	3	1	TTAGGG
2	19880000	6	3	TTAGGG
2	19890000	0	1	TTAGGG
2	19900000	0	2	TTAGGG
2	19910000	1	3	TTAGGG
2	19920000	1	4	TTAGGG
2	19930000	1	2	TTAGGG
2	19940000	2	3	TTAGGG
2	19950000	1	1	TTAGGG
2	19960000	3	2	TTAGGG
2	19970000	1	0	TTAGGG
2	19980000	1	1	TTAGGG
2	19990000	1	1	TTAGGG
2	20000000	0	1	TTAGGG
2	20010000	0	0	TTAGGG
2	20020000	3	4	TTAGGG
2	20030000	2	0	TTAGGG
2	20040000	1	4	TTAGGG
2	20050000	1	1	TTAGGG
2	20060000	2	1	TTAGGG
2	20070000	3	1	TTAGGG
2	20080000	2	1	TTAGGG
2	20090000	3	1	TTAGGG
2	20100000	1	0	TTAGGG
2	20110000	1	0	TTAGGG
2	20120000	2	0	TTAGGG
2	20130000	1	1	TTAGGG
2	20140000	0	1	TTAGGG
2	20150000	2	3	TTAGGG
2	20160000	1	7	TTAGGG
2	20170000	2	1	TTAGGG
2	20180000	0	1	TTAGGG
2	20190000	0	2	TTAGGG
2	20200000	1	1	TTAGGG
2	20210000	0	0	TTAGGG
2	20220000	3	0	TTAGGG
2	20230000	0	0	TTAGGG
2	20240000	3	2	TTAGGG
2	20250000	1	2	TTAGGG
2	20260000	0	4	TTAGGG
2	20270000	2	1	TTAGGG
2	20280000	0	6	TTAGGG
2	20290000	0	2	TTAGGG
2	20300000	2	2	TTAGGG
2	20310000	2	1	TTAGGG
2	20320000	2	1	TTAGGG
2	20330000	2	2	TTAGGG
2	20340000	1	2	TTAGGG
2	20350000	1	2	TTAGGG
2	20360000	2	3	TTAGGG
2	20370000	4	0	TTAGGG
2	20380000	2	2	TTAGGG
2	20390000	6	0	TTAGGG
2	20400000	1	1	TTAGGG
2	20410000	3	0	TTAGGG
2	20420000	1	4	TTAGGG
2	20430000	0	0	TTAGGG
2	20440000	2	4	TTAGGG
2	20450000	2	3	TTAGGG
2	20460000	0	3	TTAGGG
2	20470000	1	1	TTAGGG
2	20480000	3	2	TTAGGG
2	20490000	3	2	TTAGGG
2	20500000	2	0	TTAGGG
2	20510000	1	4	TTAGGG
2	20520000	0	0	TTAGGG
2	20530000	1	2	TTAGGG
2	20540000	1	1	TTAGGG
2	20550000	1	2	TTAGGG
2	20560000	1	2	TTAGGG
2	20570000	1	2	TTAGGG
2	20580000	0	1	TTAGGG
2	20590000	1	2	TTAGGG
2	20600000	2	2	TTAGGG
2	20610000	2	1	TTAGGG
2	20620000	0	3	TTAGGG
2	20630000	3	2	TTAGGG
2	20640000	3	2	TTAGGG
2	20650000	0	2	TTAGGG
2	20660000	1	2	TTAGGG
2	20670000	1	2	TTAGGG
2	20680000	1	3	TTAGGG
2	20690000	1	1	TTAGGG
2	20700000	2	2	TTAGGG
2	20710000	0	3	TTAGGG
2	20720000	3	2	TTAGGG
2	20730000	0	0	TTAGGG
2	20740000	0	0	TTAGGG
2	20750000	0	0	TTAGGG
2	20760000	0	2	TTAGGG
2	20770000	3	1	TTAGGG
2	20780000	0	1	TTAGGG
2	20790000	3	2	TTAGGG
2	20800000	3	0	TTAGGG
2	20810000	3	0	TTAGGG
2	20820000	2	1	TTAGGG
2	20830000	4	1	TTAGGG
2	20840000	0	1	TTAGGG
2	20850000	1	1	TTAGGG
2	20860000	2	1	TTAGGG
2	20870000	2	0	TTAGGG
2	20880000	1	0	TTAGGG
2	20890000	1	2	TTAGGG
2	20900000	1	4	TTAGGG
2	20910000	1	2	TTAGGG
2	20920000	1	2	TTAGGG
2	20930000	1	0	TTAGGG
2	20940000	2	5	TTAGGG
2	20950000	1	1	TTAGGG
2	20960000	1	0	TTAGGG
2	20970000	3	2	TTAGGG
2	20980000	3	2	TTAGGG
2	20990000	1	3	TTAGGG
2	21000000	1	2	TTAGGG
2	21010000	2	0	TTAGGG
2	21020000	1	4	TTAGGG
2	21030000	2	0	TTAGGG
2	21040000	2	1	TTAGGG
2	21050000	2	3	TTAGGG
2	21060000	3	0	TTAGGG
2	21070000	3	1	TTAGGG
2	21080000	1	2	TTAGGG
2	21090000	2	1	TTAGGG
2	21100000	1	0	TTAGGG
2	21110000	3	1	TTAGGG
2	21120000	2	1	TTAGGG
2	21130000	2	2	TTAGGG
2	21140000	2	1	TTAGGG
2	21150000	2	4	TTAGGG
2	21160000	1	2	TTAGGG
2	21170000	2	3	TTAGGG
2	21180000	2	3	TTAGGG
2	21190000	3	1	TTAGGG
2	21200000	5	0	TTAGGG
2	21210000	3	1	TTAGGG
2	21220000	1	1	TTAGGG
2	21230000	3	1	TTAGGG
2	21240000	0	1	TTAGGG
2	21250000	2	1	TTAGGG
2	21260000	1	0	TTAGGG
2	21270000	1	2	TTAGGG
2	21280000	2	0	TTAGGG
2	21290000	1	0	TTAGGG
2	21300000	3	2	TTAGGG
2	21310000	1	0	TTAGGG
2	21320000	4	3	TTAGGG
2	21330000	1	1	TTAGGG
2	21340000	4	0	TTAGGG
2	21350000	2	3	TTAGGG
2	21360000	2	2	TTAGGG
2	21370000	1	1	TTAGGG
2	21380000	1	0	TTAGGG
2	21390000	0	1	TTAGGG
2	21400000	0	0	TTAGGG
2	21410000	1	0	TTAGGG
2	21420000	2	0	TTAGGG
2	21430000	2	2	TTAGGG
2	21440000	4	2	TTAGGG
2	21450000	1	3	TTAGGG
2	21460000	4	1	TTAGGG
2	21470000	1	2	TTAGGG
2	21480000	3	1	TTAGGG
2	21490000	3	1	TTAGGG
2	21500000	1	1	TTAGGG
2	21510000	3	2	TTAGGG
2	21520000	3	3	TTAGGG
2	21530000	2	1	TTAGGG
2	21540000	2	4	TTAGGG
2	21550000	3	2	TTAGGG
2	21560000	3	1	TTAGGG
2	21570000	3	2	TTAGGG
2	21580000	1	3	TTAGGG
2	21590000	1	0	TTAGGG
2	21600000	2	4	TTAGGG
2	21610000	1	1	TTAGGG
2	21620000	1	1	TTAGGG
2	21630000	3	1	TTAGGG
2	21640000	6	0	TTAGGG
2	21650000	1	2	TTAGGG
2	21660000	4	0	TTAGGG
2	21670000	2	3	TTAGGG
2	21680000	1	0	TTAGGG
2	21690000	0	3	TTAGGG
2	21700000	0	0	TTAGGG
2	21710000	2	3	TTAGGG
2	21720000	1	2	TTAGGG
2	21730000	2	0	TTAGGG
2	21740000	2	4	TTAGGG
2	21750000	1	3	TTAGGG
2	21760000	3	1	TTAGGG
2	21770000	4	2	TTAGGG
2	21780000	2	3	TTAGGG
2	21790000	2	0	TTAGGG
2	21800000	1	4	TTAGGG
2	21810000	0	1	TTAGGG
2	21820000	0	1	TTAGGG
2	21830000	2	5	TTAGGG
2	21840000	2	0	TTAGGG
2	21850000	3	2	TTAGGG
2	21860000	2	0	TTAGGG
2	21870000	0	0	TTAGGG
2	21880000	3	0	TTAGGG
2	21890000	3	1	TTAGGG
2	21900000	1	2	TTAGGG
2	21910000	0	1	TTAGGG
2	21920000	1	0	TTAGGG
2	21930000	1	2	TTAGGG
2	21940000	2	0	TTAGGG
2	21950000	3	2	TTAGGG
2	21960000	0	1	TTAGGG
2	21970000	2	0	TTAGGG
2	21980000	1	2	TTAGGG
2	21990000	0	4	TTAGGG
2	22000000	3	2	TTAGGG
2	22010000	1	4	TTAGGG
2	22020000	2	2	TTAGGG
2	22030000	3	0	TTAGGG
2	22040000	1	2	TTAGGG
2	22050000	0	0	TTAGGG
2	22060000	1	0	TTAGGG
2	22070000	0	4	TTAGGG
2	22080000	1	0	TTAGGG
2	22090000	4	3	TTAGGG
2	22100000	1	0	TTAGGG
2	22110000	4	2	TTAGGG
2	22120000	0	1	TTAGGG
2	22130000	2	1	TTAGGG
2	22140000	2	3	TTAGGG
2	22150000	2	2	TTAGGG
2	22160000	0	0	TTAGGG
2	22170000	0	1	TTAGGG
2	22180000	4	0	TTAGGG
2	22190000	1	2	TTAGGG
2	22200000	0	5	TTAGGG
2	22210000	3	0	TTAGGG
2	22220000	2	2	TTAGGG
2	22230000	1	3	TTAGGG
2	22240000	1	1	TTAGGG
2	22250000	0	1	TTAGGG
2	22260000	1	0	TTAGGG
2	22270000	2	2	TTAGGG
2	22280000	1	2	TTAGGG
2	22290000	1	0	TTAGGG
2	22300000	2	0	TTAGGG
2	22310000	1	2	TTAGGG
2	22320000	0	0	TTAGGG
2	22330000	3	1	TTAGGG
2	22340000	1	1	TTAGGG
2	22350000	2	0	TTAGGG
2	22360000	1	1	TTAGGG
2	22370000	1	0	TTAGGG
2	22380000	1	6	TTAGGG
2	22390000	2	3	TTAGGG
2	22400000	1	2	TTAGGG
2	22410000	3	2	TTAGGG
2	22420000	3	2	TTAGGG
2	22430000	4	1	TTAGGG
2	22440000	1	1	TTAGGG
2	22450000	2	0	TTAGGG
2	22460000	1	3	TTAGGG
2	22470000	1	1	TTAGGG
2	22480000	1	1	TTAGGG
2	22490000	0	0	TTAGGG
2	22500000	0	1	TTAGGG
2	22510000	2	0	TTAGGG
2	22520000	2	2	TTAGGG
2	22530000	4	4	TTAGGG
2	22540000	2	1	TTAGGG
2	22550000	0	2	TTAGGG
2	22560000	2	1	TTAGGG
2	22570000	4	1	TTAGGG
2	22580000	2	1	TTAGGG
2	22590000	0	0	TTAGGG
2	22600000	0	1	TTAGGG
2	22610000	1	1	TTAGGG
2	22620000	2	0	TTAGGG
2	22630000	1	0	TTAGGG
2	22640000	3	2	TTAGGG
2	22650000	1	2	TTAGGG
2	22660000	2	1	TTAGGG
2	22670000	3	2	TTAGGG
2	22680000	1	2	TTAGGG
2	22690000	4	1	TTAGGG
2	22700000	2	0	TTAGGG
2	22710000	0	1	TTAGGG
2	22720000	2	0	TTAGGG
2	22730000	1	0	TTAGGG
2	22740000	2	3	TTAGGG
2	22750000	1	3	TTAGGG
2	22760000	2	2	TTAGGG
2	22770000	1	2	TTAGGG
2	22780000	1	0	TTAGGG
2	22790000	4	1	TTAGGG
2	22800000	1	1	TTAGGG
2	22810000	2	0	TTAGGG
2	22820000	2	2	TTAGGG
2	22830000	3	0	TTAGGG
2	22840000	4	0	TTAGGG
2	22850000	2	0	TTAGGG
2	22860000	4	1	TTAGGG
2	22870000	2	2	TTAGGG
2	22880000	4	3	TTAGGG
2	22890000	0	2	TTAGGG
2	22900000	2	1	TTAGGG
2	22910000	0	1	TTAGGG
2	22920000	2	1	TTAGGG
2	22930000	2	2	TTAGGG
2	22940000	0	0	TTAGGG
2	22950000	2	2	TTAGGG
2	22960000	2	1	TTAGGG
2	22970000	1	3	TTAGGG
2	22980000	1	2	TTAGGG
2	22990000	0	0	TTAGGG
2	23000000	1	2	TTAGGG
2	23010000	2	3	TTAGGG
2	23020000	3	2	TTAGGG
2	23030000	2	4	TTAGGG
2	23040000	1	2	TTAGGG
2	23050000	3	2	TTAGGG
2	23060000	1	0	TTAGGG
2	23070000	0	2	TTAGGG
2	23080000	2	0	TTAGGG
2	23090000	2	1	TTAGGG
2	23100000	3	3	TTAGGG
2	23110000	0	2	TTAGGG
2	23120000	1	5	TTAGGG
2	23130000	2	0	TTAGGG
2	23140000	2	0	TTAGGG
2	23150000	2	2	TTAGGG
2	23160000	0	1	TTAGGG
2	23170000	1	0	TTAGGG
2	23180000	2	0	TTAGGG
2	23190000	0	1	TTAGGG
2	23200000	2	1	TTAGGG
2	23210000	1	2	TTAGGG
2	23220000	2	3	TTAGGG
2	23230000	2	1	TTAGGG
2	23240000	0	2	TTAGGG
2	23250000	1	3	TTAGGG
2	23260000	5	1	TTAGGG
2	23270000	1	3	TTAGGG
2	23280000	2	5	TTAGGG
2	23290000	1	4	TTAGGG
2	23300000	2	6	TTAGGG
2	23310000	3	0	TTAGGG
2	23320000	1	0	TTAGGG
2	23330000	4	1	TTAGGG
2	23340000	3	1	TTAGGG
2	23350000	0	1	TTAGGG
2	23360000	4	2	TTAGGG
2	23370000	0	2	TTAGGG
2	23380000	5	1	TTAGGG
2	23390000	2	0	TTAGGG
2	23400000	0	2	TTAGGG
2	23410000	2	1	TTAGGG
2	23420000	3	1	TTAGGG
2	23430000	1	4	TTAGGG
2	23440000	1	1	TTAGGG
2	23450000	0	1	TTAGGG
2	23460000	3	0	TTAGGG
2	23470000	1	3	TTAGGG
2	23480000	1	1	TTAGGG
2	23490000	5	1	TTAGGG
2	23500000	1	3	TTAGGG
2	23510000	3	0	TTAGGG
2	23520000	3	1	TTAGGG
2	23530000	1	3	TTAGGG
2	23540000	3	0	TTAGGG
2	23550000	3	2	TTAGGG
2	23560000	2	2	TTAGGG
2	23570000	5	1	TTAGGG
2	23580000	1	0	TTAGGG
2	23590000	4	1	TTAGGG
2	23600000	2	1	TTAGGG
2	23610000	1	1	TTAGGG
2	23620000	1	3	TTAGGG
2	23630000	0	1	TTAGGG
2	23640000	1	1	TTAGGG
2	23650000	1	2	TTAGGG
2	23660000	2	1	TTAGGG
2	23670000	3	4	TTAGGG
2	23680000	1	0	TTAGGG
2	23690000	1	4	TTAGGG
2	23700000	1	3	TTAGGG
2	23710000	3	2	TTAGGG
2	23720000	1	5	TTAGGG
2	23730000	1	1	TTAGGG
2	23740000	3	1	TTAGGG
2	23750000	1	1	TTAGGG
2	23760000	2	1	TTAGGG
2	23770000	1	0	TTAGGG
2	23780000	1	2	TTAGGG
2	23790000	0	3	TTAGGG
2	23800000	1	1	TTAGGG
2	23810000	1	2	TTAGGG
2	23820000	1	1	TTAGGG
2	23830000	1	1	TTAGGG
2	23840000	2	0	TTAGGG
2	23850000	3	1	TTAGGG
2	23860000	1	1	TTAGGG
2	23870000	0	1	TTAGGG
2	23880000	1	2	TTAGGG
2	23890000	2	2	TTAGGG
2	23900000	1	0	TTAGGG
2	23910000	2	1	TTAGGG
2	23920000	2	2	TTAGGG
2	23930000	2	0	TTAGGG
2	23940000	2	1	TTAGGG
2	23950000	1	0	TTAGGG
2	23960000	2	1	TTAGGG
2	23970000	0	1	TTAGGG
2	23980000	1	3	TTAGGG
2	23990000	1	2	TTAGGG
2	24000000	0	1	TTAGGG
2	24010000	0	0	TTAGGG
2	24020000	2	0	TTAGGG
2	24030000	2	2	TTAGGG
2	24040000	3	2	TTAGGG
2	24050000	0	0	TTAGGG
2	24060000	1	1	TTAGGG
2	24070000	0	0	TTAGGG
2	24080000	1	1	TTAGGG
2	24090000	2	1	TTAGGG
2	24100000	1	1	TTAGGG
2	24110000	1	0	TTAGGG
2	24120000	3	0	TTAGGG
2	24130000	2	1	TTAGGG
2	24140000	3	0	TTAGGG
2	24150000	3	2	TTAGGG
2	24160000	0	0	TTAGGG
2	24170000	0	0	TTAGGG
2	24180000	0	0	TTAGGG
2	24190000	5	1	TTAGGG
2	24200000	4	2	TTAGGG
2	24210000	1	0	TTAGGG
2	24220000	0	2	TTAGGG
2	24230000	2	0	TTAGGG
2	24240000	1	2	TTAGGG
2	24250000	1	1	TTAGGG
2	24260000	1	2	TTAGGG
2	24270000	1	3	TTAGGG
2	24280000	1	2	TTAGGG
2	24290000	0	2	TTAGGG
2	24300000	3	1	TTAGGG
2	24310000	1	3	TTAGGG
2	24320000	2	2	TTAGGG
2	24330000	2	2	TTAGGG
2	24340000	3	2	TTAGGG
2	24350000	0	2	TTAGGG
2	24360000	2	3	TTAGGG
2	24370000	3	3	TTAGGG
2	24380000	2	1	TTAGGG
2	24390000	2	1	TTAGGG
2	24400000	2	1	TTAGGG
2	24410000	3	1	TTAGGG
2	24420000	1	2	TTAGGG
2	24430000	0	2	TTAGGG
2	24440000	0	2	TTAGGG
2	24450000	3	2	TTAGGG
2	24460000	1	1	TTAGGG
2	24470000	1	1	TTAGGG
2	24480000	1	1	TTAGGG
2	24490000	3	2	TTAGGG
2	24500000	2	0	TTAGGG
2	24510000	1	2	TTAGGG
2	24520000	2	3	TTAGGG
2	24530000	1	1	TTAGGG
2	24540000	1	1	TTAGGG
2	24550000	1	4	TTAGGG
2	24560000	2	2	TTAGGG
2	24570000	2	0	TTAGGG
2	24580000	1	1	TTAGGG
2	24590000	0	1	TTAGGG
2	24600000	2	1	TTAGGG
2	24610000	1	2	TTAGGG
2	24620000	0	1	TTAGGG
2	24630000	0	2	TTAGGG
2	24640000	1	2	TTAGGG
2	24650000	3	0	TTAGGG
2	24660000	0	1	TTAGGG
2	24670000	3	1	TTAGGG
2	24680000	0	1	TTAGGG
2	24690000	1	1	TTAGGG
2	24700000	5	3	TTAGGG
2	24710000	0	3	TTAGGG
2	24720000	1	2	TTAGGG
2	24730000	2	4	TTAGGG
2	24740000	0	1	TTAGGG
2	24750000	1	1	TTAGGG
2	24760000	2	1	TTAGGG
2	24770000	1	5	TTAGGG
2	24780000	3	2	TTAGGG
2	24790000	2	1	TTAGGG
2	24800000	4	3	TTAGGG
2	24810000	3	3	TTAGGG
2	24820000	0	1	TTAGGG
2	24830000	2	2	TTAGGG
2	24840000	0	2	TTAGGG
2	24850000	1	2	TTAGGG
2	24860000	4	0	TTAGGG
2	24870000	3	1	TTAGGG
2	24880000	1	4	TTAGGG
2	24890000	1	2	TTAGGG
2	24900000	0	0	TTAGGG
2	24910000	2	3	TTAGGG
2	24920000	3	0	TTAGGG
2	24930000	0	0	TTAGGG
2	24940000	0	4	TTAGGG
2	24950000	0	1	TTAGGG
2	24960000	1	3	TTAGGG
2	24970000	1	1	TTAGGG
2	24980000	1	1	TTAGGG
2	24990000	2	0	TTAGGG
2	25000000	0	2	TTAGGG
2	25010000	5	1	TTAGGG
2	25020000	4	0	TTAGGG
2	25030000	4	1	TTAGGG
2	25040000	1	3	TTAGGG
2	25050000	2	1	TTAGGG
2	25060000	3	4	TTAGGG
2	25070000	2	0	TTAGGG
2	25080000	2	2	TTAGGG
2	25090000	0	2	TTAGGG
2	25100000	4	2	TTAGGG
2	25110000	1	1	TTAGGG
2	25120000	1	4	TTAGGG
2	25130000	0	0	TTAGGG
2	25140000	3	3	TTAGGG
2	25150000	0	3	TTAGGG
2	25160000	2	4	TTAGGG
2	25170000	5	2	TTAGGG
2	25180000	2	3	TTAGGG
2	25190000	1	1	TTAGGG
2	25200000	1	0	TTAGGG
2	25210000	0	2	TTAGGG
2	25220000	0	1	TTAGGG
2	25230000	1	4	TTAGGG
2	25240000	5	1	TTAGGG
2	25250000	2	3	TTAGGG
2	25260000	2	2	TTAGGG
2	25270000	1	1	TTAGGG
2	25280000	0	0	TTAGGG
2	25290000	0	1	TTAGGG
2	25300000	2	0	TTAGGG
2	25310000	1	1	TTAGGG
2	25320000	1	2	TTAGGG
2	25330000	1	0	TTAGGG
2	25340000	1	2	TTAGGG
2	25350000	2	1	TTAGGG
2	25360000	1	1	TTAGGG
2	25370000	2	2	TTAGGG
2	25380000	0	3	TTAGGG
2	25390000	1	1	TTAGGG
2	25400000	0	3	TTAGGG
2	25410000	0	1	TTAGGG
2	25420000	0	1	TTAGGG
2	25430000	2	1	TTAGGG
2	25440000	0	1	TTAGGG
2	25450000	5	1	TTAGGG
2	25460000	2	4	TTAGGG
2	25470000	0	3	TTAGGG
2	25480000	2	3	TTAGGG
2	25490000	3	0	TTAGGG
2	25500000	2	2	TTAGGG
2	25510000	4	1	TTAGGG
2	25520000	1	3	TTAGGG
2	25530000	1	2	TTAGGG
2	25540000	2	2	TTAGGG
2	25550000	2	1	TTAGGG
2	25560000	2	0	TTAGGG
2	25570000	2	1	TTAGGG
2	25580000	1	2	TTAGGG
2	25590000	0	0	TTAGGG
2	25600000	2	2	TTAGGG
2	25610000	2	6	TTAGGG
2	25620000	4	3	TTAGGG
2	25630000	1	1	TTAGGG
2	25640000	1	1	TTAGGG
2	25650000	2	1	TTAGGG
2	25660000	2	2	TTAGGG
2	25670000	5	0	TTAGGG
2	25680000	1	3	TTAGGG
2	25690000	1	0	TTAGGG
2	25700000	1	3	TTAGGG
2	25710000	1	1	TTAGGG
2	25720000	1	0	TTAGGG
2	25730000	3	1	TTAGGG
2	25740000	3	0	TTAGGG
2	25750000	0	4	TTAGGG
2	25760000	1	2	TTAGGG
2	25770000	1	0	TTAGGG
2	25780000	0	1	TTAGGG
2	25790000	1	1	TTAGGG
2	25800000	1	2	TTAGGG
2	25810000	2	0	TTAGGG
2	25820000	1	3	TTAGGG
2	25830000	3	1	TTAGGG
2	25840000	0	0	TTAGGG
2	25850000	3	1	TTAGGG
2	25860000	3	3	TTAGGG
2	25870000	3	3	TTAGGG
2	25880000	3	2	TTAGGG
2	25890000	4	3	TTAGGG
2	25900000	3	3	TTAGGG
2	25910000	2	3	TTAGGG
2	25920000	3	2	TTAGGG
2	25930000	4	2	TTAGGG
2	25940000	3	3	TTAGGG
2	25950000	2	2	TTAGGG
2	25960000	1	2	TTAGGG
2	25970000	2	2	TTAGGG
2	25980000	0	5	TTAGGG
2	25990000	1	3	TTAGGG
2	26000000	1	1	TTAGGG
2	26010000	4	0	TTAGGG
2	26020000	1	1	TTAGGG
2	26030000	2	0	TTAGGG
2	26040000	1	2	TTAGGG
2	26050000	0	4	TTAGGG
2	26060000	1	1	TTAGGG
2	26070000	1	0	TTAGGG
2	26080000	0	0	TTAGGG
2	26090000	0	1	TTAGGG
2	26100000	5	3	TTAGGG
2	26110000	3	1	TTAGGG
2	26120000	1	1	TTAGGG
2	26130000	1	2	TTAGGG
2	26140000	0	0	TTAGGG
2	26150000	1	2	TTAGGG
2	26160000	2	1	TTAGGG
2	26170000	0	3	TTAGGG
2	26180000	3	0	TTAGGG
2	26190000	1	1	TTAGGG
2	26200000	4	2	TTAGGG
2	26210000	2	0	TTAGGG
2	26220000	2	2	TTAGGG
2	26230000	1	1	TTAGGG
2	26240000	1	0	TTAGGG
2	26250000	0	0	TTAGGG
2	26260000	0	0	TTAGGG
2	26270000	0	2	TTAGGG
2	26280000	2	0	TTAGGG
2	26290000	0	0	TTAGGG
2	26300000	1	1	TTAGGG
2	26310000	1	1	TTAGGG
2	26320000	0	1	TTAGGG
2	26330000	0	2	TTAGGG
2	26340000	0	2	TTAGGG
2	26350000	0	1	TTAGGG
2	26360000	1	0	TTAGGG
2	26370000	2	0	TTAGGG
2	26380000	2	0	TTAGGG
2	26390000	1	0	TTAGGG
2	26400000	0	2	TTAGGG
2	26410000	1	1	TTAGGG
2	26420000	0	0	TTAGGG
2	26430000	0	2	TTAGGG
2	26440000	0	3	TTAGGG
2	26450000	0	0	TTAGGG
2	26460000	3	0	TTAGGG
2	26470000	2	0	TTAGGG
2	26480000	0	0	TTAGGG
2	26490000	1	1	TTAGGG
2	26500000	3	0	TTAGGG
2	26510000	1	1	TTAGGG
2	26520000	0	1	TTAGGG
2	26530000	0	3	TTAGGG
2	26540000	0	1	TTAGGG
2	26550000	1	0	TTAGGG
2	26560000	2	0	TTAGGG
2	26570000	2	0	TTAGGG
2	26580000	1	0	TTAGGG
2	26590000	0	2	TTAGGG
2	26600000	1	1	TTAGGG
2	26610000	0	0	TTAGGG
2	26620000	0	2	TTAGGG
2	26630000	0	2	TTAGGG
2	26640000	0	1	TTAGGG
2	26650000	3	0	TTAGGG
2	26660000	2	0	TTAGGG
2	26670000	0	1	TTAGGG
2	26680000	2	1	TTAGGG
2	26690000	1	2	TTAGGG
2	26700000	2	1	TTAGGG
2	26710000	2	1	TTAGGG
2	26720000	0	1	TTAGGG
2	26730000	2	0	TTAGGG
2	26740000	1	3	TTAGGG
2	26750000	2	0	TTAGGG
2	26760000	2	1	TTAGGG
2	26770000	0	1	TTAGGG
2	26780000	2	1	TTAGGG
2	26790000	1	2	TTAGGG
2	26800000	3	0	TTAGGG
2	26810000	1	1	TTAGGG
2	26820000	2	1	TTAGGG
2	26830000	0	2	TTAGGG
2	26840000	1	1	TTAGGG
2	26850000	2	2	TTAGGG
2	26860000	0	2	TTAGGG
2	26870000	2	1	TTAGGG
2	26880000	1	0	TTAGGG
2	26890000	2	3	TTAGGG
2	26900000	0	3	TTAGGG
2	26910000	2	1	TTAGGG
2	26920000	1	0	TTAGGG
2	26930000	0	0	TTAGGG
2	26940000	0	0	TTAGGG
2	26950000	1	2	TTAGGG
2	26960000	3	1	TTAGGG
2	26970000	1	2	TTAGGG
2	26980000	2	2	TTAGGG
2	26990000	3	3	TTAGGG
2	27000000	0	1	TTAGGG
2	27010000	1	2	TTAGGG
2	27020000	0	2	TTAGGG
2	27030000	1	1	TTAGGG
2	27040000	2	1	TTAGGG
2	27050000	1	0	TTAGGG
2	27060000	1	1	TTAGGG
2	27070000	2	0	TTAGGG
2	27080000	1	0	TTAGGG
2	27090000	1	1	TTAGGG
2	27100000	0	1	TTAGGG
2	27110000	0	0	TTAGGG
2	27120000	1	0	TTAGGG
2	27130000	0	2	TTAGGG
2	27140000	1	1	TTAGGG
2	27150000	1	0	TTAGGG
2	27160000	2	1	TTAGGG
2	27170000	0	0	TTAGGG
2	27180000	1	1	TTAGGG
2	27190000	3	2	TTAGGG
2	27200000	1	0	TTAGGG
2	27210000	1	2	TTAGGG
2	27220000	0	1	TTAGGG
2	27230000	1	2	TTAGGG
2	27240000	1	1	TTAGGG
2	27250000	2	0	TTAGGG
2	27260000	3	1	TTAGGG
2	27270000	2	4	TTAGGG
2	27280000	2	3	TTAGGG
2	27290000	3	1	TTAGGG
2	27300000	2	1	TTAGGG
2	27310000	0	7	TTAGGG
2	27320000	1	3	TTAGGG
2	27330000	1	1	TTAGGG
2	27340000	3	2	TTAGGG
2	27350000	0	0	TTAGGG
2	27360000	0	1	TTAGGG
2	27370000	1	1	TTAGGG
2	27380000	1	2	TTAGGG
2	27390000	0	1	TTAGGG
2	27400000	3	1	TTAGGG
2	27410000	1	2	TTAGGG
2	27420000	0	1	TTAGGG
2	27430000	0	0	TTAGGG
2	27440000	0	1	TTAGGG
2	27450000	1	0	TTAGGG
2	27460000	0	1	TTAGGG
2	27470000	1	0	TTAGGG
2	27480000	2	1	TTAGGG
2	27490000	0	1	TTAGGG
2	27500000	1	3	TTAGGG
2	27510000	1	0	TTAGGG
2	27520000	0	0	TTAGGG
2	27530000	1	2	TTAGGG
2	27540000	2	2	TTAGGG
2	27550000	1	1	TTAGGG
2	27560000	1	4	TTAGGG
2	27570000	1	1	TTAGGG
2	27580000	2	0	TTAGGG
2	27590000	3	1	TTAGGG
2	27600000	0	3	TTAGGG
2	27610000	0	2	TTAGGG
2	27620000	2	0	TTAGGG
2	27630000	2	1	TTAGGG
2	27640000	1	3	TTAGGG
2	27650000	1	1	TTAGGG
2	27660000	3	1	TTAGGG
2	27670000	1	0	TTAGGG
2	27680000	1	1	TTAGGG
2	27690000	2	1	TTAGGG
2	27700000	1	2	TTAGGG
2	27710000	0	1	TTAGGG
2	27720000	2	1	TTAGGG
2	27730000	0	2	TTAGGG
2	27740000	1	1	TTAGGG
2	27750000	1	2	TTAGGG
2	27760000	0	2	TTAGGG
2	27770000	1	1	TTAGGG
2	27780000	1	0	TTAGGG
2	27790000	2	1	TTAGGG
2	27800000	1	3	TTAGGG
2	27810000	0	0	TTAGGG
2	27820000	0	0	TTAGGG
2	27830000	1	1	TTAGGG
2	27840000	0	0	TTAGGG
2	27850000	0	1	TTAGGG
2	27860000	1	1	TTAGGG
2	27870000	2	0	TTAGGG
2	27880000	1	1	TTAGGG
2	27890000	0	3	TTAGGG
2	27900000	1	0	TTAGGG
2	27910000	1	0	TTAGGG
2	27920000	1	2	TTAGGG
2	27930000	1	3	TTAGGG
2	27940000	2	0	TTAGGG
2	27950000	0	4	TTAGGG
2	27960000	1	1	TTAGGG
2	27970000	1	2	TTAGGG
2	27980000	2	1	TTAGGG
2	27990000	2	1	TTAGGG
2	28000000	2	2	TTAGGG
2	28010000	2	1	TTAGGG
2	28020000	1	1	TTAGGG
2	28030000	0	0	TTAGGG
2	28040000	0	1	TTAGGG
2	28050000	3	1	TTAGGG
2	28060000	1	0	TTAGGG
2	28070000	1	2	TTAGGG
2	28080000	1	1	TTAGGG
2	28090000	0	0	TTAGGG
2	28100000	0	1	TTAGGG
2	28110000	1	0	TTAGGG
2	28120000	0	0	TTAGGG
2	28130000	1	0	TTAGGG
2	28140000	2	1	TTAGGG
2	28150000	1	3	TTAGGG
2	28160000	1	0	TTAGGG
2	28170000	2	1	TTAGGG
2	28180000	1	1	TTAGGG
2	28190000	1	0	TTAGGG
2	28200000	0	1	TTAGGG
2	28210000	0	0	TTAGGG
2	28220000	1	0	TTAGGG
2	28230000	2	3	TTAGGG
2	28240000	0	2	TTAGGG
2	28250000	0	0	TTAGGG
2	28260000	0	0	TTAGGG
2	28270000	1	1	TTAGGG
2	28280000	1	1	TTAGGG
2	28290000	0	1	TTAGGG
2	28300000	1	1	TTAGGG
2	28310000	0	1	TTAGGG
2	28320000	1	2	TTAGGG
2	28330000	1	1	TTAGGG
2	28340000	1	1	TTAGGG
2	28350000	3	1	TTAGGG
2	28360000	1	0	TTAGGG
2	28370000	2	1	TTAGGG
2	28380000	1	2	TTAGGG
2	28390000	2	2	TTAGGG
2	28400000	2	1	TTAGGG
2	28410000	1	3	TTAGGG
2	28420000	2	1	TTAGGG
2	28430000	0	0	TTAGGG
2	28440000	1	0	TTAGGG
2	28450000	1	0	TTAGGG
2	28460000	0	1	TTAGGG
2	28470000	1	0	TTAGGG
2	28480000	0	2	TTAGGG
2	28490000	0	1	TTAGGG
2	28500000	1	1	TTAGGG
2	28510000	0	2	TTAGGG
2	28520000	1	0	TTAGGG
2	28530000	2	1	TTAGGG
2	28540000	2	0	TTAGGG
2	28550000	0	1	TTAGGG
2	28560000	1	2	TTAGGG
2	28570000	1	1	TTAGGG
2	28580000	1	0	TTAGGG
2	28590000	1	2	TTAGGG
2	28600000	1	1	TTAGGG
2	28610000	0	0	TTAGGG
2	28620000	0	1	TTAGGG
2	28630000	1	1	TTAGGG
2	28640000	0	2	TTAGGG
2	28650000	2	0	TTAGGG
2	28660000	1	1	TTAGGG
2	28670000	0	1	TTAGGG
2	28680000	5	0	TTAGGG
2	28690000	1	1	TTAGGG
2	28700000	2	1	TTAGGG
2	28710000	3	2	TTAGGG
2	28720000	3	1	TTAGGG
2	28730000	2	1	TTAGGG
2	28740000	2	3	TTAGGG
2	28750000	0	2	TTAGGG
2	28760000	2	2	TTAGGG
2	28770000	1	0	TTAGGG
2	28780000	2	3	TTAGGG
2	28790000	2	1	TTAGGG
2	28800000	0	3	TTAGGG
2	28810000	1	2	TTAGGG
2	28820000	1	1	TTAGGG
2	28830000	1	3	TTAGGG
2	28840000	1	2	TTAGGG
2	28850000	2	0	TTAGGG
2	28860000	1	0	TTAGGG
2	28870000	3	2	TTAGGG
2	28880000	0	2	TTAGGG
2	28890000	1	3	TTAGGG
2	28900000	1	1	TTAGGG
2	28910000	1	0	TTAGGG
2	28920000	3	2	TTAGGG
2	28930000	0	1	TTAGGG
2	28940000	3	4	TTAGGG
2	28950000	0	0	TTAGGG
2	28960000	1	2	TTAGGG
2	28970000	3	1	TTAGGG
2	28980000	3	0	TTAGGG
2	28990000	2	0	TTAGGG
2	29000000	3	1	TTAGGG
2	29010000	0	4	TTAGGG
2	29020000	0	1	TTAGGG
2	29030000	0	1	TTAGGG
2	29040000	0	3	TTAGGG
2	29050000	4	0	TTAGGG
2	29060000	1	0	TTAGGG
2	29070000	2	2	TTAGGG
2	29080000	6	2	TTAGGG
2	29090000	2	0	TTAGGG
2	29100000	0	1	TTAGGG
2	29110000	1	2	TTAGGG
2	29120000	0	1	TTAGGG
2	29130000	1	2	TTAGGG
2	29140000	0	0	TTAGGG
2	29150000	1	3	TTAGGG
2	29160000	1	2	TTAGGG
2	29170000	2	2	TTAGGG
2	29180000	1	3	TTAGGG
2	29190000	0	1	TTAGGG
2	29200000	0	0	TTAGGG
2	29210000	0	1	TTAGGG
2	29220000	1	2	TTAGGG
2	29230000	2	1	TTAGGG
2	29240000	2	1	TTAGGG
2	29250000	1190	1	TTAGGG
2	29254189	690	0	TTAGGG
3	10000	0	1659	TTAGGG
3	20000	1	749	TTAGGG
3	30000	0	1	TTAGGG
3	40000	1	1	TTAGGG
3	50000	1	0	TTAGGG
3	60000	2	0	TTAGGG
3	70000	1	0	TTAGGG
3	80000	0	0	TTAGGG
3	90000	0	0	TTAGGG
3	100000	0	0	TTAGGG
3	110000	0	0	TTAGGG
3	120000	0	1	TTAGGG
3	130000	1	0	TTAGGG
3	140000	1	1	TTAGGG
3	150000	1	2	TTAGGG
3	160000	2	1	TTAGGG
3	170000	1	0	TTAGGG
3	180000	0	1	TTAGGG
3	190000	3	1	TTAGGG
3	200000	0	2	TTAGGG
3	210000	2	4	TTAGGG
3	220000	2	1	TTAGGG
3	230000	0	1	TTAGGG
3	240000	1	2	TTAGGG
3	250000	0	2	TTAGGG
3	260000	1	2	TTAGGG
3	270000	1	0	TTAGGG
3	280000	1	1	TTAGGG
3	290000	2	0	TTAGGG
3	300000	3	3	TTAGGG
3	310000	0	4	TTAGGG
3	320000	1	2	TTAGGG
3	330000	1	0	TTAGGG
3	340000	3	2	TTAGGG
3	350000	0	0	TTAGGG
3	360000	2	3	TTAGGG
3	370000	1	1	TTAGGG
3	380000	3	1	TTAGGG
3	390000	1	1	TTAGGG
3	400000	2	3	TTAGGG
3	410000	0	0	TTAGGG
3	420000	2	0	TTAGGG
3	430000	1	0	TTAGGG
3	440000	0	0	TTAGGG
3	450000	3	0	TTAGGG
3	460000	1	0	TTAGGG
3	470000	1	1	TTAGGG
3	480000	2	1	TTAGGG
3	490000	0	1	TTAGGG
3	500000	2	0	TTAGGG
3	510000	0	2	TTAGGG
3	520000	1	0	TTAGGG
3	530000	0	0	TTAGGG
3	540000	2	0	TTAGGG
3	550000	2	2	TTAGGG
3	560000	2	0	TTAGGG
3	570000	1	1	TTAGGG
3	580000	2	0	TTAGGG
3	590000	1	3	TTAGGG
3	600000	0	1	TTAGGG
3	610000	0	0	TTAGGG
3	620000	2	2	TTAGGG
3	630000	4	2	TTAGGG
3	640000	1	2	TTAGGG
3	650000	0	2	TTAGGG
3	660000	1	2	TTAGGG
3	670000	0	1	TTAGGG
3	680000	1	2	TTAGGG
3	690000	2	0	TTAGGG
3	700000	1	0	TTAGGG
3	710000	0	1	TTAGGG
3	720000	2	1	TTAGGG
3	730000	1	3	TTAGGG
3	740000	3	0	TTAGGG
3	750000	3	0	TTAGGG
3	760000	0	1	TTAGGG
3	770000	1	0	TTAGGG
3	780000	1	0	TTAGGG
3	790000	1	0	TTAGGG
3	800000	2	1	TTAGGG
3	810000	1	0	TTAGGG
3	820000	0	0	TTAGGG
3	830000	0	1	TTAGGG
3	840000	2	2	TTAGGG
3	850000	0	1	TTAGGG
3	860000	2	1	TTAGGG
3	870000	2	1	TTAGGG
3	880000	1	1	TTAGGG
3	890000	1	0	TTAGGG
3	900000	1	2	TTAGGG
3	910000	0	2	TTAGGG
3	920000	0	1	TTAGGG
3	930000	0	1	TTAGGG
3	940000	1	2	TTAGGG
3	950000	1	1	TTAGGG
3	960000	2	1	TTAGGG
3	970000	1	1	TTAGGG
3	980000	0	3	TTAGGG
3	990000	1	2	TTAGGG
3	1000000	1	1	TTAGGG
3	1010000	1	1	TTAGGG
3	1020000	1	0	TTAGGG
3	1030000	2	2	TTAGGG
3	1040000	0	1	TTAGGG
3	1050000	0	2	TTAGGG
3	1060000	1	0	TTAGGG
3	1070000	2	3	TTAGGG
3	1080000	0	0	TTAGGG
3	1090000	0	0	TTAGGG
3	1100000	1	0	TTAGGG
3	1110000	1	0	TTAGGG
3	1120000	0	0	TTAGGG
3	1130000	0	0	TTAGGG
3	1140000	0	0	TTAGGG
3	1150000	2	2	TTAGGG
3	1160000	1	2	TTAGGG
3	1170000	0	2	TTAGGG
3	1180000	3	1	TTAGGG
3	1190000	3	0	TTAGGG
3	1200000	0	0	TTAGGG
3	1210000	2	3	TTAGGG
3	1220000	3	0	TTAGGG
3	1230000	2	1	TTAGGG
3	1240000	0	3	TTAGGG
3	1250000	2	2	TTAGGG
3	1260000	0	1	TTAGGG
3	1270000	1	1	TTAGGG
3	1280000	2	2	TTAGGG
3	1290000	3	1	TTAGGG
3	1300000	1	2	TTAGGG
3	1310000	0	0	TTAGGG
3	1320000	0	0	TTAGGG
3	1330000	0	1	TTAGGG
3	1340000	0	0	TTAGGG
3	1350000	0	0	TTAGGG
3	1360000	3	0	TTAGGG
3	1370000	2	2	TTAGGG
3	1380000	1	1	TTAGGG
3	1390000	0	0	TTAGGG
3	1400000	0	1	TTAGGG
3	1410000	0	0	TTAGGG
3	1420000	0	0	TTAGGG
3	1430000	3	0	TTAGGG
3	1440000	2	2	TTAGGG
3	1450000	1	1	TTAGGG
3	1460000	0	0	TTAGGG
3	1470000	0	1	TTAGGG
3	1480000	0	0	TTAGGG
3	1490000	0	0	TTAGGG
3	1500000	3	0	TTAGGG
3	1510000	2	2	TTAGGG
3	1520000	1	1	TTAGGG
3	1530000	0	0	TTAGGG
3	1540000	0	1	TTAGGG
3	1550000	0	0	TTAGGG
3	1560000	0	0	TTAGGG
3	1570000	3	0	TTAGGG
3	1580000	2	3	TTAGGG
3	1590000	2	0	TTAGGG
3	1600000	2	2	TTAGGG
3	1610000	0	0	TTAGGG
3	1620000	1	0	TTAGGG
3	1630000	0	0	TTAGGG
3	1640000	1	0	TTAGGG
3	1650000	0	1	TTAGGG
3	1660000	0	1	TTAGGG
3	1670000	0	2	TTAGGG
3	1680000	2	1	TTAGGG
3	1690000	1	0	TTAGGG
3	1700000	2	0	TTAGGG
3	1710000	1	1	TTAGGG
3	1720000	0	0	TTAGGG
3	1730000	0	2	TTAGGG
3	1740000	1	4	TTAGGG
3	1750000	4	2	TTAGGG
3	1760000	1	1	TTAGGG
3	1770000	2	1	TTAGGG
3	1780000	1	3	TTAGGG
3	1790000	2	1	TTAGGG
3	1800000	0	2	TTAGGG
3	1810000	3	0	TTAGGG
3	1820000	1	1	TTAGGG
3	1830000	0	2	TTAGGG
3	1840000	5	1	TTAGGG
3	1850000	1	0	TTAGGG
3	1860000	3	2	TTAGGG
3	1870000	1	0	TTAGGG
3	1880000	3	3	TTAGGG
3	1890000	1	0	TTAGGG
3	1900000	3	1	TTAGGG
3	1910000	1	1	TTAGGG
3	1920000	0	0	TTAGGG
3	1930000	2	0	TTAGGG
3	1940000	0	3	TTAGGG
3	1950000	1	1	TTAGGG
3	1960000	0	0	TTAGGG
3	1970000	1	2	TTAGGG
3	1980000	3	0	TTAGGG
3	1990000	2	0	TTAGGG
3	2000000	0	0	TTAGGG
3	2010000	1	0	TTAGGG
3	2020000	2	0	TTAGGG
3	2030000	1	0	TTAGGG
3	2040000	1	0	TTAGGG
3	2050000	2	1	TTAGGG
3	2060000	0	1	TTAGGG
3	2070000	1	1	TTAGGG
3	2080000	0	0	TTAGGG
3	2090000	0	1	TTAGGG
3	2100000	2	3	TTAGGG
3	2110000	2	1	TTAGGG
3	2120000	2	4	TTAGGG
3	2130000	0	1	TTAGGG
3	2140000	0	3	TTAGGG
3	2150000	1	1	TTAGGG
3	2160000	1	1	TTAGGG
3	2170000	1	2	TTAGGG
3	2180000	1	1	TTAGGG
3	2190000	1	4	TTAGGG
3	2200000	1	2	TTAGGG
3	2210000	0	1	TTAGGG
3	2220000	1	2	TTAGGG
3	2230000	1	2	TTAGGG
3	2240000	2	1	TTAGGG
3	2250000	0	2	TTAGGG
3	2260000	0	0	TTAGGG
3	2270000	3	1	TTAGGG
3	2280000	3	0	TTAGGG
3	2290000	1	0	TTAGGG
3	2300000	1	3	TTAGGG
3	2310000	3	1	TTAGGG
3	2320000	3	0	TTAGGG
3	2330000	3	3	TTAGGG
3	2340000	1	0	TTAGGG
3	2350000	0	3	TTAGGG
3	2360000	0	0	TTAGGG
3	2370000	0	0	TTAGGG
3	2380000	0	0	TTAGGG
3	2390000	0	0	TTAGGG
3	2400000	0	0	TTAGGG
3	2410000	0	0	TTAGGG
3	2420000	0	0	TTAGGG
3	2430000	0	0	TTAGGG
3	2440000	0	0	TTAGGG
3	2450000	0	0	TTAGGG
3	2460000	0	0	TTAGGG
3	2470000	0	0	TTAGGG
3	2480000	0	0	TTAGGG
3	2490000	0	0	TTAGGG
3	2500000	0	0	TTAGGG
3	2510000	0	0	TTAGGG
3	2520000	0	0	TTAGGG
3	2530000	0	0	TTAGGG
3	2540000	0	0	TTAGGG
3	2550000	0	0	TTAGGG
3	2560000	2	0	TTAGGG
3	2570000	2	1	TTAGGG
3	2580000	1	4	TTAGGG
3	2590000	2	4	TTAGGG
3	2600000	0	3	TTAGGG
3	2610000	3	5	TTAGGG
3	2620000	2	8	TTAGGG
3	2630000	4	0	TTAGGG
3	2640000	2	2	TTAGGG
3	2650000	1	2	TTAGGG
3	2660000	7	3	TTAGGG
3	2670000	4	1	TTAGGG
3	2680000	2	2	TTAGGG
3	2690000	1	1	TTAGGG
3	2700000	1	1	TTAGGG
3	2710000	3	2	TTAGGG
3	2720000	1	3	TTAGGG
3	2730000	0	3	TTAGGG
3	2740000	2	1	TTAGGG
3	2750000	0	1	TTAGGG
3	2760000	1	1	TTAGGG
3	2770000	2	2	TTAGGG
3	2780000	1	0	TTAGGG
3	2790000	1	2	TTAGGG
3	2800000	1	0	TTAGGG
3	2810000	0	1	TTAGGG
3	2820000	2	3	TTAGGG
3	2830000	1	1	TTAGGG
3	2840000	0	1	TTAGGG
3	2850000	2	1	TTAGGG
3	2860000	1	0	TTAGGG
3	2870000	1	2	TTAGGG
3	2880000	2	3	TTAGGG
3	2890000	2	1	TTAGGG
3	2900000	3	2	TTAGGG
3	2910000	2	0	TTAGGG
3	2920000	1	2	TTAGGG
3	2930000	0	0	TTAGGG
3	2940000	0	2	TTAGGG
3	2950000	2	2	TTAGGG
3	2960000	0	2	TTAGGG
3	2970000	1	3	TTAGGG
3	2980000	1	3	TTAGGG
3	2990000	0	2	TTAGGG
3	3000000	1	1	TTAGGG
3	3010000	3	2	TTAGGG
3	3020000	0	2	TTAGGG
3	3030000	1	1	TTAGGG
3	3040000	0	0	TTAGGG
3	3050000	0	0	TTAGGG
3	3060000	0	0	TTAGGG
3	3070000	0	0	TTAGGG
3	3080000	4	1	TTAGGG
3	3090000	2	3	TTAGGG
3	3100000	0	3	TTAGGG
3	3110000	2	0	TTAGGG
3	3120000	0	0	TTAGGG
3	3130000	1	1	TTAGGG
3	3140000	1	1	TTAGGG
3	3150000	1	1	TTAGGG
3	3160000	1	1	TTAGGG
3	3170000	6	0	TTAGGG
3	3180000	2	3	TTAGGG
3	3190000	2	2	TTAGGG
3	3200000	2	1	TTAGGG
3	3210000	0	1	TTAGGG
3	3220000	1	2	TTAGGG
3	3230000	1	2	TTAGGG
3	3240000	4	3	TTAGGG
3	3250000	0	0	TTAGGG
3	3260000	0	2	TTAGGG
3	3270000	1	2	TTAGGG
3	3280000	2	2	TTAGGG
3	3290000	1	2	TTAGGG
3	3300000	0	4	TTAGGG
3	3310000	3	2	TTAGGG
3	3320000	2	0	TTAGGG
3	3330000	2	2	TTAGGG
3	3340000	4	1	TTAGGG
3	3350000	1	0	TTAGGG
3	3360000	0	1	TTAGGG
3	3370000	1	2	TTAGGG
3	3380000	1	1	TTAGGG
3	3390000	1	3	TTAGGG
3	3400000	1	0	TTAGGG
3	3410000	3	2	TTAGGG
3	3420000	5	0	TTAGGG
3	3430000	2	1	TTAGGG
3	3440000	0	2	TTAGGG
3	3450000	2	1	TTAGGG
3	3460000	1	3	TTAGGG
3	3470000	3	1	TTAGGG
3	3480000	0	1	TTAGGG
3	3490000	0	1	TTAGGG
3	3500000	0	2	TTAGGG
3	3510000	2	1	TTAGGG
3	3520000	1	0	TTAGGG
3	3530000	3	1	TTAGGG
3	3540000	0	4	TTAGGG
3	3550000	2	0	TTAGGG
3	3560000	2	1	TTAGGG
3	3570000	2	1	TTAGGG
3	3580000	0	1	TTAGGG
3	3590000	2	0	TTAGGG
3	3600000	3	3	TTAGGG
3	3610000	0	1	TTAGGG
3	3620000	1	1	TTAGGG
3	3630000	0	2	TTAGGG
3	3640000	0	3	TTAGGG
3	3650000	1	3	TTAGGG
3	3660000	1	1	TTAGGG
3	3670000	2	0	TTAGGG
3	3680000	1	4	TTAGGG
3	3690000	2	3	TTAGGG
3	3700000	2	1	TTAGGG
3	3710000	0	2	TTAGGG
3	3720000	2	0	TTAGGG
3	3730000	2	1	TTAGGG
3	3740000	0	1	TTAGGG
3	3750000	2	1	TTAGGG
3	3760000	1	0	TTAGGG
3	3770000	3	1	TTAGGG
3	3780000	1	2	TTAGGG
3	3790000	1	1	TTAGGG
3	3800000	2	1	TTAGGG
3	3810000	2	1	TTAGGG
3	3820000	1	2	TTAGGG
3	3830000	1	1	TTAGGG
3	3840000	2	1	TTAGGG
3	3850000	2	2	TTAGGG
3	3860000	1	1	TTAGGG
3	3870000	1	1	TTAGGG
3	3880000	2	1	TTAGGG
3	3890000	3	0	TTAGGG
3	3900000	2	1	TTAGGG
3	3910000	1	1	TTAGGG
3	3920000	0	0	TTAGGG
3	3930000	0	1	TTAGGG
3	3940000	1	0	TTAGGG
3	3950000	1	0	TTAGGG
3	3960000	0	3	TTAGGG
3	3970000	0	2	TTAGGG
3	3980000	1	0	TTAGGG
3	3990000	0	2	TTAGGG
3	4000000	2	2	TTAGGG
3	4010000	3	2	TTAGGG
3	4020000	1	0	TTAGGG
3	4030000	4	2	TTAGGG
3	4040000	2	2	TTAGGG
3	4050000	4	2	TTAGGG
3	4060000	0	3	TTAGGG
3	4070000	0	1	TTAGGG
3	4080000	2	0	TTAGGG
3	4090000	0	1	TTAGGG
3	4100000	4	0	TTAGGG
3	4110000	1	1	TTAGGG
3	4120000	1	1	TTAGGG
3	4130000	0	2	TTAGGG
3	4140000	2	1	TTAGGG
3	4150000	3	2	TTAGGG
3	4160000	3	2	TTAGGG
3	4170000	4	0	TTAGGG
3	4180000	2	2	TTAGGG
3	4190000	2	1	TTAGGG
3	4200000	2	5	TTAGGG
3	4210000	2	2	TTAGGG
3	4220000	3	2	TTAGGG
3	4230000	3	0	TTAGGG
3	4240000	2	3	TTAGGG
3	4250000	0	1	TTAGGG
3	4260000	1	1	TTAGGG
3	4270000	3	1	TTAGGG
3	4280000	0	2	TTAGGG
3	4290000	4	1	TTAGGG
3	4300000	1	3	TTAGGG
3	4310000	1	1	TTAGGG
3	4320000	2	0	TTAGGG
3	4330000	0	0	TTAGGG
3	4340000	0	0	TTAGGG
3	4350000	0	1	TTAGGG
3	4360000	1	2	TTAGGG
3	4370000	2	5	TTAGGG
3	4380000	1	2	TTAGGG
3	4390000	3	1	TTAGGG
3	4400000	2	1	TTAGGG
3	4410000	0	2	TTAGGG
3	4420000	4	2	TTAGGG
3	4430000	0	1	TTAGGG
3	4440000	3	4	TTAGGG
3	4450000	2	2	TTAGGG
3	4460000	2	1	TTAGGG
3	4470000	0	1	TTAGGG
3	4480000	4	2	TTAGGG
3	4490000	3	3	TTAGGG
3	4500000	1	0	TTAGGG
3	4510000	2	2	TTAGGG
3	4520000	0	3	TTAGGG
3	4530000	3	0	TTAGGG
3	4540000	2	2	TTAGGG
3	4550000	0	0	TTAGGG
3	4560000	0	2	TTAGGG
3	4570000	2	2	TTAGGG
3	4580000	2	1	TTAGGG
3	4590000	1	4	TTAGGG
3	4600000	1	2	TTAGGG
3	4610000	0	4	TTAGGG
3	4620000	0	2	TTAGGG
3	4630000	0	2	TTAGGG
3	4640000	2	0	TTAGGG
3	4650000	1	1	TTAGGG
3	4660000	1	0	TTAGGG
3	4670000	1	1	TTAGGG
3	4680000	1	0	TTAGGG
3	4690000	2	0	TTAGGG
3	4700000	1	4	TTAGGG
3	4710000	0	1	TTAGGG
3	4720000	4	3	TTAGGG
3	4730000	0	1	TTAGGG
3	4740000	2	4	TTAGGG
3	4750000	1	0	TTAGGG
3	4760000	1	2	TTAGGG
3	4770000	0	3	TTAGGG
3	4780000	1	1	TTAGGG
3	4790000	1	2	TTAGGG
3	4800000	3	2	TTAGGG
3	4810000	1	1	TTAGGG
3	4820000	1	0	TTAGGG
3	4830000	0	2	TTAGGG
3	4840000	2	1	TTAGGG
3	4850000	3	3	TTAGGG
3	4860000	1	1	TTAGGG
3	4870000	2	2	TTAGGG
3	4880000	4	4	TTAGGG
3	4890000	2	1	TTAGGG
3	4900000	0	2	TTAGGG
3	4910000	1	2	TTAGGG
3	4920000	2	0	TTAGGG
3	4930000	0	2	TTAGGG
3	4940000	0	3	TTAGGG
3	4950000	0	2	TTAGGG
3	4960000	1	1	TTAGGG
3	4970000	0	1	TTAGGG
3	4980000	0	0	TTAGGG
3	4990000	0	3	TTAGGG
3	5000000	2	0	TTAGGG
3	5010000	1	3	TTAGGG
3	5020000	0	2	TTAGGG
3	5030000	0	1	TTAGGG
3	5040000	0	1	TTAGGG
3	5050000	0	0	TTAGGG
3	5060000	1	5	TTAGGG
3	5070000	3	2	TTAGGG
3	5080000	1	2	TTAGGG
3	5090000	0	0	TTAGGG
3	5100000	3	1	TTAGGG
3	5110000	1	3	TTAGGG
3	5120000	1	0	TTAGGG
3	5130000	0	0	TTAGGG
3	5140000	0	3	TTAGGG
3	5150000	1	1	TTAGGG
3	5160000	1	1	TTAGGG
3	5170000	2	3	TTAGGG
3	5180000	2	1	TTAGGG
3	5190000	2	0	TTAGGG
3	5200000	4	1	TTAGGG
3	5210000	4	1	TTAGGG
3	5220000	2	3	TTAGGG
3	5230000	2	1	TTAGGG
3	5240000	3	3	TTAGGG
3	5250000	3	2	TTAGGG
3	5260000	3	2	TTAGGG
3	5270000	1	1	TTAGGG
3	5280000	0	4	TTAGGG
3	5290000	1	2	TTAGGG
3	5300000	1	2	TTAGGG
3	5310000	1	1	TTAGGG
3	5320000	2	2	TTAGGG
3	5330000	6	2	TTAGGG
3	5340000	0	0	TTAGGG
3	5350000	2	2	TTAGGG
3	5360000	6	2	TTAGGG
3	5370000	2	1	TTAGGG
3	5380000	1	0	TTAGGG
3	5390000	3	0	TTAGGG
3	5400000	1	3	TTAGGG
3	5410000	1	1	TTAGGG
3	5420000	1	1	TTAGGG
3	5430000	3	1	TTAGGG
3	5440000	1	0	TTAGGG
3	5450000	2	2	TTAGGG
3	5460000	2	0	TTAGGG
3	5470000	2	3	TTAGGG
3	5480000	1	2	TTAGGG
3	5490000	1	3	TTAGGG
3	5500000	1	0	TTAGGG
3	5510000	2	1	TTAGGG
3	5520000	3	3	TTAGGG
3	5530000	1	2	TTAGGG
3	5540000	1	1	TTAGGG
3	5550000	1	2	TTAGGG
3	5560000	1	1	TTAGGG
3	5570000	3	1	TTAGGG
3	5580000	0	2	TTAGGG
3	5590000	3	1	TTAGGG
3	5600000	0	1	TTAGGG
3	5610000	0	0	TTAGGG
3	5620000	0	1	TTAGGG
3	5630000	0	0	TTAGGG
3	5640000	1	1	TTAGGG
3	5650000	0	1	TTAGGG
3	5660000	0	3	TTAGGG
3	5670000	0	1	TTAGGG
3	5680000	1	2	TTAGGG
3	5690000	1	2	TTAGGG
3	5700000	3	4	TTAGGG
3	5710000	2	0	TTAGGG
3	5720000	1	1	TTAGGG
3	5730000	0	3	TTAGGG
3	5740000	0	0	TTAGGG
3	5750000	1	0	TTAGGG
3	5760000	5	0	TTAGGG
3	5770000	1	2	TTAGGG
3	5780000	0	3	TTAGGG
3	5790000	2	1	TTAGGG
3	5800000	1	0	TTAGGG
3	5810000	2	6	TTAGGG
3	5820000	0	0	TTAGGG
3	5830000	2	1	TTAGGG
3	5840000	0	1	TTAGGG
3	5850000	1	1	TTAGGG
3	5860000	3	3	TTAGGG
3	5870000	0	2	TTAGGG
3	5880000	3	0	TTAGGG
3	5890000	3	4	TTAGGG
3	5900000	2	3	TTAGGG
3	5910000	1	2	TTAGGG
3	5920000	1	2	TTAGGG
3	5930000	0	1	TTAGGG
3	5940000	0	1	TTAGGG
3	5950000	0	0	TTAGGG
3	5960000	2	0	TTAGGG
3	5970000	2	2	TTAGGG
3	5980000	1	1	TTAGGG
3	5990000	1	0	TTAGGG
3	6000000	3	3	TTAGGG
3	6010000	3	3	TTAGGG
3	6020000	1	1	TTAGGG
3	6030000	2	0	TTAGGG
3	6040000	2	1	TTAGGG
3	6050000	2	2	TTAGGG
3	6060000	0	1	TTAGGG
3	6070000	0	1	TTAGGG
3	6080000	3	2	TTAGGG
3	6090000	2	0	TTAGGG
3	6100000	4	3	TTAGGG
3	6110000	0	2	TTAGGG
3	6120000	0	1	TTAGGG
3	6130000	1	0	TTAGGG
3	6140000	0	0	TTAGGG
3	6150000	2	5	TTAGGG
3	6160000	3	0	TTAGGG
3	6170000	2	1	TTAGGG
3	6180000	3	1	TTAGGG
3	6190000	1	1	TTAGGG
3	6200000	4	1	TTAGGG
3	6210000	1	3	TTAGGG
3	6220000	2	0	TTAGGG
3	6230000	2	2	TTAGGG
3	6240000	0	0	TTAGGG
3	6250000	1	1	TTAGGG
3	6260000	0	3	TTAGGG
3	6270000	2	1	TTAGGG
3	6280000	1	2	TTAGGG
3	6290000	0	3	TTAGGG
3	6300000	1	0	TTAGGG
3	6310000	2	1	TTAGGG
3	6320000	1	1	TTAGGG
3	6330000	1	1	TTAGGG
3	6340000	2	1	TTAGGG
3	6350000	3	3	TTAGGG
3	6360000	3	0	TTAGGG
3	6370000	2	0	TTAGGG
3	6380000	4	0	TTAGGG
3	6390000	3	2	TTAGGG
3	6400000	3	1	TTAGGG
3	6410000	1	0	TTAGGG
3	6420000	2	2	TTAGGG
3	6430000	2	0	TTAGGG
3	6440000	0	2	TTAGGG
3	6450000	3	3	TTAGGG
3	6460000	2	0	TTAGGG
3	6470000	1	3	TTAGGG
3	6480000	2	2	TTAGGG
3	6490000	2	1	TTAGGG
3	6500000	1	2	TTAGGG
3	6510000	4	2	TTAGGG
3	6520000	0	3	TTAGGG
3	6530000	0	0	TTAGGG
3	6540000	2	0	TTAGGG
3	6550000	2	2	TTAGGG
3	6560000	1	0	TTAGGG
3	6570000	1	1	TTAGGG
3	6580000	0	1	TTAGGG
3	6590000	1	2	TTAGGG
3	6600000	1	2	TTAGGG
3	6610000	2	0	TTAGGG
3	6620000	5	0	TTAGGG
3	6630000	1	0	TTAGGG
3	6640000	0	1	TTAGGG
3	6650000	4	2	TTAGGG
3	6660000	0	0	TTAGGG
3	6670000	0	1	TTAGGG
3	6680000	0	2	TTAGGG
3	6690000	0	2	TTAGGG
3	6700000	0	2	TTAGGG
3	6710000	0	2	TTAGGG
3	6720000	0	2	TTAGGG
3	6730000	0	1	TTAGGG
3	6740000	0	2	TTAGGG
3	6750000	0	2	TTAGGG
3	6760000	2	2	TTAGGG
3	6770000	1	1	TTAGGG
3	6780000	2	2	TTAGGG
3	6790000	2	2	TTAGGG
3	6800000	4	1	TTAGGG
3	6810000	3	3	TTAGGG
3	6820000	3	0	TTAGGG
3	6830000	2	3	TTAGGG
3	6840000	0	2	TTAGGG
3	6850000	2	2	TTAGGG
3	6860000	4	2	TTAGGG
3	6870000	2	0	TTAGGG
3	6880000	3	1	TTAGGG
3	6890000	0	0	TTAGGG
3	6900000	1	0	TTAGGG
3	6910000	0	0	TTAGGG
3	6920000	0	3	TTAGGG
3	6930000	1	0	TTAGGG
3	6940000	1	1	TTAGGG
3	6950000	1	2	TTAGGG
3	6960000	1	1	TTAGGG
3	6970000	2	2	TTAGGG
3	6980000	2	1	TTAGGG
3	6990000	0	1	TTAGGG
3	7000000	0	0	TTAGGG
3	7010000	2	2	TTAGGG
3	7020000	1	1	TTAGGG
3	7030000	0	2	TTAGGG
3	7040000	0	3	TTAGGG
3	7050000	1	1	TTAGGG
3	7060000	2	1	TTAGGG
3	7070000	3	0	TTAGGG
3	7080000	2	1	TTAGGG
3	7090000	1	3	TTAGGG
3	7100000	1	0	TTAGGG
3	7110000	3	0	TTAGGG
3	7120000	1	0	TTAGGG
3	7130000	1	2	TTAGGG
3	7140000	1	3	TTAGGG
3	7150000	1	1	TTAGGG
3	7160000	2	1	TTAGGG
3	7170000	0	1	TTAGGG
3	7180000	2	4	TTAGGG
3	7190000	3	1	TTAGGG
3	7200000	4	2	TTAGGG
3	7210000	2	4	TTAGGG
3	7220000	3	5	TTAGGG
3	7230000	1	1	TTAGGG
3	7240000	3	2	TTAGGG
3	7250000	1	1	TTAGGG
3	7260000	0	2	TTAGGG
3	7270000	2	0	TTAGGG
3	7280000	0	1	TTAGGG
3	7290000	2	1	TTAGGG
3	7300000	1	1	TTAGGG
3	7310000	1	0	TTAGGG
3	7320000	6	1	TTAGGG
3	7330000	2	0	TTAGGG
3	7340000	0	0	TTAGGG
3	7350000	2	0	TTAGGG
3	7360000	3	2	TTAGGG
3	7370000	2	0	TTAGGG
3	7380000	1	2	TTAGGG
3	7390000	2	4	TTAGGG
3	7400000	4	3	TTAGGG
3	7410000	1	2	TTAGGG
3	7420000	1	2	TTAGGG
3	7430000	1	1	TTAGGG
3	7440000	2	1	TTAGGG
3	7450000	1	1	TTAGGG
3	7460000	1	1	TTAGGG
3	7470000	3	3	TTAGGG
3	7480000	1	4	TTAGGG
3	7490000	0	5	TTAGGG
3	7500000	1	1	TTAGGG
3	7510000	0	3	TTAGGG
3	7520000	2	2	TTAGGG
3	7530000	0	0	TTAGGG
3	7540000	1	2	TTAGGG
3	7550000	3	1	TTAGGG
3	7560000	0	0	TTAGGG
3	7570000	0	1	TTAGGG
3	7580000	3	2	TTAGGG
3	7590000	1	3	TTAGGG
3	7600000	1	0	TTAGGG
3	7610000	4	1	TTAGGG
3	7620000	1	2	TTAGGG
3	7630000	1	0	TTAGGG
3	7640000	0	1	TTAGGG
3	7650000	0	1	TTAGGG
3	7660000	3	0	TTAGGG
3	7670000	3	2	TTAGGG
3	7680000	1	1	TTAGGG
3	7690000	2	1	TTAGGG
3	7700000	0	2	TTAGGG
3	7710000	2	1	TTAGGG
3	7720000	1	0	TTAGGG
3	7730000	3	2	TTAGGG
3	7740000	1	3	TTAGGG
3	7750000	1	2	TTAGGG
3	7760000	0	1	TTAGGG
3	7770000	3	1	TTAGGG
3	7780000	1	1	TTAGGG
3	7790000	3	4	TTAGGG
3	7800000	3	3	TTAGGG
3	7810000	1	1	TTAGGG
3	7820000	0	0	TTAGGG
3	7830000	3	2	TTAGGG
3	7840000	1	2	TTAGGG
3	7850000	4	3	TTAGGG
3	7860000	3	2	TTAGGG
3	7870000	0	1	TTAGGG
3	7880000	0	1	TTAGGG
3	7890000	1	1	TTAGGG
3	7900000	2	2	TTAGGG
3	7910000	0	1	TTAGGG
3	7920000	4	2	TTAGGG
3	7930000	2	1	TTAGGG
3	7940000	3	2	TTAGGG
3	7950000	2	1	TTAGGG
3	7960000	0	2	TTAGGG
3	7970000	0	0	TTAGGG
3	7980000	1	1	TTAGGG
3	7990000	3	2	TTAGGG
3	8000000	3	1	TTAGGG
3	8010000	1	0	TTAGGG
3	8020000	1	1	TTAGGG
3	8030000	1	2	TTAGGG
3	8040000	0	1	TTAGGG
3	8050000	1	1	TTAGGG
3	8060000	3	2	TTAGGG
3	8070000	0	0	TTAGGG
3	8080000	1	3	TTAGGG
3	8090000	1	2	TTAGGG
3	8100000	2	2	TTAGGG
3	8110000	1	1	TTAGGG
3	8120000	3	0	TTAGGG
3	8130000	2	2	TTAGGG
3	8140000	0	3	TTAGGG
3	8150000	1	1	TTAGGG
3	8160000	2	0	TTAGGG
3	8170000	0	1	TTAGGG
3	8180000	3	1	TTAGGG
3	8190000	2	4	TTAGGG
3	8200000	1	2	TTAGGG
3	8210000	1	2	TTAGGG
3	8220000	1	0	TTAGGG
3	8230000	3	1	TTAGGG
3	8240000	2	3	TTAGGG
3	8250000	0	5	TTAGGG
3	8260000	3	3	TTAGGG
3	8270000	0	0	TTAGGG
3	8280000	1	2	TTAGGG
3	8290000	1	0	TTAGGG
3	8300000	2	2	TTAGGG
3	8310000	1	2	TTAGGG
3	8320000	0	1	TTAGGG
3	8330000	1	2	TTAGGG
3	8340000	2	2	TTAGGG
3	8350000	1	1	TTAGGG
3	8360000	3	2	TTAGGG
3	8370000	1	1	TTAGGG
3	8380000	4	2	TTAGGG
3	8390000	3	1	TTAGGG
3	8400000	1	2	TTAGGG
3	8410000	0	2	TTAGGG
3	8420000	1	3	TTAGGG
3	8430000	2	4	TTAGGG
3	8440000	1	1	TTAGGG
3	8450000	0	3	TTAGGG
3	8460000	0	2	TTAGGG
3	8470000	0	0	TTAGGG
3	8480000	0	0	TTAGGG
3	8490000	0	0	TTAGGG
3	8500000	0	0	TTAGGG
3	8510000	0	0	TTAGGG
3	8520000	0	0	TTAGGG
3	8530000	0	0	TTAGGG
3	8540000	0	0	TTAGGG
3	8550000	0	0	TTAGGG
3	8560000	0	0	TTAGGG
3	8570000	0	0	TTAGGG
3	8580000	0	0	TTAGGG
3	8590000	2	1	TTAGGG
3	8600000	1	0	TTAGGG
3	8610000	0	2	TTAGGG
3	8620000	1	4	TTAGGG
3	8630000	1	0	TTAGGG
3	8640000	0	1	TTAGGG
3	8650000	0	2	TTAGGG
3	8660000	2	0	TTAGGG
3	8670000	6	2	TTAGGG
3	8680000	0	2	TTAGGG
3	8690000	2	1	TTAGGG
3	8700000	0	1	TTAGGG
3	8710000	0	1	TTAGGG
3	8720000	1	1	TTAGGG
3	8730000	0	1	TTAGGG
3	8740000	1	1	TTAGGG
3	8750000	2	1	TTAGGG
3	8760000	0	3	TTAGGG
3	8770000	5	0	TTAGGG
3	8780000	0	1	TTAGGG
3	8790000	1	1	TTAGGG
3	8800000	1	5	TTAGGG
3	8810000	1	1	TTAGGG
3	8820000	0	3	TTAGGG
3	8830000	4	1	TTAGGG
3	8840000	5	1	TTAGGG
3	8850000	0	1	TTAGGG
3	8860000	4	3	TTAGGG
3	8870000	2	3	TTAGGG
3	8880000	0	2	TTAGGG
3	8890000	1	0	TTAGGG
3	8900000	2	0	TTAGGG
3	8910000	1	1	TTAGGG
3	8920000	1	0	TTAGGG
3	8930000	4	3	TTAGGG
3	8940000	0	0	TTAGGG
3	8950000	1	1	TTAGGG
3	8960000	2	3	TTAGGG
3	8970000	2	1	TTAGGG
3	8980000	0	3	TTAGGG
3	8990000	1	0	TTAGGG
3	9000000	0	1	TTAGGG
3	9010000	1	2	TTAGGG
3	9020000	0	2	TTAGGG
3	9030000	1	2	TTAGGG
3	9040000	2	0	TTAGGG
3	9050000	1	1	TTAGGG
3	9060000	0	2	TTAGGG
3	9070000	0	0	TTAGGG
3	9080000	1	2	TTAGGG
3	9090000	2	3	TTAGGG
3	9100000	1	2	TTAGGG
3	9110000	1	1	TTAGGG
3	9120000	3	2	TTAGGG
3	9130000	1	2	TTAGGG
3	9140000	2	2	TTAGGG
3	9150000	0	1	TTAGGG
3	9160000	0	1	TTAGGG
3	9170000	1	1	TTAGGG
3	9180000	4	4	TTAGGG
3	9190000	3	3	TTAGGG
3	9200000	2	2	TTAGGG
3	9210000	2	2	TTAGGG
3	9220000	1	1	TTAGGG
3	9230000	2	5	TTAGGG
3	9240000	0	2	TTAGGG
3	9250000	3	2	TTAGGG
3	9260000	2	3	TTAGGG
3	9270000	0	2	TTAGGG
3	9280000	1	4	TTAGGG
3	9290000	3	1	TTAGGG
3	9300000	2	2	TTAGGG
3	9310000	3	2	TTAGGG
3	9320000	5	2	TTAGGG
3	9330000	1	1	TTAGGG
3	9340000	1	1	TTAGGG
3	9350000	1	2	TTAGGG
3	9360000	5	0	TTAGGG
3	9370000	3	3	TTAGGG
3	9380000	1	0	TTAGGG
3	9390000	2	1	TTAGGG
3	9400000	3	0	TTAGGG
3	9410000	0	1	TTAGGG
3	9420000	2	1	TTAGGG
3	9430000	1	1	TTAGGG
3	9440000	3	1	TTAGGG
3	9450000	0	2	TTAGGG
3	9460000	4	2	TTAGGG
3	9470000	2	1	TTAGGG
3	9480000	0	2	TTAGGG
3	9490000	0	1	TTAGGG
3	9500000	2	1	TTAGGG
3	9510000	2	0	TTAGGG
3	9520000	0	3	TTAGGG
3	9530000	0	2	TTAGGG
3	9540000	0	1	TTAGGG
3	9550000	2	4	TTAGGG
3	9560000	1	1	TTAGGG
3	9570000	1	3	TTAGGG
3	9580000	0	0	TTAGGG
3	9590000	1	1	TTAGGG
3	9600000	2	0	TTAGGG
3	9610000	2	1	TTAGGG
3	9620000	1	1	TTAGGG
3	9630000	0	2	TTAGGG
3	9640000	7	1	TTAGGG
3	9650000	2	0	TTAGGG
3	9660000	1	0	TTAGGG
3	9670000	2	0	TTAGGG
3	9680000	2	0	TTAGGG
3	9690000	3	2	TTAGGG
3	9700000	0	1	TTAGGG
3	9710000	2	0	TTAGGG
3	9720000	1	0	TTAGGG
3	9730000	1	1	TTAGGG
3	9740000	1	1	TTAGGG
3	9750000	2	0	TTAGGG
3	9760000	0	0	TTAGGG
3	9770000	2	2	TTAGGG
3	9780000	0	1	TTAGGG
3	9790000	1	3	TTAGGG
3	9800000	1	2	TTAGGG
3	9810000	2	3	TTAGGG
3	9820000	1	4	TTAGGG
3	9830000	1	0	TTAGGG
3	9840000	1	0	TTAGGG
3	9850000	1	0	TTAGGG
3	9860000	1	2	TTAGGG
3	9870000	1	0	TTAGGG
3	9880000	1	3	TTAGGG
3	9890000	1	0	TTAGGG
3	9900000	0	0	TTAGGG
3	9910000	3	2	TTAGGG
3	9920000	1	0	TTAGGG
3	9930000	3	2	TTAGGG
3	9940000	2	3	TTAGGG
3	9950000	2	2	TTAGGG
3	9960000	0	3	TTAGGG
3	9970000	0	2	TTAGGG
3	9980000	3	0	TTAGGG
3	9990000	0	2	TTAGGG
3	10000000	0	2	TTAGGG
3	10010000	1	3	TTAGGG
3	10020000	1	1	TTAGGG
3	10030000	1	2	TTAGGG
3	10040000	1	1	TTAGGG
3	10050000	1	0	TTAGGG
3	10060000	3	2	TTAGGG
3	10070000	2	1	TTAGGG
3	10080000	0	3	TTAGGG
3	10090000	1	2	TTAGGG
3	10100000	3	1	TTAGGG
3	10110000	2	1	TTAGGG
3	10120000	0	2	TTAGGG
3	10130000	1	1	TTAGGG
3	10140000	1	4	TTAGGG
3	10150000	1	1	TTAGGG
3	10160000	1	3	TTAGGG
3	10170000	1	1	TTAGGG
3	10180000	2	1	TTAGGG
3	10190000	0	1	TTAGGG
3	10200000	2	1	TTAGGG
3	10210000	3	3	TTAGGG
3	10220000	3	1	TTAGGG
3	10230000	2	0	TTAGGG
3	10240000	1	3	TTAGGG
3	10250000	1	1	TTAGGG
3	10260000	3	0	TTAGGG
3	10270000	1	2	TTAGGG
3	10280000	0	2	TTAGGG
3	10290000	1	3	TTAGGG
3	10300000	3	1	TTAGGG
3	10310000	1	2	TTAGGG
3	10320000	3	4	TTAGGG
3	10330000	0	1	TTAGGG
3	10340000	2	1	TTAGGG
3	10350000	0	2	TTAGGG
3	10360000	3	4	TTAGGG
3	10370000	0	1	TTAGGG
3	10380000	3	2	TTAGGG
3	10390000	1	1	TTAGGG
3	10400000	1	2	TTAGGG
3	10410000	1	2	TTAGGG
3	10420000	1	4	TTAGGG
3	10430000	4	3	TTAGGG
3	10440000	0	1	TTAGGG
3	10450000	0	0	TTAGGG
3	10460000	0	2	TTAGGG
3	10470000	3	1	TTAGGG
3	10480000	0	1	TTAGGG
3	10490000	2	0	TTAGGG
3	10500000	0	1	TTAGGG
3	10510000	3	0	TTAGGG
3	10520000	1	2	TTAGGG
3	10530000	1	2	TTAGGG
3	10540000	0	1	TTAGGG
3	10550000	2	4	TTAGGG
3	10560000	4	1	TTAGGG
3	10570000	3	4	TTAGGG
3	10580000	3	1	TTAGGG
3	10590000	0	2	TTAGGG
3	10600000	0	2	TTAGGG
3	10610000	2	0	TTAGGG
3	10620000	2	0	TTAGGG
3	10630000	1	2	TTAGGG
3	10640000	0	2	TTAGGG
3	10650000	2	3	TTAGGG
3	10660000	1	3	TTAGGG
3	10670000	1	2	TTAGGG
3	10680000	0	0	TTAGGG
3	10690000	2	3	TTAGGG
3	10700000	3	1	TTAGGG
3	10710000	0	0	TTAGGG
3	10720000	1	2	TTAGGG
3	10730000	2	1	TTAGGG
3	10740000	0	2	TTAGGG
3	10750000	2	2	TTAGGG
3	10760000	1	1	TTAGGG
3	10770000	1	0	TTAGGG
3	10780000	3	0	TTAGGG
3	10790000	1	1	TTAGGG
3	10800000	3	2	TTAGGG
3	10810000	3	0	TTAGGG
3	10820000	0	4	TTAGGG
3	10830000	1	1	TTAGGG
3	10840000	2	2	TTAGGG
3	10850000	0	0	TTAGGG
3	10860000	3	1	TTAGGG
3	10870000	0	3	TTAGGG
3	10880000	2	2	TTAGGG
3	10890000	1	1	TTAGGG
3	10900000	1	2	TTAGGG
3	10910000	1	4	TTAGGG
3	10920000	2	1	TTAGGG
3	10930000	2	1	TTAGGG
3	10940000	2	1	TTAGGG
3	10950000	0	4	TTAGGG
3	10960000	1	0	TTAGGG
3	10970000	2	1	TTAGGG
3	10980000	2	0	TTAGGG
3	10990000	3	4	TTAGGG
3	11000000	2	1	TTAGGG
3	11010000	6	2	TTAGGG
3	11020000	4	0	TTAGGG
3	11030000	1	0	TTAGGG
3	11040000	2	1	TTAGGG
3	11050000	0	0	TTAGGG
3	11060000	1	0	TTAGGG
3	11070000	1	1	TTAGGG
3	11080000	1	1	TTAGGG
3	11090000	5	3	TTAGGG
3	11100000	3	4	TTAGGG
3	11110000	1	1	TTAGGG
3	11120000	2	2	TTAGGG
3	11130000	2	3	TTAGGG
3	11140000	1	6	TTAGGG
3	11150000	3	3	TTAGGG
3	11160000	3	3	TTAGGG
3	11170000	2	1	TTAGGG
3	11180000	1	0	TTAGGG
3	11190000	3	2	TTAGGG
3	11200000	1	4	TTAGGG
3	11210000	2	0	TTAGGG
3	11220000	0	2	TTAGGG
3	11230000	3	1	TTAGGG
3	11240000	2	0	TTAGGG
3	11250000	0	0	TTAGGG
3	11260000	1	3	TTAGGG
3	11270000	1	0	TTAGGG
3	11280000	2	1	TTAGGG
3	11290000	4	3	TTAGGG
3	11300000	1	0	TTAGGG
3	11310000	1	0	TTAGGG
3	11320000	1	3	TTAGGG
3	11330000	3	4	TTAGGG
3	11340000	1	3	TTAGGG
3	11350000	0	2	TTAGGG
3	11360000	1	2	TTAGGG
3	11370000	2	2	TTAGGG
3	11380000	1	0	TTAGGG
3	11390000	3	1	TTAGGG
3	11400000	2	1	TTAGGG
3	11410000	0	1	TTAGGG
3	11420000	0	4	TTAGGG
3	11430000	0	0	TTAGGG
3	11440000	5	0	TTAGGG
3	11450000	0	0	TTAGGG
3	11460000	1	3	TTAGGG
3	11470000	4	2	TTAGGG
3	11480000	1	2	TTAGGG
3	11490000	3	3	TTAGGG
3	11500000	3	2	TTAGGG
3	11510000	3	0	TTAGGG
3	11520000	2	1	TTAGGG
3	11530000	0	2	TTAGGG
3	11540000	0	3	TTAGGG
3	11550000	2	2	TTAGGG
3	11560000	1	3	TTAGGG
3	11570000	1	0	TTAGGG
3	11580000	3	0	TTAGGG
3	11590000	1	0	TTAGGG
3	11600000	1	3	TTAGGG
3	11610000	3	2	TTAGGG
3	11620000	1	4	TTAGGG
3	11630000	3	1	TTAGGG
3	11640000	3	1	TTAGGG
3	11650000	2	4	TTAGGG
3	11660000	2	3	TTAGGG
3	11670000	1	1	TTAGGG
3	11680000	7	0	TTAGGG
3	11690000	5	2	TTAGGG
3	11700000	1	0	TTAGGG
3	11710000	2	0	TTAGGG
3	11720000	4	0	TTAGGG
3	11730000	0	2	TTAGGG
3	11740000	1	0	TTAGGG
3	11750000	2	1	TTAGGG
3	11760000	1	3	TTAGGG
3	11770000	1	1	TTAGGG
3	11780000	1	2	TTAGGG
3	11790000	0	1	TTAGGG
3	11800000	2	1	TTAGGG
3	11810000	1	1	TTAGGG
3	11820000	1	1	TTAGGG
3	11830000	1	1	TTAGGG
3	11840000	0	0	TTAGGG
3	11850000	2	3	TTAGGG
3	11860000	3	0	TTAGGG
3	11870000	0	3	TTAGGG
3	11880000	2	0	TTAGGG
3	11890000	0	0	TTAGGG
3	11900000	2	3	TTAGGG
3	11910000	1	2	TTAGGG
3	11920000	2	0	TTAGGG
3	11930000	1	1	TTAGGG
3	11940000	1	2	TTAGGG
3	11950000	0	2	TTAGGG
3	11960000	0	0	TTAGGG
3	11970000	2	1	TTAGGG
3	11980000	1	2	TTAGGG
3	11990000	1	1	TTAGGG
3	12000000	2	2	TTAGGG
3	12010000	0	0	TTAGGG
3	12020000	2	2	TTAGGG
3	12030000	0	3	TTAGGG
3	12040000	4	1	TTAGGG
3	12050000	5	2	TTAGGG
3	12060000	3	2	TTAGGG
3	12070000	0	3	TTAGGG
3	12080000	0	3	TTAGGG
3	12090000	3	1	TTAGGG
3	12100000	1	2	TTAGGG
3	12110000	4	3	TTAGGG
3	12120000	3	1	TTAGGG
3	12130000	3	2	TTAGGG
3	12140000	0	1	TTAGGG
3	12150000	2	2	TTAGGG
3	12160000	0	1	TTAGGG
3	12170000	1	2	TTAGGG
3	12180000	1	3	TTAGGG
3	12190000	4	3	TTAGGG
3	12200000	2	3	TTAGGG
3	12210000	2	0	TTAGGG
3	12220000	2	1	TTAGGG
3	12230000	2	1	TTAGGG
3	12240000	0	2	TTAGGG
3	12250000	4	1	TTAGGG
3	12260000	2	0	TTAGGG
3	12270000	1	1	TTAGGG
3	12280000	1	3	TTAGGG
3	12290000	0	5	TTAGGG
3	12300000	2	1	TTAGGG
3	12310000	2	0	TTAGGG
3	12320000	3	1	TTAGGG
3	12330000	2	1	TTAGGG
3	12340000	1	1	TTAGGG
3	12350000	0	1	TTAGGG
3	12360000	2	0	TTAGGG
3	12370000	2	1	TTAGGG
3	12380000	1	1	TTAGGG
3	12390000	0	1	TTAGGG
3	12400000	0	0	TTAGGG
3	12410000	0	0	TTAGGG
3	12420000	0	0	TTAGGG
3	12430000	0	0	TTAGGG
3	12440000	0	0	TTAGGG
3	12450000	0	4	TTAGGG
3	12460000	3	1	TTAGGG
3	12470000	4	1	TTAGGG
3	12480000	1	3	TTAGGG
3	12490000	2	2	TTAGGG
3	12500000	1	0	TTAGGG
3	12510000	1	2	TTAGGG
3	12520000	0	4	TTAGGG
3	12530000	0	0	TTAGGG
3	12540000	1	1	TTAGGG
3	12550000	2	3	TTAGGG
3	12560000	1	3	TTAGGG
3	12570000	2	1	TTAGGG
3	12580000	3	4	TTAGGG
3	12590000	1	1	TTAGGG
3	12600000	0	4	TTAGGG
3	12610000	5	2	TTAGGG
3	12620000	0	1	TTAGGG
3	12630000	0	1	TTAGGG
3	12640000	6	1	TTAGGG
3	12650000	1	1	TTAGGG
3	12660000	1	3	TTAGGG
3	12670000	1	3	TTAGGG
3	12680000	2	3	TTAGGG
3	12690000	3	3	TTAGGG
3	12700000	0	0	TTAGGG
3	12710000	2	3	TTAGGG
3	12720000	0	2	TTAGGG
3	12730000	0	2	TTAGGG
3	12740000	0	0	TTAGGG
3	12750000	1	1	TTAGGG
3	12760000	0	1	TTAGGG
3	12770000	1	3	TTAGGG
3	12780000	2	3	TTAGGG
3	12790000	0	2	TTAGGG
3	12800000	1	0	TTAGGG
3	12810000	3	0	TTAGGG
3	12820000	2	0	TTAGGG
3	12830000	1	3	TTAGGG
3	12840000	1	2	TTAGGG
3	12850000	0	2	TTAGGG
3	12860000	1	0	TTAGGG
3	12870000	3	0	TTAGGG
3	12880000	1	0	TTAGGG
3	12890000	0	2	TTAGGG
3	12900000	2	5	TTAGGG
3	12910000	2	0	TTAGGG
3	12920000	0	0	TTAGGG
3	12930000	0	0	TTAGGG
3	12940000	0	1	TTAGGG
3	12950000	2	0	TTAGGG
3	12960000	0	0	TTAGGG
3	12970000	2	0	TTAGGG
3	12980000	2	1	TTAGGG
3	12990000	0	1	TTAGGG
3	13000000	2	1	TTAGGG
3	13010000	0	0	TTAGGG
3	13020000	2	2	TTAGGG
3	13030000	1	0	TTAGGG
3	13040000	0	2	TTAGGG
3	13050000	0	0	TTAGGG
3	13060000	4	1	TTAGGG
3	13070000	1	0	TTAGGG
3	13080000	1	2	TTAGGG
3	13090000	1	0	TTAGGG
3	13100000	1	1	TTAGGG
3	13110000	0	1	TTAGGG
3	13120000	3	0	TTAGGG
3	13130000	0	1	TTAGGG
3	13140000	1	1	TTAGGG
3	13150000	2	2	TTAGGG
3	13160000	1	3	TTAGGG
3	13170000	1	2	TTAGGG
3	13180000	1	3	TTAGGG
3	13190000	1	3	TTAGGG
3	13200000	2	1	TTAGGG
3	13210000	2	1	TTAGGG
3	13220000	1	1	TTAGGG
3	13230000	1	1	TTAGGG
3	13240000	1	0	TTAGGG
3	13250000	0	0	TTAGGG
3	13260000	2	1	TTAGGG
3	13270000	0	2	TTAGGG
3	13280000	1	0	TTAGGG
3	13290000	1	0	TTAGGG
3	13300000	3	1	TTAGGG
3	13310000	3	3	TTAGGG
3	13320000	3	0	TTAGGG
3	13330000	1	1	TTAGGG
3	13340000	1	1	TTAGGG
3	13350000	2	2	TTAGGG
3	13360000	4	2	TTAGGG
3	13370000	1	1	TTAGGG
3	13380000	1	3	TTAGGG
3	13390000	2	0	TTAGGG
3	13400000	2	2	TTAGGG
3	13410000	1	0	TTAGGG
3	13420000	0	2	TTAGGG
3	13430000	1	4	TTAGGG
3	13440000	3	3	TTAGGG
3	13450000	1	2	TTAGGG
3	13460000	1	1	TTAGGG
3	13470000	1	2	TTAGGG
3	13480000	1	1	TTAGGG
3	13490000	1	3	TTAGGG
3	13500000	0	1	TTAGGG
3	13510000	0	2	TTAGGG
3	13520000	0	1	TTAGGG
3	13530000	2	3	TTAGGG
3	13540000	1	0	TTAGGG
3	13550000	1	1	TTAGGG
3	13560000	0	4	TTAGGG
3	13570000	2	1	TTAGGG
3	13580000	1	1	TTAGGG
3	13590000	1	2	TTAGGG
3	13600000	1	0	TTAGGG
3	13610000	1	0	TTAGGG
3	13620000	2	4	TTAGGG
3	13630000	0	2	TTAGGG
3	13640000	2	1	TTAGGG
3	13650000	0	0	TTAGGG
3	13660000	2	0	TTAGGG
3	13670000	2	3	TTAGGG
3	13680000	3	2	TTAGGG
3	13690000	2	0	TTAGGG
3	13700000	0	4	TTAGGG
3	13710000	0	0	TTAGGG
3	13720000	0	1	TTAGGG
3	13730000	1	1	TTAGGG
3	13740000	0	2	TTAGGG
3	13750000	4	2	TTAGGG
3	13760000	1	1	TTAGGG
3	13770000	2	1	TTAGGG
3	13780000	1	4	TTAGGG
3	13790000	5	3	TTAGGG
3	13800000	0	1	TTAGGG
3	13810000	1	3	TTAGGG
3	13820000	0	1	TTAGGG
3	13830000	2	1	TTAGGG
3	13840000	0	1	TTAGGG
3	13850000	2	0	TTAGGG
3	13860000	4	2	TTAGGG
3	13870000	0	5	TTAGGG
3	13880000	1	2	TTAGGG
3	13890000	4	0	TTAGGG
3	13900000	1	1	TTAGGG
3	13910000	2	2	TTAGGG
3	13920000	3	4	TTAGGG
3	13930000	6	0	TTAGGG
3	13940000	1	2	TTAGGG
3	13950000	0	1	TTAGGG
3	13960000	1	2	TTAGGG
3	13970000	2	2	TTAGGG
3	13980000	1	0	TTAGGG
3	13990000	3	2	TTAGGG
3	14000000	2	2	TTAGGG
3	14010000	2	0	TTAGGG
3	14020000	1	1	TTAGGG
3	14030000	3	3	TTAGGG
3	14040000	1	1	TTAGGG
3	14050000	1	2	TTAGGG
3	14060000	1	2	TTAGGG
3	14070000	1	3	TTAGGG
3	14080000	3	3	TTAGGG
3	14090000	0	2	TTAGGG
3	14100000	2	2	TTAGGG
3	14110000	2	2	TTAGGG
3	14120000	0	1	TTAGGG
3	14130000	0	2	TTAGGG
3	14140000	3	3	TTAGGG
3	14150000	0	1	TTAGGG
3	14160000	2	0	TTAGGG
3	14170000	0	1	TTAGGG
3	14180000	4	1	TTAGGG
3	14190000	3	0	TTAGGG
3	14200000	0	1	TTAGGG
3	14210000	1	1	TTAGGG
3	14220000	2	0	TTAGGG
3	14230000	2	6	TTAGGG
3	14240000	1	0	TTAGGG
3	14250000	3	1	TTAGGG
3	14260000	2	2	TTAGGG
3	14270000	2	0	TTAGGG
3	14280000	2	1	TTAGGG
3	14290000	4	2	TTAGGG
3	14300000	4	1	TTAGGG
3	14310000	1	1	TTAGGG
3	14320000	0	1	TTAGGG
3	14330000	0	5	TTAGGG
3	14340000	3	2	TTAGGG
3	14350000	0	2	TTAGGG
3	14360000	1	0	TTAGGG
3	14370000	1	2	TTAGGG
3	14380000	0	1	TTAGGG
3	14390000	1	3	TTAGGG
3	14400000	3	3	TTAGGG
3	14410000	3	1	TTAGGG
3	14420000	3	2	TTAGGG
3	14430000	1	1	TTAGGG
3	14440000	4	2	TTAGGG
3	14450000	0	2	TTAGGG
3	14460000	1	3	TTAGGG
3	14470000	3	3	TTAGGG
3	14480000	0	2	TTAGGG
3	14490000	1	1	TTAGGG
3	14500000	0	1	TTAGGG
3	14510000	1	2	TTAGGG
3	14520000	1	2	TTAGGG
3	14530000	1	1	TTAGGG
3	14540000	2	1	TTAGGG
3	14550000	2	2	TTAGGG
3	14560000	2	0	TTAGGG
3	14570000	0	2	TTAGGG
3	14580000	2	0	TTAGGG
3	14590000	1	0	TTAGGG
3	14600000	2	0	TTAGGG
3	14610000	1	2	TTAGGG
3	14620000	0	4	TTAGGG
3	14630000	2	2	TTAGGG
3	14640000	4	1	TTAGGG
3	14650000	1	3	TTAGGG
3	14660000	0	1	TTAGGG
3	14670000	1	3	TTAGGG
3	14680000	3	4	TTAGGG
3	14690000	1	3	TTAGGG
3	14700000	2	2	TTAGGG
3	14710000	1	0	TTAGGG
3	14720000	0	4	TTAGGG
3	14730000	1	3	TTAGGG
3	14740000	4	0	TTAGGG
3	14750000	4	0	TTAGGG
3	14760000	0	2	TTAGGG
3	14770000	4	0	TTAGGG
3	14780000	3	1	TTAGGG
3	14790000	1	1	TTAGGG
3	14800000	2	1	TTAGGG
3	14810000	1	1	TTAGGG
3	14820000	2	0	TTAGGG
3	14830000	1	3	TTAGGG
3	14840000	0	0	TTAGGG
3	14850000	0	1	TTAGGG
3	14860000	2	2	TTAGGG
3	14870000	0	1	TTAGGG
3	14880000	0	1	TTAGGG
3	14890000	2	0	TTAGGG
3	14900000	1	0	TTAGGG
3	14910000	3	3	TTAGGG
3	14920000	2	4	TTAGGG
3	14930000	1	2	TTAGGG
3	14940000	2	0	TTAGGG
3	14950000	3	0	TTAGGG
3	14960000	0	2	TTAGGG
3	14970000	2	0	TTAGGG
3	14980000	2	2	TTAGGG
3	14990000	1	1	TTAGGG
3	15000000	1	3	TTAGGG
3	15010000	1	4	TTAGGG
3	15020000	0	0	TTAGGG
3	15030000	2	1	TTAGGG
3	15040000	1	5	TTAGGG
3	15050000	2	0	TTAGGG
3	15060000	0	0	TTAGGG
3	15070000	3	4	TTAGGG
3	15080000	0	1	TTAGGG
3	15090000	0	2	TTAGGG
3	15100000	6	2	TTAGGG
3	15110000	0	2	TTAGGG
3	15120000	1	1	TTAGGG
3	15130000	1	2	TTAGGG
3	15140000	2	1	TTAGGG
3	15150000	1	0	TTAGGG
3	15160000	2	2	TTAGGG
3	15170000	1	1	TTAGGG
3	15180000	0	1	TTAGGG
3	15190000	1	2	TTAGGG
3	15200000	2	3	TTAGGG
3	15210000	3	0	TTAGGG
3	15220000	1	0	TTAGGG
3	15230000	0	1	TTAGGG
3	15240000	0	0	TTAGGG
3	15250000	0	0	TTAGGG
3	15260000	0	0	TTAGGG
3	15270000	0	0	TTAGGG
3	15280000	0	0	TTAGGG
3	15290000	0	0	TTAGGG
3	15300000	0	0	TTAGGG
3	15310000	0	0	TTAGGG
3	15320000	0	0	TTAGGG
3	15330000	2	0	TTAGGG
3	15340000	0	0	TTAGGG
3	15350000	2	1	TTAGGG
3	15360000	0	2	TTAGGG
3	15370000	4	2	TTAGGG
3	15380000	2	4	TTAGGG
3	15390000	1	1	TTAGGG
3	15400000	3	1	TTAGGG
3	15410000	1	1	TTAGGG
3	15420000	1	1	TTAGGG
3	15430000	1	6	TTAGGG
3	15440000	1	0	TTAGGG
3	15450000	1	2	TTAGGG
3	15460000	1	1	TTAGGG
3	15470000	1	0	TTAGGG
3	15480000	1	4	TTAGGG
3	15490000	1	1	TTAGGG
3	15500000	1	2	TTAGGG
3	15510000	4	0	TTAGGG
3	15520000	2	1	TTAGGG
3	15530000	1	2	TTAGGG
3	15540000	0	1	TTAGGG
3	15550000	3	1	TTAGGG
3	15560000	1	0	TTAGGG
3	15570000	2	1	TTAGGG
3	15580000	2	0	TTAGGG
3	15590000	0	2	TTAGGG
3	15600000	1	3	TTAGGG
3	15610000	2	3	TTAGGG
3	15620000	1	2	TTAGGG
3	15630000	0	1	TTAGGG
3	15640000	1	2	TTAGGG
3	15650000	1	0	TTAGGG
3	15660000	0	2	TTAGGG
3	15670000	4	3	TTAGGG
3	15680000	5	2	TTAGGG
3	15690000	1	3	TTAGGG
3	15700000	2	1	TTAGGG
3	15710000	3	0	TTAGGG
3	15720000	3	2	TTAGGG
3	15730000	2	2	TTAGGG
3	15740000	2	1	TTAGGG
3	15750000	1	3	TTAGGG
3	15760000	2	3	TTAGGG
3	15770000	2	3	TTAGGG
3	15780000	2	0	TTAGGG
3	15790000	1	1	TTAGGG
3	15800000	1	0	TTAGGG
3	15810000	1	1	TTAGGG
3	15820000	1	1	TTAGGG
3	15830000	2	1	TTAGGG
3	15840000	1	0	TTAGGG
3	15850000	1	0	TTAGGG
3	15860000	3	0	TTAGGG
3	15870000	2	1	TTAGGG
3	15880000	0	1	TTAGGG
3	15890000	2	1	TTAGGG
3	15900000	1	1	TTAGGG
3	15910000	3	0	TTAGGG
3	15920000	1	7	TTAGGG
3	15930000	2	6	TTAGGG
3	15940000	1	1	TTAGGG
3	15950000	3	3	TTAGGG
3	15960000	3	2	TTAGGG
3	15970000	1	1	TTAGGG
3	15980000	0	1	TTAGGG
3	15990000	2	1	TTAGGG
3	16000000	2	2	TTAGGG
3	16010000	0	0	TTAGGG
3	16020000	2	2	TTAGGG
3	16030000	1	2	TTAGGG
3	16040000	1	2	TTAGGG
3	16050000	3	2	TTAGGG
3	16060000	2	0	TTAGGG
3	16070000	0	0	TTAGGG
3	16080000	0	1	TTAGGG
3	16090000	4	1	TTAGGG
3	16100000	1	2	TTAGGG
3	16110000	1	3	TTAGGG
3	16120000	3	0	TTAGGG
3	16130000	2	1	TTAGGG
3	16140000	3	3	TTAGGG
3	16150000	1	0	TTAGGG
3	16160000	1	0	TTAGGG
3	16170000	1	1	TTAGGG
3	16180000	2	3	TTAGGG
3	16190000	1	1	TTAGGG
3	16200000	1	2	TTAGGG
3	16210000	0	2	TTAGGG
3	16220000	0	1	TTAGGG
3	16230000	0	1	TTAGGG
3	16240000	0	2	TTAGGG
3	16250000	2	2	TTAGGG
3	16260000	1	0	TTAGGG
3	16270000	4	1	TTAGGG
3	16280000	2	2	TTAGGG
3	16290000	0	0	TTAGGG
3	16300000	0	1	TTAGGG
3	16310000	1	0	TTAGGG
3	16320000	2	1	TTAGGG
3	16330000	0	7	TTAGGG
3	16340000	1	3	TTAGGG
3	16350000	0	2	TTAGGG
3	16360000	1	1	TTAGGG
3	16370000	0	4	TTAGGG
3	16380000	1	2	TTAGGG
3	16390000	1	0	TTAGGG
3	16400000	2	1	TTAGGG
3	16410000	1	2	TTAGGG
3	16420000	5	0	TTAGGG
3	16430000	1	2	TTAGGG
3	16440000	1	0	TTAGGG
3	16450000	0	0	TTAGGG
3	16460000	2	2	TTAGGG
3	16470000	3	0	TTAGGG
3	16480000	1	1	TTAGGG
3	16490000	2	2	TTAGGG
3	16500000	3	0	TTAGGG
3	16510000	1	1	TTAGGG
3	16520000	2	1	TTAGGG
3	16530000	1	0	TTAGGG
3	16540000	3	0	TTAGGG
3	16550000	4	1	TTAGGG
3	16560000	1	1	TTAGGG
3	16570000	1	2	TTAGGG
3	16580000	1	1	TTAGGG
3	16590000	3	2	TTAGGG
3	16600000	1	0	TTAGGG
3	16610000	1	2	TTAGGG
3	16620000	2	4	TTAGGG
3	16630000	0	1	TTAGGG
3	16640000	1	4	TTAGGG
3	16650000	1	2	TTAGGG
3	16660000	1	2	TTAGGG
3	16670000	1	1	TTAGGG
3	16680000	1	3	TTAGGG
3	16690000	2	2	TTAGGG
3	16700000	1	2	TTAGGG
3	16710000	3	2	TTAGGG
3	16720000	0	3	TTAGGG
3	16730000	1	1	TTAGGG
3	16740000	0	3	TTAGGG
3	16750000	4	2	TTAGGG
3	16760000	1	1	TTAGGG
3	16770000	3	1	TTAGGG
3	16780000	2	2	TTAGGG
3	16790000	2	1	TTAGGG
3	16800000	3	1	TTAGGG
3	16810000	1	1	TTAGGG
3	16820000	1	1	TTAGGG
3	16830000	2	3	TTAGGG
3	16840000	0	1	TTAGGG
3	16850000	1	1	TTAGGG
3	16860000	1	2	TTAGGG
3	16870000	2	3	TTAGGG
3	16880000	0	1	TTAGGG
3	16890000	3	5	TTAGGG
3	16900000	2	2	TTAGGG
3	16910000	1	3	TTAGGG
3	16920000	0	0	TTAGGG
3	16930000	5	2	TTAGGG
3	16940000	2	0	TTAGGG
3	16950000	0	2	TTAGGG
3	16960000	2	3	TTAGGG
3	16970000	0	0	TTAGGG
3	16980000	0	0	TTAGGG
3	16990000	0	0	TTAGGG
3	17000000	0	1	TTAGGG
3	17010000	2	5	TTAGGG
3	17020000	1	1	TTAGGG
3	17030000	0	1	TTAGGG
3	17040000	0	5	TTAGGG
3	17050000	2	1	TTAGGG
3	17060000	2	1	TTAGGG
3	17070000	2	2	TTAGGG
3	17080000	2	0	TTAGGG
3	17090000	0	1	TTAGGG
3	17100000	2	0	TTAGGG
3	17110000	1	2	TTAGGG
3	17120000	3	1	TTAGGG
3	17130000	1	1	TTAGGG
3	17140000	3	2	TTAGGG
3	17150000	0	2	TTAGGG
3	17160000	0	4	TTAGGG
3	17170000	1	0	TTAGGG
3	17180000	0	1	TTAGGG
3	17190000	1	2	TTAGGG
3	17200000	1	4	TTAGGG
3	17210000	2	5	TTAGGG
3	17220000	2	0	TTAGGG
3	17230000	1	0	TTAGGG
3	17240000	2	1	TTAGGG
3	17250000	1	3	TTAGGG
3	17260000	1	5	TTAGGG
3	17270000	1	3	TTAGGG
3	17280000	3	1	TTAGGG
3	17290000	3	1	TTAGGG
3	17300000	0	1	TTAGGG
3	17310000	5	2	TTAGGG
3	17320000	4	0	TTAGGG
3	17330000	1	1	TTAGGG
3	17340000	1	1	TTAGGG
3	17350000	2	2	TTAGGG
3	17360000	2	0	TTAGGG
3	17370000	3	1	TTAGGG
3	17380000	0	2	TTAGGG
3	17390000	1	3	TTAGGG
3	17400000	0	2	TTAGGG
3	17410000	0	1	TTAGGG
3	17420000	3	1	TTAGGG
3	17430000	2	0	TTAGGG
3	17440000	0	2	TTAGGG
3	17450000	1	4	TTAGGG
3	17460000	0	0	TTAGGG
3	17470000	4	2	TTAGGG
3	17480000	3	6	TTAGGG
3	17490000	0	2	TTAGGG
3	17500000	1	2	TTAGGG
3	17510000	1	0	TTAGGG
3	17520000	2	1	TTAGGG
3	17530000	1	1	TTAGGG
3	17540000	0	1	TTAGGG
3	17550000	2	2	TTAGGG
3	17560000	2	1	TTAGGG
3	17570000	1	0	TTAGGG
3	17580000	2	1	TTAGGG
3	17590000	3	0	TTAGGG
3	17600000	2	1	TTAGGG
3	17610000	2	0	TTAGGG
3	17620000	5	4	TTAGGG
3	17630000	0	1	TTAGGG
3	17640000	1	3	TTAGGG
3	17650000	2	1	TTAGGG
3	17660000	4	1	TTAGGG
3	17670000	1	0	TTAGGG
3	17680000	0	3	TTAGGG
3	17690000	2	1	TTAGGG
3	17700000	3	1	TTAGGG
3	17710000	1	2	TTAGGG
3	17720000	1	5	TTAGGG
3	17730000	1	2	TTAGGG
3	17740000	0	0	TTAGGG
3	17750000	2	3	TTAGGG
3	17760000	2	0	TTAGGG
3	17770000	2	0	TTAGGG
3	17780000	2	1	TTAGGG
3	17790000	0	2	TTAGGG
3	17800000	2	1	TTAGGG
3	17810000	3	5	TTAGGG
3	17820000	1	2	TTAGGG
3	17830000	1	2	TTAGGG
3	17840000	2	2	TTAGGG
3	17850000	0	1	TTAGGG
3	17860000	1	1	TTAGGG
3	17870000	0	1	TTAGGG
3	17880000	1	0	TTAGGG
3	17890000	4	1	TTAGGG
3	17900000	2	2	TTAGGG
3	17910000	3	1	TTAGGG
3	17920000	2	1	TTAGGG
3	17930000	2	3	TTAGGG
3	17940000	4	3	TTAGGG
3	17950000	0	2	TTAGGG
3	17960000	2	3	TTAGGG
3	17970000	3	2	TTAGGG
3	17980000	2	2	TTAGGG
3	17990000	2	1	TTAGGG
3	18000000	4	0	TTAGGG
3	18010000	2	4	TTAGGG
3	18020000	2	1	TTAGGG
3	18030000	0	1	TTAGGG
3	18040000	0	2	TTAGGG
3	18050000	1	0	TTAGGG
3	18060000	1	1	TTAGGG
3	18070000	2	2	TTAGGG
3	18080000	2	0	TTAGGG
3	18090000	2	5	TTAGGG
3	18100000	0	0	TTAGGG
3	18110000	2	0	TTAGGG
3	18120000	0	3	TTAGGG
3	18130000	2	2	TTAGGG
3	18140000	0	3	TTAGGG
3	18150000	1	0	TTAGGG
3	18160000	1	1	TTAGGG
3	18170000	0	3	TTAGGG
3	18180000	2	2	TTAGGG
3	18190000	1	0	TTAGGG
3	18200000	3	1	TTAGGG
3	18210000	1	0	TTAGGG
3	18220000	1	3	TTAGGG
3	18230000	0	3	TTAGGG
3	18240000	0	1	TTAGGG
3	18250000	1	1	TTAGGG
3	18260000	0	1	TTAGGG
3	18270000	1	1	TTAGGG
3	18280000	2	1	TTAGGG
3	18290000	1	3	TTAGGG
3	18300000	0	1	TTAGGG
3	18310000	1	2	TTAGGG
3	18320000	0	0	TTAGGG
3	18330000	1	1	TTAGGG
3	18340000	3	4	TTAGGG
3	18350000	2	0	TTAGGG
3	18360000	2	3	TTAGGG
3	18370000	1	2	TTAGGG
3	18380000	2	0	TTAGGG
3	18390000	0	0	TTAGGG
3	18400000	0	0	TTAGGG
3	18410000	0	0	TTAGGG
3	18420000	0	2	TTAGGG
3	18430000	3	0	TTAGGG
3	18440000	1	3	TTAGGG
3	18450000	2	0	TTAGGG
3	18460000	3	3	TTAGGG
3	18470000	2	4	TTAGGG
3	18480000	2	1	TTAGGG
3	18490000	2	6	TTAGGG
3	18500000	2	2	TTAGGG
3	18510000	1	1	TTAGGG
3	18520000	3	2	TTAGGG
3	18530000	1	0	TTAGGG
3	18540000	1	1	TTAGGG
3	18550000	1	1	TTAGGG
3	18560000	3	1	TTAGGG
3	18570000	2	2	TTAGGG
3	18580000	0	1	TTAGGG
3	18590000	4	4	TTAGGG
3	18600000	1	0	TTAGGG
3	18610000	4	3	TTAGGG
3	18620000	2	2	TTAGGG
3	18630000	2	0	TTAGGG
3	18640000	4	4	TTAGGG
3	18650000	0	1	TTAGGG
3	18660000	2	2	TTAGGG
3	18670000	2	1	TTAGGG
3	18680000	1	1	TTAGGG
3	18690000	0	3	TTAGGG
3	18700000	0	1	TTAGGG
3	18710000	1	2	TTAGGG
3	18720000	1	3	TTAGGG
3	18730000	0	3	TTAGGG
3	18740000	0	2	TTAGGG
3	18750000	2	2	TTAGGG
3	18760000	0	3	TTAGGG
3	18770000	2	4	TTAGGG
3	18780000	5	0	TTAGGG
3	18790000	3	0	TTAGGG
3	18800000	2	0	TTAGGG
3	18810000	0	2	TTAGGG
3	18820000	4	1	TTAGGG
3	18830000	1	1	TTAGGG
3	18840000	3	2	TTAGGG
3	18850000	4	1	TTAGGG
3	18860000	3	2	TTAGGG
3	18870000	0	3	TTAGGG
3	18880000	2	1	TTAGGG
3	18890000	3	1	TTAGGG
3	18900000	0	1	TTAGGG
3	18910000	2	1	TTAGGG
3	18920000	1	3	TTAGGG
3	18930000	1	1	TTAGGG
3	18940000	2	0	TTAGGG
3	18950000	1	3	TTAGGG
3	18960000	0	2	TTAGGG
3	18970000	2	0	TTAGGG
3	18980000	0	2	TTAGGG
3	18990000	1	2	TTAGGG
3	19000000	2	2	TTAGGG
3	19010000	1	2	TTAGGG
3	19020000	2	3	TTAGGG
3	19030000	2	2	TTAGGG
3	19040000	1	1	TTAGGG
3	19050000	2	0	TTAGGG
3	19060000	3	3	TTAGGG
3	19070000	2	1	TTAGGG
3	19080000	5	1	TTAGGG
3	19090000	2	1	TTAGGG
3	19100000	5	2	TTAGGG
3	19110000	3	3	TTAGGG
3	19120000	2	1	TTAGGG
3	19130000	3	0	TTAGGG
3	19140000	1	3	TTAGGG
3	19150000	1	2	TTAGGG
3	19160000	2	1	TTAGGG
3	19170000	2	0	TTAGGG
3	19180000	0	2	TTAGGG
3	19190000	3	3	TTAGGG
3	19200000	0	0	TTAGGG
3	19210000	3	0	TTAGGG
3	19220000	0	0	TTAGGG
3	19230000	2	0	TTAGGG
3	19240000	2	1	TTAGGG
3	19250000	0	2	TTAGGG
3	19260000	0	2	TTAGGG
3	19270000	1	1	TTAGGG
3	19280000	1	1	TTAGGG
3	19290000	2	1	TTAGGG
3	19300000	1	4	TTAGGG
3	19310000	3	0	TTAGGG
3	19320000	0	1	TTAGGG
3	19330000	1	3	TTAGGG
3	19340000	2	2	TTAGGG
3	19350000	1	2	TTAGGG
3	19360000	1	1	TTAGGG
3	19370000	0	2	TTAGGG
3	19380000	3	1	TTAGGG
3	19390000	2	2	TTAGGG
3	19400000	2	0	TTAGGG
3	19410000	2	2	TTAGGG
3	19420000	5	2	TTAGGG
3	19430000	3	2	TTAGGG
3	19440000	2	2	TTAGGG
3	19450000	3	2	TTAGGG
3	19460000	2	0	TTAGGG
3	19470000	1	1	TTAGGG
3	19480000	1	4	TTAGGG
3	19490000	2	0	TTAGGG
3	19500000	1	1	TTAGGG
3	19510000	1	2	TTAGGG
3	19520000	1	3	TTAGGG
3	19530000	0	2	TTAGGG
3	19540000	3	2	TTAGGG
3	19550000	2	3	TTAGGG
3	19560000	2	1	TTAGGG
3	19570000	3	0	TTAGGG
3	19580000	3	2	TTAGGG
3	19590000	2	3	TTAGGG
3	19600000	2	1	TTAGGG
3	19610000	0	1	TTAGGG
3	19620000	0	1	TTAGGG
3	19630000	2	1	TTAGGG
3	19640000	5	2	TTAGGG
3	19650000	4	0	TTAGGG
3	19660000	0	1	TTAGGG
3	19670000	2	1	TTAGGG
3	19680000	0	0	TTAGGG
3	19690000	4	2	TTAGGG
3	19700000	1	1	TTAGGG
3	19710000	2	2	TTAGGG
3	19720000	2	4	TTAGGG
3	19730000	3	0	TTAGGG
3	19740000	1	0	TTAGGG
3	19750000	3	1	TTAGGG
3	19760000	2	1	TTAGGG
3	19770000	1	0	TTAGGG
3	19780000	2	3	TTAGGG
3	19790000	0	2	TTAGGG
3	19800000	1	1	TTAGGG
3	19810000	4	1	TTAGGG
3	19820000	4	1	TTAGGG
3	19830000	1	1	TTAGGG
3	19840000	2	0	TTAGGG
3	19850000	1	1	TTAGGG
3	19860000	2	0	TTAGGG
3	19870000	3	2	TTAGGG
3	19880000	1	1	TTAGGG
3	19890000	3	1	TTAGGG
3	19900000	1	2	TTAGGG
3	19910000	2	0	TTAGGG
3	19920000	1	1	TTAGGG
3	19930000	3	1	TTAGGG
3	19940000	2	0	TTAGGG
3	19950000	1	2	TTAGGG
3	19960000	11	0	TTAGGG
3	19970000	6	1	TTAGGG
3	19980000	11	0	TTAGGG
3	19990000	10	0	TTAGGG
3	20000000	10	0	TTAGGG
3	20010000	8	0	TTAGGG
3	20020000	2	1	TTAGGG
3	20030000	1	1	TTAGGG
3	20040000	4	3	TTAGGG
3	20050000	3	4	TTAGGG
3	20060000	3	2	TTAGGG
3	20070000	1	0	TTAGGG
3	20080000	1	2	TTAGGG
3	20090000	4	3	TTAGGG
3	20100000	1	2	TTAGGG
3	20110000	1	3	TTAGGG
3	20120000	0	2	TTAGGG
3	20130000	2	1	TTAGGG
3	20140000	0	0	TTAGGG
3	20150000	4	3	TTAGGG
3	20160000	1	3	TTAGGG
3	20170000	1	1	TTAGGG
3	20180000	2	1	TTAGGG
3	20190000	3	1	TTAGGG
3	20200000	2	2	TTAGGG
3	20210000	1	3	TTAGGG
3	20220000	0	1	TTAGGG
3	20230000	0	2	TTAGGG
3	20240000	2	1	TTAGGG
3	20250000	3	2	TTAGGG
3	20260000	1	1	TTAGGG
3	20270000	3	3	TTAGGG
3	20280000	2	0	TTAGGG
3	20290000	1	1	TTAGGG
3	20300000	0	1	TTAGGG
3	20310000	1	3	TTAGGG
3	20320000	0	2	TTAGGG
3	20330000	2	0	TTAGGG
3	20340000	2	2	TTAGGG
3	20350000	1	2	TTAGGG
3	20360000	1	3	TTAGGG
3	20370000	2	2	TTAGGG
3	20380000	0	1	TTAGGG
3	20390000	3	3	TTAGGG
3	20400000	1	1	TTAGGG
3	20410000	3	4	TTAGGG
3	20420000	2	3	TTAGGG
3	20430000	1	0	TTAGGG
3	20440000	2	1	TTAGGG
3	20450000	1	2	TTAGGG
3	20460000	1	3	TTAGGG
3	20470000	1	2	TTAGGG
3	20480000	0	4	TTAGGG
3	20490000	0	1	TTAGGG
3	20500000	1	1	TTAGGG
3	20510000	1	4	TTAGGG
3	20520000	0	4	TTAGGG
3	20530000	0	1	TTAGGG
3	20540000	1	1	TTAGGG
3	20550000	3	2	TTAGGG
3	20560000	3	1	TTAGGG
3	20570000	1	1	TTAGGG
3	20580000	3	0	TTAGGG
3	20590000	1	1	TTAGGG
3	20600000	2	2	TTAGGG
3	20610000	2	0	TTAGGG
3	20620000	0	0	TTAGGG
3	20630000	1	1	TTAGGG
3	20640000	1	1	TTAGGG
3	20650000	4	0	TTAGGG
3	20660000	0	1	TTAGGG
3	20670000	2	0	TTAGGG
3	20680000	2	0	TTAGGG
3	20690000	3	2	TTAGGG
3	20700000	2	0	TTAGGG
3	20710000	2	0	TTAGGG
3	20720000	2	3	TTAGGG
3	20730000	1	0	TTAGGG
3	20740000	0	3	TTAGGG
3	20750000	1	1	TTAGGG
3	20760000	0	1	TTAGGG
3	20770000	2	3	TTAGGG
3	20780000	1	5	TTAGGG
3	20790000	1	0	TTAGGG
3	20800000	3	0	TTAGGG
3	20810000	0	1	TTAGGG
3	20820000	3	0	TTAGGG
3	20830000	2	0	TTAGGG
3	20840000	1	2	TTAGGG
3	20850000	1	2	TTAGGG
3	20860000	1	1	TTAGGG
3	20870000	2	2	TTAGGG
3	20880000	0	0	TTAGGG
3	20890000	2	2	TTAGGG
3	20900000	4	2	TTAGGG
3	20910000	2	1	TTAGGG
3	20920000	0	2	TTAGGG
3	20930000	1	1	TTAGGG
3	20940000	0	2	TTAGGG
3	20950000	1	1	TTAGGG
3	20960000	3	1	TTAGGG
3	20970000	0	2	TTAGGG
3	20980000	2	2	TTAGGG
3	20990000	1	1	TTAGGG
3	21000000	0	2	TTAGGG
3	21010000	0	1	TTAGGG
3	21020000	2	2	TTAGGG
3	21030000	2	2	TTAGGG
3	21040000	2	0	TTAGGG
3	21050000	1	2	TTAGGG
3	21060000	0	0	TTAGGG
3	21070000	1	1	TTAGGG
3	21080000	3	0	TTAGGG
3	21090000	0	1	TTAGGG
3	21100000	1	2	TTAGGG
3	21110000	3	1	TTAGGG
3	21120000	1	2	TTAGGG
3	21130000	1	2	TTAGGG
3	21140000	2	2	TTAGGG
3	21150000	1	2	TTAGGG
3	21160000	1	2	TTAGGG
3	21170000	2	1	TTAGGG
3	21180000	1	3	TTAGGG
3	21190000	0	2	TTAGGG
3	21200000	1	0	TTAGGG
3	21210000	2	1	TTAGGG
3	21220000	0	2	TTAGGG
3	21230000	1	0	TTAGGG
3	21240000	2	1	TTAGGG
3	21250000	4	1	TTAGGG
3	21260000	0	1	TTAGGG
3	21270000	2	3	TTAGGG
3	21280000	3	0	TTAGGG
3	21290000	1	0	TTAGGG
3	21300000	0	3	TTAGGG
3	21310000	1	4	TTAGGG
3	21320000	1	3	TTAGGG
3	21330000	2	0	TTAGGG
3	21340000	0	1	TTAGGG
3	21350000	1	4	TTAGGG
3	21360000	2	2	TTAGGG
3	21370000	0	2	TTAGGG
3	21380000	0	0	TTAGGG
3	21390000	1	1	TTAGGG
3	21400000	0	0	TTAGGG
3	21410000	3	2	TTAGGG
3	21420000	0	1	TTAGGG
3	21430000	2	2	TTAGGG
3	21440000	1	2	TTAGGG
3	21450000	3	2	TTAGGG
3	21460000	4	3	TTAGGG
3	21470000	2	2	TTAGGG
3	21480000	1	1	TTAGGG
3	21490000	2	0	TTAGGG
3	21500000	1	3	TTAGGG
3	21510000	2	4	TTAGGG
3	21520000	0	0	TTAGGG
3	21530000	1	3	TTAGGG
3	21540000	0	5	TTAGGG
3	21550000	0	2	TTAGGG
3	21560000	1	3	TTAGGG
3	21570000	0	6	TTAGGG
3	21580000	2	4	TTAGGG
3	21590000	2	0	TTAGGG
3	21600000	3	1	TTAGGG
3	21610000	1	1	TTAGGG
3	21620000	2	2	TTAGGG
3	21630000	1	1	TTAGGG
3	21640000	2	2	TTAGGG
3	21650000	4	2	TTAGGG
3	21660000	1	3	TTAGGG
3	21670000	2	1	TTAGGG
3	21680000	3	3	TTAGGG
3	21690000	5	1	TTAGGG
3	21700000	3	2	TTAGGG
3	21710000	1	2	TTAGGG
3	21720000	1	0	TTAGGG
3	21730000	2	1	TTAGGG
3	21740000	0	2	TTAGGG
3	21750000	1	0	TTAGGG
3	21760000	3	1	TTAGGG
3	21770000	1	2	TTAGGG
3	21780000	2	1	TTAGGG
3	21790000	1	2	TTAGGG
3	21800000	1	2	TTAGGG
3	21810000	4	1	TTAGGG
3	21820000	1	3	TTAGGG
3	21830000	1	7	TTAGGG
3	21840000	0	0	TTAGGG
3	21850000	0	0	TTAGGG
3	21860000	4	1	TTAGGG
3	21870000	0	3	TTAGGG
3	21880000	2	1	TTAGGG
3	21890000	5	0	TTAGGG
3	21900000	2	2	TTAGGG
3	21910000	1	2	TTAGGG
3	21920000	1	3	TTAGGG
3	21930000	3	2	TTAGGG
3	21940000	0	2	TTAGGG
3	21950000	2	0	TTAGGG
3	21960000	2	3	TTAGGG
3	21970000	2	3	TTAGGG
3	21980000	0	2	TTAGGG
3	21990000	2	2	TTAGGG
3	22000000	1	1	TTAGGG
3	22010000	4	2	TTAGGG
3	22020000	4	2	TTAGGG
3	22030000	2	0	TTAGGG
3	22040000	1	1	TTAGGG
3	22050000	2	0	TTAGGG
3	22060000	1	2	TTAGGG
3	22070000	3	1	TTAGGG
3	22080000	0	1	TTAGGG
3	22090000	2	1	TTAGGG
3	22100000	1	3	TTAGGG
3	22110000	1	1	TTAGGG
3	22120000	1	2	TTAGGG
3	22130000	2	1	TTAGGG
3	22140000	3	3	TTAGGG
3	22150000	3	0	TTAGGG
3	22160000	2	0	TTAGGG
3	22170000	3	2	TTAGGG
3	22180000	1	0	TTAGGG
3	22190000	3	2	TTAGGG
3	22200000	1	1	TTAGGG
3	22210000	1	1	TTAGGG
3	22220000	1	1	TTAGGG
3	22230000	1	2	TTAGGG
3	22240000	1	4	TTAGGG
3	22250000	2	3	TTAGGG
3	22260000	0	1	TTAGGG
3	22270000	5	5	TTAGGG
3	22280000	1	3	TTAGGG
3	22290000	1	2	TTAGGG
3	22300000	0	5	TTAGGG
3	22310000	1	2	TTAGGG
3	22320000	1	0	TTAGGG
3	22330000	2	1	TTAGGG
3	22340000	2	0	TTAGGG
3	22350000	2	3	TTAGGG
3	22360000	2	1	TTAGGG
3	22370000	2	3	TTAGGG
3	22380000	3	2	TTAGGG
3	22390000	4	1	TTAGGG
3	22400000	2	1	TTAGGG
3	22410000	6	2	TTAGGG
3	22420000	5	2	TTAGGG
3	22430000	3	1	TTAGGG
3	22440000	2	1	TTAGGG
3	22450000	2	0	TTAGGG
3	22460000	5	1	TTAGGG
3	22470000	2	0	TTAGGG
3	22480000	2	1	TTAGGG
3	22490000	0	2	TTAGGG
3	22500000	1	0	TTAGGG
3	22510000	3	1	TTAGGG
3	22520000	2	1	TTAGGG
3	22530000	3	1	TTAGGG
3	22540000	3	3	TTAGGG
3	22550000	2	2	TTAGGG
3	22560000	2	0	TTAGGG
3	22570000	1	1	TTAGGG
3	22580000	1	1	TTAGGG
3	22590000	0	2	TTAGGG
3	22600000	1	4	TTAGGG
3	22610000	2	3	TTAGGG
3	22620000	1	3	TTAGGG
3	22630000	0	1	TTAGGG
3	22640000	3	4	TTAGGG
3	22650000	1	1	TTAGGG
3	22660000	7	0	TTAGGG
3	22670000	1	1	TTAGGG
3	22680000	1	1	TTAGGG
3	22690000	0	1	TTAGGG
3	22700000	0	2	TTAGGG
3	22710000	0	2	TTAGGG
3	22720000	2	2	TTAGGG
3	22730000	1	1	TTAGGG
3	22740000	1	1	TTAGGG
3	22750000	2	2	TTAGGG
3	22760000	0	1	TTAGGG
3	22770000	1	0	TTAGGG
3	22780000	1	0	TTAGGG
3	22790000	1	1	TTAGGG
3	22800000	1	2	TTAGGG
3	22810000	0	1	TTAGGG
3	22820000	2	2	TTAGGG
3	22830000	3	3	TTAGGG
3	22840000	0	1	TTAGGG
3	22850000	2	0	TTAGGG
3	22860000	4	4	TTAGGG
3	22870000	0	1	TTAGGG
3	22880000	3	1	TTAGGG
3	22890000	2	3	TTAGGG
3	22900000	0	0	TTAGGG
3	22910000	2	0	TTAGGG
3	22920000	0	0	TTAGGG
3	22930000	1	3	TTAGGG
3	22940000	1	2	TTAGGG
3	22950000	4	2	TTAGGG
3	22960000	2	1	TTAGGG
3	22970000	0	1	TTAGGG
3	22980000	1	1	TTAGGG
3	22990000	1	0	TTAGGG
3	23000000	3	0	TTAGGG
3	23010000	0	2	TTAGGG
3	23020000	4	0	TTAGGG
3	23030000	2	1	TTAGGG
3	23040000	2	0	TTAGGG
3	23050000	1	0	TTAGGG
3	23060000	0	4	TTAGGG
3	23070000	2	3	TTAGGG
3	23080000	1	1	TTAGGG
3	23090000	3	0	TTAGGG
3	23100000	1	5	TTAGGG
3	23110000	2	2	TTAGGG
3	23120000	1	4	TTAGGG
3	23130000	2	3	TTAGGG
3	23140000	0	0	TTAGGG
3	23150000	1	2	TTAGGG
3	23160000	0	2	TTAGGG
3	23170000	5	0	TTAGGG
3	23180000	2	3	TTAGGG
3	23190000	2	2	TTAGGG
3	23200000	5	3	TTAGGG
3	23210000	1	2	TTAGGG
3	23220000	0	2	TTAGGG
3	23230000	3	0	TTAGGG
3	23240000	2	1	TTAGGG
3	23250000	1	3	TTAGGG
3	23260000	4	0	TTAGGG
3	23270000	4	1	TTAGGG
3	23280000	2	2	TTAGGG
3	23290000	1	2	TTAGGG
3	23300000	5	4	TTAGGG
3	23310000	1	2	TTAGGG
3	23320000	2	1	TTAGGG
3	23330000	1	1	TTAGGG
3	23340000	2	0	TTAGGG
3	23350000	0	0	TTAGGG
3	23360000	0	1	TTAGGG
3	23370000	1	1	TTAGGG
3	23380000	1	1	TTAGGG
3	23390000	0	1	TTAGGG
3	23400000	3	4	TTAGGG
3	23410000	1	3	TTAGGG
3	23420000	3	1	TTAGGG
3	23430000	2	2	TTAGGG
3	23440000	0	0	TTAGGG
3	23450000	1	1	TTAGGG
3	23460000	2	2	TTAGGG
3	23470000	1	1	TTAGGG
3	23480000	0	1	TTAGGG
3	23490000	3	2	TTAGGG
3	23500000	1	3	TTAGGG
3	23510000	4	0	TTAGGG
3	23520000	1	3	TTAGGG
3	23530000	4	1	TTAGGG
3	23540000	1	4	TTAGGG
3	23550000	3	2	TTAGGG
3	23560000	1	0	TTAGGG
3	23570000	1	1	TTAGGG
3	23580000	3	1	TTAGGG
3	23590000	1	4	TTAGGG
3	23600000	3	3	TTAGGG
3	23610000	0	2	TTAGGG
3	23620000	1	0	TTAGGG
3	23630000	2	3	TTAGGG
3	23640000	1	1	TTAGGG
3	23650000	2	2	TTAGGG
3	23660000	2	1	TTAGGG
3	23670000	3	2	TTAGGG
3	23680000	1	2	TTAGGG
3	23690000	2	0	TTAGGG
3	23700000	2	1	TTAGGG
3	23710000	1	2	TTAGGG
3	23720000	0	1	TTAGGG
3	23730000	2	1	TTAGGG
3	23740000	0	1	TTAGGG
3	23750000	0	2	TTAGGG
3	23760000	1	3	TTAGGG
3	23770000	1	1	TTAGGG
3	23780000	1	1	TTAGGG
3	23790000	2	1	TTAGGG
3	23800000	5	5	TTAGGG
3	23810000	2	0	TTAGGG
3	23820000	0	1	TTAGGG
3	23830000	4	1	TTAGGG
3	23840000	2	2	TTAGGG
3	23850000	0	1	TTAGGG
3	23860000	0	0	TTAGGG
3	23870000	3	3	TTAGGG
3	23880000	1	1	TTAGGG
3	23890000	2	4	TTAGGG
3	23900000	4	2	TTAGGG
3	23910000	1	0	TTAGGG
3	23920000	1	2	TTAGGG
3	23930000	2	1	TTAGGG
3	23940000	0	2	TTAGGG
3	23950000	2	2	TTAGGG
3	23960000	2	0	TTAGGG
3	23970000	0	2	TTAGGG
3	23980000	0	1	TTAGGG
3	23990000	1	0	TTAGGG
3	24000000	1	0	TTAGGG
3	24010000	2	1	TTAGGG
3	24020000	5	1	TTAGGG
3	24030000	0	1	TTAGGG
3	24040000	3	3	TTAGGG
3	24050000	0	0	TTAGGG
3	24060000	1	0	TTAGGG
3	24070000	1	4	TTAGGG
3	24080000	2	2	TTAGGG
3	24090000	2	2	TTAGGG
3	24100000	2	1	TTAGGG
3	24110000	3	3	TTAGGG
3	24120000	1	1	TTAGGG
3	24130000	1	2	TTAGGG
3	24140000	4	1	TTAGGG
3	24150000	1	1	TTAGGG
3	24160000	1	1	TTAGGG
3	24170000	1	1	TTAGGG
3	24180000	1	2	TTAGGG
3	24190000	3	2	TTAGGG
3	24200000	0	1	TTAGGG
3	24210000	2	2	TTAGGG
3	24220000	0	2	TTAGGG
3	24230000	1	3	TTAGGG
3	24240000	1	3	TTAGGG
3	24250000	2	1	TTAGGG
3	24260000	0	2	TTAGGG
3	24270000	3	1	TTAGGG
3	24280000	0	3	TTAGGG
3	24290000	2	1	TTAGGG
3	24300000	2	3	TTAGGG
3	24310000	2	1	TTAGGG
3	24320000	0	0	TTAGGG
3	24330000	2	0	TTAGGG
3	24340000	1	2	TTAGGG
3	24350000	2	1	TTAGGG
3	24360000	1	2	TTAGGG
3	24370000	3	0	TTAGGG
3	24380000	2	1	TTAGGG
3	24390000	3	1	TTAGGG
3	24400000	3	1	TTAGGG
3	24410000	1	0	TTAGGG
3	24420000	3	0	TTAGGG
3	24430000	1	0	TTAGGG
3	24440000	1	0	TTAGGG
3	24450000	2	0	TTAGGG
3	24460000	1	0	TTAGGG
3	24470000	2	0	TTAGGG
3	24480000	1	0	TTAGGG
3	24490000	1	0	TTAGGG
3	24500000	2	0	TTAGGG
3	24510000	1	0	TTAGGG
3	24520000	1	0	TTAGGG
3	24530000	2	0	TTAGGG
3	24540000	1	0	TTAGGG
3	24550000	0	2	TTAGGG
3	24560000	0	2	TTAGGG
3	24570000	0	1	TTAGGG
3	24580000	0	2	TTAGGG
3	24590000	0	2	TTAGGG
3	24600000	0	2	TTAGGG
3	24610000	0	1	TTAGGG
3	24620000	0	2	TTAGGG
3	24630000	2	2	TTAGGG
3	24640000	0	2	TTAGGG
3	24650000	0	2	TTAGGG
3	24660000	0	2	TTAGGG
3	24670000	0	2	TTAGGG
3	24680000	0	2	TTAGGG
3	24690000	0	2	TTAGGG
3	24700000	0	1	TTAGGG
3	24710000	0	3	TTAGGG
3	24720000	0	1	TTAGGG
3	24730000	0	2	TTAGGG
3	24740000	0	2	TTAGGG
3	24750000	0	2	TTAGGG
3	24760000	0	2	TTAGGG
3	24770000	0	1	TTAGGG
3	24780000	0	2	TTAGGG
3	24790000	0	2	TTAGGG
3	24800000	0	2	TTAGGG
3	24810000	0	2	TTAGGG
3	24820000	1	2	TTAGGG
3	24830000	0	2	TTAGGG
3	24840000	0	2	TTAGGG
3	24850000	0	2	TTAGGG
3	24860000	0	2	TTAGGG
3	24870000	0	1	TTAGGG
3	24880000	0	2	TTAGGG
3	24890000	0	2	TTAGGG
3	24900000	0	2	TTAGGG
3	24910000	0	2	TTAGGG
3	24920000	0	2	TTAGGG
3	24930000	0	1	TTAGGG
3	24940000	0	2	TTAGGG
3	24950000	0	2	TTAGGG
3	24960000	2	1	TTAGGG
3	24970000	0	1	TTAGGG
3	24980000	0	3	TTAGGG
3	24990000	2	0	TTAGGG
3	25000000	1	1	TTAGGG
3	25010000	10	0	TTAGGG
3	25020000	10	0	TTAGGG
3	25030000	10	0	TTAGGG
3	25040000	10	0	TTAGGG
3	25050000	10	0	TTAGGG
3	25060000	10	0	TTAGGG
3	25070000	9	0	TTAGGG
3	25080000	3	0	TTAGGG
3	25090000	1	5	TTAGGG
3	25100000	0	1	TTAGGG
3	25110000	0	1	TTAGGG
3	25120000	2	1	TTAGGG
3	25130000	1	3	TTAGGG
3	25140000	0	1	TTAGGG
3	25150000	0	1	TTAGGG
3	25160000	2	2	TTAGGG
3	25170000	1	3	TTAGGG
3	25180000	4	0	TTAGGG
3	25190000	5	3	TTAGGG
3	25200000	4	2	TTAGGG
3	25210000	2	1	TTAGGG
3	25220000	3	2	TTAGGG
3	25230000	1	1	TTAGGG
3	25240000	4	1	TTAGGG
3	25250000	0	0	TTAGGG
3	25260000	2	1	TTAGGG
3	25270000	1	1	TTAGGG
3	25280000	1	1	TTAGGG
3	25290000	2	1	TTAGGG
3	25300000	2	1	TTAGGG
3	25310000	3	2	TTAGGG
3	25320000	0	1	TTAGGG
3	25330000	3	1	TTAGGG
3	25340000	2	1	TTAGGG
3	25350000	3	2	TTAGGG
3	25360000	3	3	TTAGGG
3	25370000	3	2	TTAGGG
3	25380000	3	1	TTAGGG
3	25390000	3	1	TTAGGG
3	25400000	1	0	TTAGGG
3	25410000	3	3	TTAGGG
3	25420000	0	1	TTAGGG
3	25430000	5	0	TTAGGG
3	25440000	1	2	TTAGGG
3	25450000	2	2	TTAGGG
3	25460000	0	2	TTAGGG
3	25470000	3	3	TTAGGG
3	25480000	1	1	TTAGGG
3	25490000	1	1	TTAGGG
3	25500000	3	1	TTAGGG
3	25510000	2	1	TTAGGG
3	25520000	1	2	TTAGGG
3	25530000	2	2	TTAGGG
3	25540000	0	4	TTAGGG
3	25550000	1	2	TTAGGG
3	25560000	3	2	TTAGGG
3	25570000	2	1	TTAGGG
3	25580000	2	1	TTAGGG
3	25590000	2	2	TTAGGG
3	25600000	1	2	TTAGGG
3	25610000	0	3	TTAGGG
3	25620000	1	3	TTAGGG
3	25630000	0	3	TTAGGG
3	25640000	1	0	TTAGGG
3	25650000	2	0	TTAGGG
3	25660000	2	2	TTAGGG
3	25670000	1	0	TTAGGG
3	25680000	3	1	TTAGGG
3	25690000	3	1	TTAGGG
3	25700000	2	2	TTAGGG
3	25710000	1	4	TTAGGG
3	25720000	0	1	TTAGGG
3	25730000	1	1	TTAGGG
3	25740000	1	1	TTAGGG
3	25750000	2	2	TTAGGG
3	25760000	1	1	TTAGGG
3	25770000	4	2	TTAGGG
3	25780000	3	3	TTAGGG
3	25790000	3	3	TTAGGG
3	25800000	0	3	TTAGGG
3	25810000	2	2	TTAGGG
3	25820000	3	1	TTAGGG
3	25830000	2	0	TTAGGG
3	25840000	0	0	TTAGGG
3	25850000	2	4	TTAGGG
3	25860000	2	3	TTAGGG
3	25870000	3	3	TTAGGG
3	25880000	0	4	TTAGGG
3	25890000	0	0	TTAGGG
3	25900000	2	2	TTAGGG
3	25910000	1	1	TTAGGG
3	25920000	3	3	TTAGGG
3	25930000	2	2	TTAGGG
3	25940000	0	0	TTAGGG
3	25950000	1	1	TTAGGG
3	25960000	1	0	TTAGGG
3	25970000	1	3	TTAGGG
3	25980000	0	1	TTAGGG
3	25990000	3	0	TTAGGG
3	26000000	1	0	TTAGGG
3	26010000	1	4	TTAGGG
3	26020000	0	0	TTAGGG
3	26030000	0	1	TTAGGG
3	26040000	5	1	TTAGGG
3	26050000	0	2	TTAGGG
3	26060000	2	3	TTAGGG
3	26070000	1	4	TTAGGG
3	26080000	2	0	TTAGGG
3	26090000	0	0	TTAGGG
3	26100000	2	1	TTAGGG
3	26110000	0	2	TTAGGG
3	26120000	0	2	TTAGGG
3	26130000	2	2	TTAGGG
3	26140000	1	0	TTAGGG
3	26150000	3	2	TTAGGG
3	26160000	2	1	TTAGGG
3	26170000	3	6	TTAGGG
3	26180000	0	0	TTAGGG
3	26190000	2	2	TTAGGG
3	26200000	2	1	TTAGGG
3	26210000	1	2	TTAGGG
3	26220000	0	0	TTAGGG
3	26230000	0	2	TTAGGG
3	26240000	3	3	TTAGGG
3	26250000	3	4	TTAGGG
3	26260000	5	4	TTAGGG
3	26270000	2	4	TTAGGG
3	26280000	1	0	TTAGGG
3	26290000	1	0	TTAGGG
3	26300000	2	3	TTAGGG
3	26310000	1	2	TTAGGG
3	26320000	1	3	TTAGGG
3	26330000	2	0	TTAGGG
3	26340000	2	1	TTAGGG
3	26350000	1	6	TTAGGG
3	26360000	0	2	TTAGGG
3	26370000	1	0	TTAGGG
3	26380000	0	3	TTAGGG
3	26390000	0	2	TTAGGG
3	26400000	0	1	TTAGGG
3	26410000	1	1	TTAGGG
3	26420000	3	0	TTAGGG
3	26430000	1	1	TTAGGG
3	26440000	1	6	TTAGGG
3	26450000	3	1	TTAGGG
3	26460000	2	2	TTAGGG
3	26470000	3	1	TTAGGG
3	26480000	5	0	TTAGGG
3	26490000	3	1	TTAGGG
3	26500000	1	2	TTAGGG
3	26510000	2	2	TTAGGG
3	26520000	0	0	TTAGGG
3	26530000	2	1	TTAGGG
3	26540000	2	1	TTAGGG
3	26550000	1	1	TTAGGG
3	26560000	2	0	TTAGGG
3	26570000	2	0	TTAGGG
3	26580000	2	3	TTAGGG
3	26590000	3	0	TTAGGG
3	26600000	3	3	TTAGGG
3	26610000	1	1	TTAGGG
3	26620000	4	2	TTAGGG
3	26630000	1	1	TTAGGG
3	26640000	1	2	TTAGGG
3	26650000	0	2	TTAGGG
3	26660000	1	1	TTAGGG
3	26670000	1	1	TTAGGG
3	26680000	2	3	TTAGGG
3	26690000	0	3	TTAGGG
3	26700000	1	1	TTAGGG
3	26710000	1	3	TTAGGG
3	26720000	1	4	TTAGGG
3	26730000	2	3	TTAGGG
3	26740000	2	0	TTAGGG
3	26750000	1	1	TTAGGG
3	26760000	1	0	TTAGGG
3	26770000	1	1	TTAGGG
3	26780000	0	0	TTAGGG
3	26790000	0	0	TTAGGG
3	26800000	0	0	TTAGGG
3	26810000	0	0	TTAGGG
3	26820000	0	0	TTAGGG
3	26830000	0	0	TTAGGG
3	26840000	0	0	TTAGGG
3	26850000	0	0	TTAGGG
3	26860000	0	0	TTAGGG
3	26870000	0	0	TTAGGG
3	26880000	0	0	TTAGGG
3	26890000	0	0	TTAGGG
3	26900000	0	0	TTAGGG
3	26910000	0	0	TTAGGG
3	26920000	0	0	TTAGGG
3	26930000	0	0	TTAGGG
3	26940000	0	0	TTAGGG
3	26950000	0	0	TTAGGG
3	26960000	0	0	TTAGGG
3	26970000	0	0	TTAGGG
3	26980000	0	0	TTAGGG
3	26990000	0	0	TTAGGG
3	27000000	0	0	TTAGGG
3	27010000	0	0	TTAGGG
3	27020000	0	0	TTAGGG
3	27027897	0	0	TTAGGG
4	10000	0	1527	TTAGGG
4	20000	0	1656	TTAGGG
4	30000	3	526	TTAGGG
4	40000	2	4	TTAGGG
4	50000	2	1	TTAGGG
4	60000	3	1	TTAGGG
4	70000	0	0	TTAGGG
4	80000	2	1	TTAGGG
4	90000	1	1	TTAGGG
4	100000	1	1	TTAGGG
4	110000	1	1	TTAGGG
4	120000	4	1	TTAGGG
4	130000	2	0	TTAGGG
4	140000	1	2	TTAGGG
4	150000	3	0	TTAGGG
4	160000	1	1	TTAGGG
4	170000	1	0	TTAGGG
4	180000	2	2	TTAGGG
4	190000	2	1	TTAGGG
4	200000	2	1	TTAGGG
4	210000	1	1	TTAGGG
4	220000	0	1	TTAGGG
4	230000	0	0	TTAGGG
4	240000	2	3	TTAGGG
4	250000	1	2	TTAGGG
4	260000	0	1	TTAGGG
4	270000	1	5	TTAGGG
4	280000	1	1	TTAGGG
4	290000	2	0	TTAGGG
4	300000	0	1	TTAGGG
4	310000	1	0	TTAGGG
4	320000	0	0	TTAGGG
4	330000	1	0	TTAGGG
4	340000	4	1	TTAGGG
4	350000	2	0	TTAGGG
4	360000	4	1	TTAGGG
4	370000	4	2	TTAGGG
4	380000	1	1	TTAGGG
4	390000	2	1	TTAGGG
4	400000	0	1	TTAGGG
4	410000	1	2	TTAGGG
4	420000	1	1	TTAGGG
4	430000	3	2	TTAGGG
4	440000	1	1	TTAGGG
4	450000	2	4	TTAGGG
4	460000	4	0	TTAGGG
4	470000	4	2	TTAGGG
4	480000	3	2	TTAGGG
4	490000	2	3	TTAGGG
4	500000	1	1	TTAGGG
4	510000	2	3	TTAGGG
4	520000	3	2	TTAGGG
4	530000	3	0	TTAGGG
4	540000	2	2	TTAGGG
4	550000	2	0	TTAGGG
4	560000	3	0	TTAGGG
4	570000	1	2	TTAGGG
4	580000	1	3	TTAGGG
4	590000	0	2	TTAGGG
4	600000	2	4	TTAGGG
4	610000	3	0	TTAGGG
4	620000	1	0	TTAGGG
4	630000	1	5	TTAGGG
4	640000	0	3	TTAGGG
4	650000	0	1	TTAGGG
4	660000	2	5	TTAGGG
4	670000	0	3	TTAGGG
4	680000	1	1	TTAGGG
4	690000	1	2	TTAGGG
4	700000	0	3	TTAGGG
4	710000	2	6	TTAGGG
4	720000	3	3	TTAGGG
4	730000	2	0	TTAGGG
4	740000	0	0	TTAGGG
4	750000	1	1	TTAGGG
4	760000	2	0	TTAGGG
4	770000	0	1	TTAGGG
4	780000	1	0	TTAGGG
4	790000	2	1	TTAGGG
4	800000	1	2	TTAGGG
4	810000	2	1	TTAGGG
4	820000	2	3	TTAGGG
4	830000	1	0	TTAGGG
4	840000	2	0	TTAGGG
4	850000	1	1	TTAGGG
4	860000	0	2	TTAGGG
4	870000	1	0	TTAGGG
4	880000	2	1	TTAGGG
4	890000	1	1	TTAGGG
4	900000	1	0	TTAGGG
4	910000	0	5	TTAGGG
4	920000	4	2	TTAGGG
4	930000	0	5	TTAGGG
4	940000	3	1	TTAGGG
4	950000	3	1	TTAGGG
4	960000	3	4	TTAGGG
4	970000	2	4	TTAGGG
4	980000	4	3	TTAGGG
4	990000	1	5	TTAGGG
4	1000000	2	0	TTAGGG
4	1010000	3	4	TTAGGG
4	1020000	2	0	TTAGGG
4	1030000	3	4	TTAGGG
4	1040000	4	0	TTAGGG
4	1050000	2	3	TTAGGG
4	1060000	1	5	TTAGGG
4	1070000	4	0	TTAGGG
4	1080000	2	4	TTAGGG
4	1090000	1	4	TTAGGG
4	1100000	3	0	TTAGGG
4	1110000	2	0	TTAGGG
4	1120000	3	0	TTAGGG
4	1130000	0	4	TTAGGG
4	1140000	2	2	TTAGGG
4	1150000	4	3	TTAGGG
4	1160000	0	4	TTAGGG
4	1170000	4	1	TTAGGG
4	1180000	4	2	TTAGGG
4	1190000	0	4	TTAGGG
4	1200000	4	1	TTAGGG
4	1210000	0	4	TTAGGG
4	1220000	4	1	TTAGGG
4	1230000	0	3	TTAGGG
4	1240000	4	2	TTAGGG
4	1250000	0	3	TTAGGG
4	1260000	2	2	TTAGGG
4	1270000	0	4	TTAGGG
4	1280000	5	1	TTAGGG
4	1290000	3	4	TTAGGG
4	1300000	0	2	TTAGGG
4	1310000	4	3	TTAGGG
4	1320000	2	3	TTAGGG
4	1330000	5	1	TTAGGG
4	1340000	1	4	TTAGGG
4	1350000	2	2	TTAGGG
4	1360000	2	3	TTAGGG
4	1370000	4	2	TTAGGG
4	1380000	0	3	TTAGGG
4	1390000	4	2	TTAGGG
4	1400000	0	3	TTAGGG
4	1410000	2	3	TTAGGG
4	1420000	3	2	TTAGGG
4	1430000	4	1	TTAGGG
4	1440000	1	4	TTAGGG
4	1450000	3	2	TTAGGG
4	1460000	1	4	TTAGGG
4	1470000	2	2	TTAGGG
4	1480000	2	3	TTAGGG
4	1490000	4	2	TTAGGG
4	1500000	0	3	TTAGGG
4	1510000	4	2	TTAGGG
4	1520000	0	4	TTAGGG
4	1530000	4	1	TTAGGG
4	1540000	0	3	TTAGGG
4	1550000	4	2	TTAGGG
4	1560000	0	3	TTAGGG
4	1570000	4	2	TTAGGG
4	1580000	0	3	TTAGGG
4	1590000	2	2	TTAGGG
4	1600000	0	4	TTAGGG
4	1610000	5	1	TTAGGG
4	1620000	3	4	TTAGGG
4	1630000	0	3	TTAGGG
4	1640000	2	3	TTAGGG
4	1650000	2	2	TTAGGG
4	1660000	3	0	TTAGGG
4	1670000	2	2	TTAGGG
4	1680000	0	2	TTAGGG
4	1690000	3	3	TTAGGG
4	1700000	3	0	TTAGGG
4	1710000	1	2	TTAGGG
4	1720000	0	0	TTAGGG
4	1730000	2	1	TTAGGG
4	1740000	1	1	TTAGGG
4	1750000	0	2	TTAGGG
4	1760000	2	3	TTAGGG
4	1770000	1	0	TTAGGG
4	1780000	0	0	TTAGGG
4	1790000	1	0	TTAGGG
4	1800000	4	0	TTAGGG
4	1810000	2	3	TTAGGG
4	1820000	4	1	TTAGGG
4	1830000	3	2	TTAGGG
4	1840000	1	3	TTAGGG
4	1850000	4	2	TTAGGG
4	1860000	2	2	TTAGGG
4	1870000	3	2	TTAGGG
4	1880000	3	1	TTAGGG
4	1890000	0	2	TTAGGG
4	1900000	2	1	TTAGGG
4	1910000	0	5	TTAGGG
4	1920000	3	1	TTAGGG
4	1930000	1	0	TTAGGG
4	1940000	1	0	TTAGGG
4	1950000	0	2	TTAGGG
4	1960000	1	1	TTAGGG
4	1970000	2	0	TTAGGG
4	1980000	2	1	TTAGGG
4	1990000	2	1	TTAGGG
4	2000000	1	2	TTAGGG
4	2010000	0	3	TTAGGG
4	2020000	1	1	TTAGGG
4	2030000	1	1	TTAGGG
4	2040000	4	0	TTAGGG
4	2050000	2	0	TTAGGG
4	2060000	1	1	TTAGGG
4	2070000	3	3	TTAGGG
4	2080000	2	0	TTAGGG
4	2090000	3	1	TTAGGG
4	2100000	2	0	TTAGGG
4	2110000	2	1	TTAGGG
4	2120000	4	1	TTAGGG
4	2130000	0	0	TTAGGG
4	2140000	1	2	TTAGGG
4	2150000	2	1	TTAGGG
4	2160000	1	2	TTAGGG
4	2170000	1	1	TTAGGG
4	2180000	2	5	TTAGGG
4	2190000	0	2	TTAGGG
4	2200000	2	2	TTAGGG
4	2210000	3	1	TTAGGG
4	2220000	1	1	TTAGGG
4	2230000	2	2	TTAGGG
4	2240000	2	1	TTAGGG
4	2250000	1	3	TTAGGG
4	2260000	0	2	TTAGGG
4	2270000	3	0	TTAGGG
4	2280000	2	2	TTAGGG
4	2290000	2	1	TTAGGG
4	2300000	4	1	TTAGGG
4	2310000	0	2	TTAGGG
4	2320000	0	3	TTAGGG
4	2330000	0	1	TTAGGG
4	2340000	1	1	TTAGGG
4	2350000	2	0	TTAGGG
4	2360000	2	2	TTAGGG
4	2370000	1	2	TTAGGG
4	2380000	3	2	TTAGGG
4	2390000	0	1	TTAGGG
4	2400000	3	1	TTAGGG
4	2410000	1	1	TTAGGG
4	2420000	0	0	TTAGGG
4	2430000	0	1	TTAGGG
4	2440000	1	4	TTAGGG
4	2450000	0	0	TTAGGG
4	2460000	1	4	TTAGGG
4	2470000	1	2	TTAGGG
4	2480000	0	2	TTAGGG
4	2490000	5	1	TTAGGG
4	2500000	0	2	TTAGGG
4	2510000	0	2	TTAGGG
4	2520000	3	2	TTAGGG
4	2530000	2	5	TTAGGG
4	2540000	2	0	TTAGGG
4	2550000	2	0	TTAGGG
4	2560000	2	3	TTAGGG
4	2570000	2	0	TTAGGG
4	2580000	2	1	TTAGGG
4	2590000	1	0	TTAGGG
4	2600000	3	2	TTAGGG
4	2610000	0	1	TTAGGG
4	2620000	2	1	TTAGGG
4	2630000	3	2	TTAGGG
4	2640000	0	3	TTAGGG
4	2650000	1	1	TTAGGG
4	2660000	5	0	TTAGGG
4	2670000	2	1	TTAGGG
4	2680000	3	1	TTAGGG
4	2690000	2	4	TTAGGG
4	2700000	0	0	TTAGGG
4	2710000	0	3	TTAGGG
4	2720000	1	1	TTAGGG
4	2730000	4	0	TTAGGG
4	2740000	1	3	TTAGGG
4	2750000	0	1	TTAGGG
4	2760000	2	1	TTAGGG
4	2770000	0	3	TTAGGG
4	2780000	0	2	TTAGGG
4	2790000	2	1	TTAGGG
4	2800000	1	0	TTAGGG
4	2810000	1	1	TTAGGG
4	2820000	1	0	TTAGGG
4	2830000	1	0	TTAGGG
4	2840000	2	1	TTAGGG
4	2850000	4	0	TTAGGG
4	2860000	1	5	TTAGGG
4	2870000	0	2	TTAGGG
4	2880000	1	4	TTAGGG
4	2890000	1	5	TTAGGG
4	2900000	1	1	TTAGGG
4	2910000	0	3	TTAGGG
4	2920000	2	0	TTAGGG
4	2930000	1	2	TTAGGG
4	2940000	1	5	TTAGGG
4	2950000	0	1	TTAGGG
4	2960000	4	5	TTAGGG
4	2970000	0	1	TTAGGG
4	2980000	0	3	TTAGGG
4	2990000	2	2	TTAGGG
4	3000000	0	0	TTAGGG
4	3010000	3	2	TTAGGG
4	3020000	1	1	TTAGGG
4	3030000	1	0	TTAGGG
4	3040000	1	1	TTAGGG
4	3050000	1	2	TTAGGG
4	3060000	1	0	TTAGGG
4	3070000	1	0	TTAGGG
4	3080000	1	0	TTAGGG
4	3090000	3	1	TTAGGG
4	3100000	1	2	TTAGGG
4	3110000	4	2	TTAGGG
4	3120000	1	4	TTAGGG
4	3130000	2	3	TTAGGG
4	3140000	3	2	TTAGGG
4	3150000	1	1	TTAGGG
4	3160000	0	1	TTAGGG
4	3170000	2	5	TTAGGG
4	3180000	0	2	TTAGGG
4	3190000	1	0	TTAGGG
4	3200000	2	3	TTAGGG
4	3210000	1	1	TTAGGG
4	3220000	3	0	TTAGGG
4	3230000	3	0	TTAGGG
4	3240000	1	2	TTAGGG
4	3250000	0	1	TTAGGG
4	3260000	1	1	TTAGGG
4	3270000	1	1	TTAGGG
4	3280000	1	0	TTAGGG
4	3290000	0	2	TTAGGG
4	3300000	1	2	TTAGGG
4	3310000	0	1	TTAGGG
4	3320000	3	2	TTAGGG
4	3330000	0	1	TTAGGG
4	3340000	2	0	TTAGGG
4	3350000	2	1	TTAGGG
4	3360000	1	1	TTAGGG
4	3370000	0	0	TTAGGG
4	3380000	3	2	TTAGGG
4	3390000	1	2	TTAGGG
4	3400000	1	3	TTAGGG
4	3410000	2	1	TTAGGG
4	3420000	0	0	TTAGGG
4	3430000	0	2	TTAGGG
4	3440000	3	0	TTAGGG
4	3450000	0	1	TTAGGG
4	3460000	0	2	TTAGGG
4	3470000	3	3	TTAGGG
4	3480000	0	2	TTAGGG
4	3490000	2	4	TTAGGG
4	3500000	2	2	TTAGGG
4	3510000	3	1	TTAGGG
4	3520000	1	2	TTAGGG
4	3530000	0	0	TTAGGG
4	3540000	1	0	TTAGGG
4	3550000	0	0	TTAGGG
4	3560000	2	0	TTAGGG
4	3570000	2	1	TTAGGG
4	3580000	1	1	TTAGGG
4	3590000	0	0	TTAGGG
4	3600000	0	2	TTAGGG
4	3610000	1	3	TTAGGG
4	3620000	0	4	TTAGGG
4	3630000	0	2	TTAGGG
4	3640000	2	1	TTAGGG
4	3650000	1	1	TTAGGG
4	3660000	3	0	TTAGGG
4	3670000	2	1	TTAGGG
4	3680000	2	0	TTAGGG
4	3690000	2	2	TTAGGG
4	3700000	1	1	TTAGGG
4	3710000	0	1	TTAGGG
4	3720000	1	4	TTAGGG
4	3730000	1	1	TTAGGG
4	3740000	0	1	TTAGGG
4	3750000	0	0	TTAGGG
4	3760000	2	1	TTAGGG
4	3770000	4	0	TTAGGG
4	3780000	1	0	TTAGGG
4	3790000	1	2	TTAGGG
4	3800000	2	3	TTAGGG
4	3810000	3	1	TTAGGG
4	3820000	1	1	TTAGGG
4	3830000	0	1	TTAGGG
4	3840000	1	4	TTAGGG
4	3850000	2	2	TTAGGG
4	3860000	0	2	TTAGGG
4	3870000	6	2	TTAGGG
4	3880000	2	0	TTAGGG
4	3890000	0	1	TTAGGG
4	3900000	0	5	TTAGGG
4	3910000	1	1	TTAGGG
4	3920000	0	2	TTAGGG
4	3930000	3	1	TTAGGG
4	3940000	1	1	TTAGGG
4	3950000	3	2	TTAGGG
4	3960000	1	2	TTAGGG
4	3970000	1	1	TTAGGG
4	3980000	4	2	TTAGGG
4	3990000	4	0	TTAGGG
4	4000000	2	1	TTAGGG
4	4010000	0	0	TTAGGG
4	4020000	1	1	TTAGGG
4	4030000	1	0	TTAGGG
4	4040000	0	2	TTAGGG
4	4050000	2	3	TTAGGG
4	4060000	2	1	TTAGGG
4	4070000	3	2	TTAGGG
4	4080000	2	1	TTAGGG
4	4090000	1	1	TTAGGG
4	4100000	1	1	TTAGGG
4	4110000	3	0	TTAGGG
4	4120000	0	2	TTAGGG
4	4130000	1	2	TTAGGG
4	4140000	1	1	TTAGGG
4	4150000	2	1	TTAGGG
4	4160000	0	0	TTAGGG
4	4170000	1	0	TTAGGG
4	4180000	6	0	TTAGGG
4	4190000	2	2	TTAGGG
4	4200000	2	0	TTAGGG
4	4210000	4	1	TTAGGG
4	4220000	3	1	TTAGGG
4	4230000	2	1	TTAGGG
4	4240000	0	1	TTAGGG
4	4250000	1	2	TTAGGG
4	4260000	1	1	TTAGGG
4	4270000	1	1	TTAGGG
4	4280000	2	0	TTAGGG
4	4290000	4	2	TTAGGG
4	4300000	2	2	TTAGGG
4	4310000	1	2	TTAGGG
4	4320000	0	1	TTAGGG
4	4330000	1	1	TTAGGG
4	4340000	0	1	TTAGGG
4	4350000	0	0	TTAGGG
4	4360000	2	3	TTAGGG
4	4370000	2	2	TTAGGG
4	4380000	0	3	TTAGGG
4	4390000	2	0	TTAGGG
4	4400000	0	2	TTAGGG
4	4410000	3	2	TTAGGG
4	4420000	1	1	TTAGGG
4	4430000	0	2	TTAGGG
4	4440000	2	2	TTAGGG
4	4450000	1	0	TTAGGG
4	4460000	3	2	TTAGGG
4	4470000	1	1	TTAGGG
4	4480000	1	0	TTAGGG
4	4490000	0	0	TTAGGG
4	4500000	4	2	TTAGGG
4	4510000	2	0	TTAGGG
4	4520000	0	1	TTAGGG
4	4530000	2	3	TTAGGG
4	4540000	0	2	TTAGGG
4	4550000	3	1	TTAGGG
4	4560000	1	1	TTAGGG
4	4570000	0	0	TTAGGG
4	4580000	2	1	TTAGGG
4	4590000	2	0	TTAGGG
4	4600000	3	2	TTAGGG
4	4610000	1	0	TTAGGG
4	4620000	1	0	TTAGGG
4	4630000	0	1	TTAGGG
4	4640000	1	2	TTAGGG
4	4650000	2	0	TTAGGG
4	4660000	1	0	TTAGGG
4	4670000	0	1	TTAGGG
4	4680000	2	2	TTAGGG
4	4690000	2	1	TTAGGG
4	4700000	3	2	TTAGGG
4	4710000	1	1	TTAGGG
4	4720000	2	1	TTAGGG
4	4730000	1	2	TTAGGG
4	4740000	1	2	TTAGGG
4	4750000	1	1	TTAGGG
4	4760000	1	0	TTAGGG
4	4770000	3	0	TTAGGG
4	4780000	0	1	TTAGGG
4	4790000	0	2	TTAGGG
4	4800000	2	1	TTAGGG
4	4810000	0	1	TTAGGG
4	4820000	1	3	TTAGGG
4	4830000	1	4	TTAGGG
4	4840000	3	1	TTAGGG
4	4850000	1	3	TTAGGG
4	4860000	2	0	TTAGGG
4	4870000	3	0	TTAGGG
4	4880000	1	0	TTAGGG
4	4890000	0	1	TTAGGG
4	4900000	2	1	TTAGGG
4	4910000	0	1	TTAGGG
4	4920000	2	0	TTAGGG
4	4930000	0	1	TTAGGG
4	4940000	0	2	TTAGGG
4	4950000	3	4	TTAGGG
4	4960000	2	1	TTAGGG
4	4970000	1	1	TTAGGG
4	4980000	1	2	TTAGGG
4	4990000	2	2	TTAGGG
4	5000000	1	0	TTAGGG
4	5010000	4	3	TTAGGG
4	5020000	2	1	TTAGGG
4	5030000	3	0	TTAGGG
4	5040000	2	2	TTAGGG
4	5050000	0	1	TTAGGG
4	5060000	2	2	TTAGGG
4	5070000	1	1	TTAGGG
4	5080000	3	1	TTAGGG
4	5090000	1	0	TTAGGG
4	5100000	1	1	TTAGGG
4	5110000	1	3	TTAGGG
4	5120000	1	0	TTAGGG
4	5130000	1	1	TTAGGG
4	5140000	3	1	TTAGGG
4	5150000	0	1	TTAGGG
4	5160000	2	0	TTAGGG
4	5170000	2	1	TTAGGG
4	5180000	1	1	TTAGGG
4	5190000	2	2	TTAGGG
4	5200000	1	1	TTAGGG
4	5210000	0	2	TTAGGG
4	5220000	2	0	TTAGGG
4	5230000	0	2	TTAGGG
4	5240000	1	0	TTAGGG
4	5250000	1	3	TTAGGG
4	5260000	2	0	TTAGGG
4	5270000	0	1	TTAGGG
4	5280000	2	0	TTAGGG
4	5290000	2	2	TTAGGG
4	5300000	1	2	TTAGGG
4	5310000	0	1	TTAGGG
4	5320000	2	2	TTAGGG
4	5330000	0	1	TTAGGG
4	5340000	3	2	TTAGGG
4	5350000	1	0	TTAGGG
4	5360000	1	4	TTAGGG
4	5370000	2	0	TTAGGG
4	5380000	1	1	TTAGGG
4	5390000	2	1	TTAGGG
4	5400000	1	2	TTAGGG
4	5410000	2	3	TTAGGG
4	5420000	1	5	TTAGGG
4	5430000	0	1	TTAGGG
4	5440000	1	3	TTAGGG
4	5450000	1	1	TTAGGG
4	5460000	5	1	TTAGGG
4	5470000	1	2	TTAGGG
4	5480000	6	0	TTAGGG
4	5490000	2	1	TTAGGG
4	5500000	1	1	TTAGGG
4	5510000	1	0	TTAGGG
4	5520000	4	3	TTAGGG
4	5530000	2	3	TTAGGG
4	5540000	2	2	TTAGGG
4	5550000	2	2	TTAGGG
4	5560000	3	2	TTAGGG
4	5570000	2	2	TTAGGG
4	5580000	2	2	TTAGGG
4	5590000	2	3	TTAGGG
4	5600000	2	1	TTAGGG
4	5610000	2	1	TTAGGG
4	5620000	1	0	TTAGGG
4	5630000	2	1	TTAGGG
4	5640000	2	1	TTAGGG
4	5650000	2	1	TTAGGG
4	5660000	3	2	TTAGGG
4	5670000	2	2	TTAGGG
4	5680000	2	2	TTAGGG
4	5690000	2	3	TTAGGG
4	5700000	2	2	TTAGGG
4	5710000	2	2	TTAGGG
4	5720000	1	2	TTAGGG
4	5730000	1	2	TTAGGG
4	5740000	2	1	TTAGGG
4	5750000	3	1	TTAGGG
4	5760000	2	2	TTAGGG
4	5770000	2	2	TTAGGG
4	5780000	2	0	TTAGGG
4	5790000	0	0	TTAGGG
4	5800000	0	0	TTAGGG
4	5810000	1	0	TTAGGG
4	5820000	3	0	TTAGGG
4	5830000	0	0	TTAGGG
4	5840000	3	4	TTAGGG
4	5850000	0	0	TTAGGG
4	5860000	1	0	TTAGGG
4	5870000	3	3	TTAGGG
4	5880000	2	4	TTAGGG
4	5890000	4	0	TTAGGG
4	5900000	1	0	TTAGGG
4	5910000	2	0	TTAGGG
4	5920000	2	0	TTAGGG
4	5930000	2	1	TTAGGG
4	5940000	5	0	TTAGGG
4	5950000	0	6	TTAGGG
4	5960000	2	2	TTAGGG
4	5970000	0	0	TTAGGG
4	5980000	1	1	TTAGGG
4	5990000	1	3	TTAGGG
4	6000000	3	1	TTAGGG
4	6010000	0	1	TTAGGG
4	6020000	2	3	TTAGGG
4	6030000	1	1	TTAGGG
4	6040000	1	2	TTAGGG
4	6050000	2	2	TTAGGG
4	6060000	3	1	TTAGGG
4	6070000	1	0	TTAGGG
4	6080000	1	0	TTAGGG
4	6090000	3	0	TTAGGG
4	6100000	1	4	TTAGGG
4	6110000	0	1	TTAGGG
4	6120000	0	0	TTAGGG
4	6130000	2	1	TTAGGG
4	6140000	2	2	TTAGGG
4	6150000	2	4	TTAGGG
4	6160000	0	3	TTAGGG
4	6170000	1	2	TTAGGG
4	6180000	1	0	TTAGGG
4	6190000	2	1	TTAGGG
4	6200000	0	2	TTAGGG
4	6210000	0	1	TTAGGG
4	6220000	0	0	TTAGGG
4	6230000	2	1	TTAGGG
4	6240000	3	0	TTAGGG
4	6250000	2	0	TTAGGG
4	6260000	0	0	TTAGGG
4	6270000	5	1	TTAGGG
4	6280000	3	2	TTAGGG
4	6290000	1	1	TTAGGG
4	6300000	0	1	TTAGGG
4	6310000	1	2	TTAGGG
4	6320000	0	4	TTAGGG
4	6330000	4	2	TTAGGG
4	6340000	2	1	TTAGGG
4	6350000	0	1	TTAGGG
4	6360000	0	1	TTAGGG
4	6370000	1	4	TTAGGG
4	6380000	1	2	TTAGGG
4	6390000	3	2	TTAGGG
4	6400000	3	1	TTAGGG
4	6410000	3	5	TTAGGG
4	6420000	3	4	TTAGGG
4	6430000	1	2	TTAGGG
4	6440000	2	2	TTAGGG
4	6450000	1	0	TTAGGG
4	6460000	0	0	TTAGGG
4	6470000	1	1	TTAGGG
4	6480000	1	3	TTAGGG
4	6490000	1	0	TTAGGG
4	6500000	1	1	TTAGGG
4	6510000	2	1	TTAGGG
4	6520000	1	3	TTAGGG
4	6530000	2	1	TTAGGG
4	6540000	1	1	TTAGGG
4	6550000	2	2	TTAGGG
4	6560000	1	2	TTAGGG
4	6570000	4	5	TTAGGG
4	6580000	0	0	TTAGGG
4	6590000	1	2	TTAGGG
4	6600000	1	3	TTAGGG
4	6610000	1	2	TTAGGG
4	6620000	1	1	TTAGGG
4	6630000	2	1	TTAGGG
4	6640000	0	1	TTAGGG
4	6650000	2	3	TTAGGG
4	6660000	0	1	TTAGGG
4	6670000	1	2	TTAGGG
4	6680000	1	1	TTAGGG
4	6690000	4	1	TTAGGG
4	6700000	0	2	TTAGGG
4	6710000	2	1	TTAGGG
4	6720000	2	1	TTAGGG
4	6730000	2	0	TTAGGG
4	6740000	2	0	TTAGGG
4	6750000	4	2	TTAGGG
4	6760000	2	5	TTAGGG
4	6770000	0	2	TTAGGG
4	6780000	3	2	TTAGGG
4	6790000	1	2	TTAGGG
4	6800000	0	1	TTAGGG
4	6810000	1	0	TTAGGG
4	6820000	0	1	TTAGGG
4	6830000	0	1	TTAGGG
4	6840000	4	0	TTAGGG
4	6850000	2	2	TTAGGG
4	6860000	3	2	TTAGGG
4	6870000	2	1	TTAGGG
4	6880000	3	3	TTAGGG
4	6890000	0	0	TTAGGG
4	6900000	0	0	TTAGGG
4	6910000	1	1	TTAGGG
4	6920000	1	0	TTAGGG
4	6930000	2	2	TTAGGG
4	6940000	3	4	TTAGGG
4	6950000	2	4	TTAGGG
4	6960000	2	1	TTAGGG
4	6970000	1	0	TTAGGG
4	6980000	0	4	TTAGGG
4	6990000	0	2	TTAGGG
4	7000000	2	1	TTAGGG
4	7010000	1	1	TTAGGG
4	7020000	1	1	TTAGGG
4	7030000	1	1	TTAGGG
4	7040000	2	1	TTAGGG
4	7050000	0	0	TTAGGG
4	7060000	0	1	TTAGGG
4	7070000	1	2	TTAGGG
4	7080000	4	1	TTAGGG
4	7090000	2	1	TTAGGG
4	7100000	1	1	TTAGGG
4	7110000	1	3	TTAGGG
4	7120000	1	1	TTAGGG
4	7130000	2	0	TTAGGG
4	7140000	3	0	TTAGGG
4	7150000	1	2	TTAGGG
4	7160000	6	1	TTAGGG
4	7170000	1	3	TTAGGG
4	7180000	3	5	TTAGGG
4	7190000	3	2	TTAGGG
4	7200000	0	0	TTAGGG
4	7210000	1	1	TTAGGG
4	7220000	4	4	TTAGGG
4	7230000	1	0	TTAGGG
4	7240000	4	2	TTAGGG
4	7250000	3	3	TTAGGG
4	7260000	3	2	TTAGGG
4	7270000	3	2	TTAGGG
4	7280000	2	1	TTAGGG
4	7290000	1	2	TTAGGG
4	7300000	1	1	TTAGGG
4	7310000	2	1	TTAGGG
4	7320000	3	2	TTAGGG
4	7330000	2	1	TTAGGG
4	7340000	1	0	TTAGGG
4	7350000	2	1	TTAGGG
4	7360000	1	4	TTAGGG
4	7370000	4	4	TTAGGG
4	7380000	0	1	TTAGGG
4	7390000	1	0	TTAGGG
4	7400000	3	1	TTAGGG
4	7410000	1	3	TTAGGG
4	7420000	2	1	TTAGGG
4	7430000	2	0	TTAGGG
4	7440000	2	1	TTAGGG
4	7450000	2	0	TTAGGG
4	7460000	2	2	TTAGGG
4	7470000	0	1	TTAGGG
4	7480000	0	0	TTAGGG
4	7490000	4	1	TTAGGG
4	7500000	2	1	TTAGGG
4	7510000	1	1	TTAGGG
4	7520000	2	2	TTAGGG
4	7530000	1	0	TTAGGG
4	7540000	0	3	TTAGGG
4	7550000	2	1	TTAGGG
4	7560000	1	0	TTAGGG
4	7570000	1	3	TTAGGG
4	7580000	0	2	TTAGGG
4	7590000	2	2	TTAGGG
4	7600000	1	1	TTAGGG
4	7610000	0	1	TTAGGG
4	7620000	2	1	TTAGGG
4	7630000	3	0	TTAGGG
4	7640000	0	1	TTAGGG
4	7650000	4	1	TTAGGG
4	7660000	1	4	TTAGGG
4	7670000	1	0	TTAGGG
4	7680000	2	1	TTAGGG
4	7690000	3	1	TTAGGG
4	7700000	1	2	TTAGGG
4	7710000	3	1	TTAGGG
4	7720000	3	0	TTAGGG
4	7730000	3	1	TTAGGG
4	7740000	2	0	TTAGGG
4	7750000	0	3	TTAGGG
4	7760000	2	0	TTAGGG
4	7770000	1	2	TTAGGG
4	7780000	0	3	TTAGGG
4	7790000	2	2	TTAGGG
4	7800000	1	0	TTAGGG
4	7810000	3	3	TTAGGG
4	7820000	0	0	TTAGGG
4	7830000	1	3	TTAGGG
4	7840000	3	2	TTAGGG
4	7850000	1	2	TTAGGG
4	7860000	1	6	TTAGGG
4	7870000	0	0	TTAGGG
4	7880000	3	2	TTAGGG
4	7890000	3	3	TTAGGG
4	7900000	0	3	TTAGGG
4	7910000	2	0	TTAGGG
4	7920000	1	1	TTAGGG
4	7930000	3	1	TTAGGG
4	7940000	5	2	TTAGGG
4	7950000	4	0	TTAGGG
4	7960000	1	1	TTAGGG
4	7970000	1	2	TTAGGG
4	7980000	1	3	TTAGGG
4	7990000	0	2	TTAGGG
4	8000000	1	0	TTAGGG
4	8010000	1	1	TTAGGG
4	8020000	2	0	TTAGGG
4	8030000	1	2	TTAGGG
4	8040000	3	3	TTAGGG
4	8050000	1	1	TTAGGG
4	8060000	0	1	TTAGGG
4	8070000	2	1	TTAGGG
4	8080000	1	0	TTAGGG
4	8090000	1	0	TTAGGG
4	8100000	3	0	TTAGGG
4	8110000	5	4	TTAGGG
4	8120000	0	1	TTAGGG
4	8130000	1	0	TTAGGG
4	8140000	0	6	TTAGGG
4	8150000	0	1	TTAGGG
4	8160000	1	4	TTAGGG
4	8170000	0	2	TTAGGG
4	8180000	1	3	TTAGGG
4	8190000	3	2	TTAGGG
4	8200000	1	3	TTAGGG
4	8210000	0	1	TTAGGG
4	8220000	1	1	TTAGGG
4	8230000	1	4	TTAGGG
4	8240000	1	4	TTAGGG
4	8250000	2	2	TTAGGG
4	8260000	2	4	TTAGGG
4	8270000	2	1	TTAGGG
4	8280000	1	0	TTAGGG
4	8290000	2	1	TTAGGG
4	8300000	0	4	TTAGGG
4	8310000	0	1	TTAGGG
4	8320000	0	3	TTAGGG
4	8330000	3	1	TTAGGG
4	8340000	2	0	TTAGGG
4	8350000	1	3	TTAGGG
4	8360000	3	0	TTAGGG
4	8370000	1	2	TTAGGG
4	8380000	1	0	TTAGGG
4	8390000	0	0	TTAGGG
4	8400000	0	1	TTAGGG
4	8410000	0	1	TTAGGG
4	8420000	1	1	TTAGGG
4	8430000	3	6	TTAGGG
4	8440000	0	0	TTAGGG
4	8450000	0	1	TTAGGG
4	8460000	1	3	TTAGGG
4	8470000	2	3	TTAGGG
4	8480000	1	0	TTAGGG
4	8490000	0	0	TTAGGG
4	8500000	1	3	TTAGGG
4	8510000	3	1	TTAGGG
4	8520000	0	3	TTAGGG
4	8530000	2	0	TTAGGG
4	8540000	3	2	TTAGGG
4	8550000	1	2	TTAGGG
4	8560000	1	1	TTAGGG
4	8570000	5	0	TTAGGG
4	8580000	2	1	TTAGGG
4	8590000	3	1	TTAGGG
4	8600000	2	4	TTAGGG
4	8610000	2	0	TTAGGG
4	8620000	1	4	TTAGGG
4	8630000	0	4	TTAGGG
4	8640000	1	1	TTAGGG
4	8650000	1	3	TTAGGG
4	8660000	1	0	TTAGGG
4	8670000	3	1	TTAGGG
4	8680000	0	0	TTAGGG
4	8690000	1	3	TTAGGG
4	8700000	2	0	TTAGGG
4	8710000	2	1	TTAGGG
4	8720000	1	2	TTAGGG
4	8730000	0	1	TTAGGG
4	8740000	1	3	TTAGGG
4	8750000	2	1	TTAGGG
4	8760000	1	1	TTAGGG
4	8770000	3	2	TTAGGG
4	8780000	2	0	TTAGGG
4	8790000	10	0	TTAGGG
4	8800000	9	0	TTAGGG
4	8810000	5	1	TTAGGG
4	8820000	1	0	TTAGGG
4	8830000	0	0	TTAGGG
4	8840000	0	2	TTAGGG
4	8850000	2	4	TTAGGG
4	8860000	0	2	TTAGGG
4	8870000	0	3	TTAGGG
4	8880000	1	0	TTAGGG
4	8890000	2	1	TTAGGG
4	8900000	2	4	TTAGGG
4	8910000	3	1	TTAGGG
4	8920000	3	0	TTAGGG
4	8930000	2	4	TTAGGG
4	8940000	1	3	TTAGGG
4	8950000	1	4	TTAGGG
4	8960000	0	1	TTAGGG
4	8970000	1	1	TTAGGG
4	8980000	3	1	TTAGGG
4	8990000	1	2	TTAGGG
4	9000000	2	0	TTAGGG
4	9010000	3	3	TTAGGG
4	9020000	4	4	TTAGGG
4	9030000	1	0	TTAGGG
4	9040000	2	1	TTAGGG
4	9050000	3	0	TTAGGG
4	9060000	1	3	TTAGGG
4	9070000	3	1	TTAGGG
4	9080000	2	2	TTAGGG
4	9090000	7	2	TTAGGG
4	9100000	1	2	TTAGGG
4	9110000	1	5	TTAGGG
4	9120000	4	3	TTAGGG
4	9130000	2	2	TTAGGG
4	9140000	0	2	TTAGGG
4	9150000	0	2	TTAGGG
4	9160000	1	2	TTAGGG
4	9170000	1	1	TTAGGG
4	9180000	1	0	TTAGGG
4	9190000	1	2	TTAGGG
4	9200000	1	1	TTAGGG
4	9210000	0	1	TTAGGG
4	9220000	2	1	TTAGGG
4	9230000	6	1	TTAGGG
4	9240000	2	3	TTAGGG
4	9250000	1	0	TTAGGG
4	9260000	1	2	TTAGGG
4	9270000	4	3	TTAGGG
4	9280000	0	0	TTAGGG
4	9290000	0	1	TTAGGG
4	9300000	0	0	TTAGGG
4	9310000	0	1	TTAGGG
4	9320000	0	0	TTAGGG
4	9330000	0	0	TTAGGG
4	9340000	1	1	TTAGGG
4	9350000	1	1	TTAGGG
4	9360000	1	0	TTAGGG
4	9370000	0	0	TTAGGG
4	9380000	1	0	TTAGGG
4	9390000	0	1	TTAGGG
4	9400000	0	1	TTAGGG
4	9410000	1	0	TTAGGG
4	9420000	0	2	TTAGGG
4	9430000	0	0	TTAGGG
4	9440000	1	1	TTAGGG
4	9450000	0	0	TTAGGG
4	9460000	0	1	TTAGGG
4	9470000	0	1	TTAGGG
4	9480000	1	1	TTAGGG
4	9490000	0	0	TTAGGG
4	9500000	1	1	TTAGGG
4	9510000	0	1	TTAGGG
4	9520000	1	0	TTAGGG
4	9530000	1	0	TTAGGG
4	9540000	0	1	TTAGGG
4	9550000	1	0	TTAGGG
4	9560000	0	1	TTAGGG
4	9570000	1	0	TTAGGG
4	9580000	0	1	TTAGGG
4	9590000	1	0	TTAGGG
4	9600000	0	1	TTAGGG
4	9610000	0	1	TTAGGG
4	9620000	1	0	TTAGGG
4	9630000	0	0	TTAGGG
4	9640000	1	0	TTAGGG
4	9650000	1	1	TTAGGG
4	9660000	1	0	TTAGGG
4	9670000	0	1	TTAGGG
4	9680000	1	0	TTAGGG
4	9690000	0	1	TTAGGG
4	9700000	0	0	TTAGGG
4	9710000	1	1	TTAGGG
4	9720000	0	1	TTAGGG
4	9730000	0	0	TTAGGG
4	9740000	0	1	TTAGGG
4	9750000	0	0	TTAGGG
4	9760000	2	0	TTAGGG
4	9770000	0	1	TTAGGG
4	9780000	0	1	TTAGGG
4	9790000	1	0	TTAGGG
4	9800000	1	1	TTAGGG
4	9810000	1	0	TTAGGG
4	9820000	1	1	TTAGGG
4	9830000	1	0	TTAGGG
4	9840000	0	1	TTAGGG
4	9850000	1	0	TTAGGG
4	9860000	0	1	TTAGGG
4	9870000	1	0	TTAGGG
4	9880000	0	1	TTAGGG
4	9890000	0	0	TTAGGG
4	9900000	1	0	TTAGGG
4	9910000	1	1	TTAGGG
4	9920000	0	0	TTAGGG
4	9930000	1	1	TTAGGG
4	9940000	0	0	TTAGGG
4	9950000	1	1	TTAGGG
4	9960000	0	1	TTAGGG
4	9970000	0	0	TTAGGG
4	9980000	1	1	TTAGGG
4	9990000	1	0	TTAGGG
4	10000000	2	3	TTAGGG
4	10010000	0	1	TTAGGG
4	10020000	2	0	TTAGGG
4	10030000	1	2	TTAGGG
4	10040000	2	4	TTAGGG
4	10050000	1	3	TTAGGG
4	10060000	2	4	TTAGGG
4	10070000	1	2	TTAGGG
4	10080000	3	1	TTAGGG
4	10090000	1	1	TTAGGG
4	10100000	3	0	TTAGGG
4	10110000	1	1	TTAGGG
4	10120000	1	2	TTAGGG
4	10130000	2	1	TTAGGG
4	10140000	1	4	TTAGGG
4	10150000	0	0	TTAGGG
4	10160000	2	6	TTAGGG
4	10170000	2	2	TTAGGG
4	10180000	2	0	TTAGGG
4	10190000	2	3	TTAGGG
4	10200000	1	2	TTAGGG
4	10210000	1	1	TTAGGG
4	10220000	1	1	TTAGGG
4	10230000	3	1	TTAGGG
4	10240000	2	3	TTAGGG
4	10250000	0	1	TTAGGG
4	10260000	2	2	TTAGGG
4	10270000	0	2	TTAGGG
4	10280000	1	1	TTAGGG
4	10290000	1	1	TTAGGG
4	10300000	2	0	TTAGGG
4	10310000	2	3	TTAGGG
4	10320000	1	2	TTAGGG
4	10330000	1	0	TTAGGG
4	10340000	0	0	TTAGGG
4	10350000	4	1	TTAGGG
4	10360000	2	4	TTAGGG
4	10370000	4	0	TTAGGG
4	10380000	3	3	TTAGGG
4	10390000	2	0	TTAGGG
4	10400000	4	0	TTAGGG
4	10410000	1	3	TTAGGG
4	10420000	2	0	TTAGGG
4	10430000	2	2	TTAGGG
4	10440000	0	0	TTAGGG
4	10450000	0	2	TTAGGG
4	10460000	1	3	TTAGGG
4	10470000	3	3	TTAGGG
4	10480000	3	2	TTAGGG
4	10490000	5	0	TTAGGG
4	10500000	2	0	TTAGGG
4	10510000	4	1	TTAGGG
4	10520000	1	3	TTAGGG
4	10530000	1	1	TTAGGG
4	10540000	3	3	TTAGGG
4	10550000	1	1	TTAGGG
4	10560000	0	5	TTAGGG
4	10570000	1	0	TTAGGG
4	10580000	1	1	TTAGGG
4	10590000	2	2	TTAGGG
4	10600000	0	0	TTAGGG
4	10610000	2	2	TTAGGG
4	10620000	1	1	TTAGGG
4	10630000	2	1	TTAGGG
4	10640000	1	1	TTAGGG
4	10650000	1	1	TTAGGG
4	10660000	1	1	TTAGGG
4	10670000	1	2	TTAGGG
4	10680000	2	1	TTAGGG
4	10690000	1	2	TTAGGG
4	10700000	2	1	TTAGGG
4	10710000	2	0	TTAGGG
4	10720000	1	1	TTAGGG
4	10730000	4	1	TTAGGG
4	10740000	3	3	TTAGGG
4	10750000	2	2	TTAGGG
4	10760000	1	2	TTAGGG
4	10770000	1	2	TTAGGG
4	10780000	2	0	TTAGGG
4	10790000	0	3	TTAGGG
4	10800000	3	2	TTAGGG
4	10810000	2	1	TTAGGG
4	10820000	2	0	TTAGGG
4	10830000	0	3	TTAGGG
4	10840000	4	5	TTAGGG
4	10850000	1	0	TTAGGG
4	10860000	0	3	TTAGGG
4	10870000	3	4	TTAGGG
4	10880000	0	2	TTAGGG
4	10890000	2	0	TTAGGG
4	10900000	0	5	TTAGGG
4	10910000	3	0	TTAGGG
4	10920000	0	4	TTAGGG
4	10930000	3	0	TTAGGG
4	10940000	1	2	TTAGGG
4	10950000	2	2	TTAGGG
4	10960000	1	0	TTAGGG
4	10970000	2	0	TTAGGG
4	10980000	0	3	TTAGGG
4	10990000	2	2	TTAGGG
4	11000000	4	0	TTAGGG
4	11010000	3	2	TTAGGG
4	11020000	2	1	TTAGGG
4	11030000	2	2	TTAGGG
4	11040000	2	0	TTAGGG
4	11050000	1	3	TTAGGG
4	11060000	1	3	TTAGGG
4	11070000	0	2	TTAGGG
4	11080000	2	1	TTAGGG
4	11090000	3	0	TTAGGG
4	11100000	1	0	TTAGGG
4	11110000	3	1	TTAGGG
4	11120000	1	0	TTAGGG
4	11130000	1	0	TTAGGG
4	11140000	0	0	TTAGGG
4	11150000	1	2	TTAGGG
4	11160000	1	1	TTAGGG
4	11170000	1	1	TTAGGG
4	11180000	1	0	TTAGGG
4	11190000	2	3	TTAGGG
4	11200000	2	1	TTAGGG
4	11210000	1	3	TTAGGG
4	11220000	1	5	TTAGGG
4	11230000	2	1	TTAGGG
4	11240000	0	2	TTAGGG
4	11250000	4	0	TTAGGG
4	11260000	1	1	TTAGGG
4	11270000	2	2	TTAGGG
4	11280000	1	4	TTAGGG
4	11290000	3	0	TTAGGG
4	11300000	1	1	TTAGGG
4	11310000	3	3	TTAGGG
4	11320000	5	2	TTAGGG
4	11330000	1	0	TTAGGG
4	11340000	2	3	TTAGGG
4	11350000	2	1	TTAGGG
4	11360000	2	2	TTAGGG
4	11370000	0	0	TTAGGG
4	11380000	0	2	TTAGGG
4	11390000	4	2	TTAGGG
4	11400000	2	3	TTAGGG
4	11410000	2	3	TTAGGG
4	11420000	2	3	TTAGGG
4	11430000	4	3	TTAGGG
4	11440000	1	0	TTAGGG
4	11450000	0	1	TTAGGG
4	11460000	0	1	TTAGGG
4	11470000	1	3	TTAGGG
4	11480000	0	3	TTAGGG
4	11490000	2	1	TTAGGG
4	11500000	1	0	TTAGGG
4	11510000	1	0	TTAGGG
4	11520000	0	0	TTAGGG
4	11530000	0	2	TTAGGG
4	11540000	0	1	TTAGGG
4	11550000	2	0	TTAGGG
4	11560000	1	4	TTAGGG
4	11570000	2	1	TTAGGG
4	11580000	2	1	TTAGGG
4	11590000	2	5	TTAGGG
4	11600000	2	0	TTAGGG
4	11610000	0	1	TTAGGG
4	11620000	2	1	TTAGGG
4	11630000	0	2	TTAGGG
4	11640000	1	1	TTAGGG
4	11650000	3	0	TTAGGG
4	11660000	2	4	TTAGGG
4	11670000	1	3	TTAGGG
4	11680000	3	2	TTAGGG
4	11690000	1	2	TTAGGG
4	11700000	3	1	TTAGGG
4	11710000	2	1	TTAGGG
4	11720000	0	1	TTAGGG
4	11730000	0	1	TTAGGG
4	11740000	0	3	TTAGGG
4	11750000	1	4	TTAGGG
4	11760000	2	2	TTAGGG
4	11770000	0	4	TTAGGG
4	11780000	2	3	TTAGGG
4	11790000	2	2	TTAGGG
4	11800000	2	1	TTAGGG
4	11810000	0	5	TTAGGG
4	11820000	3	1	TTAGGG
4	11830000	1	2	TTAGGG
4	11840000	2	3	TTAGGG
4	11850000	1	1	TTAGGG
4	11860000	2	3	TTAGGG
4	11870000	2	2	TTAGGG
4	11880000	1	2	TTAGGG
4	11890000	0	0	TTAGGG
4	11900000	1	0	TTAGGG
4	11910000	0	1	TTAGGG
4	11920000	2	2	TTAGGG
4	11930000	1	2	TTAGGG
4	11940000	1	3	TTAGGG
4	11950000	3	3	TTAGGG
4	11960000	0	1	TTAGGG
4	11970000	1	0	TTAGGG
4	11980000	1	2	TTAGGG
4	11990000	2	0	TTAGGG
4	12000000	1	0	TTAGGG
4	12010000	3	2	TTAGGG
4	12020000	0	0	TTAGGG
4	12030000	2	1	TTAGGG
4	12040000	0	2	TTAGGG
4	12050000	2	3	TTAGGG
4	12060000	3	1	TTAGGG
4	12070000	4	0	TTAGGG
4	12080000	0	1	TTAGGG
4	12090000	0	3	TTAGGG
4	12100000	1	2	TTAGGG
4	12110000	2	1	TTAGGG
4	12120000	0	1	TTAGGG
4	12130000	1	1	TTAGGG
4	12140000	2	2	TTAGGG
4	12150000	2	2	TTAGGG
4	12160000	1	2	TTAGGG
4	12170000	0	0	TTAGGG
4	12180000	1	2	TTAGGG
4	12190000	1	1	TTAGGG
4	12200000	0	2	TTAGGG
4	12210000	2	1	TTAGGG
4	12220000	1	2	TTAGGG
4	12230000	1	0	TTAGGG
4	12240000	3	1	TTAGGG
4	12250000	1	0	TTAGGG
4	12260000	0	2	TTAGGG
4	12270000	2	0	TTAGGG
4	12280000	1	1	TTAGGG
4	12290000	3	3	TTAGGG
4	12300000	1	3	TTAGGG
4	12310000	1	4	TTAGGG
4	12320000	1	2	TTAGGG
4	12330000	1	1	TTAGGG
4	12340000	1	3	TTAGGG
4	12350000	0	1	TTAGGG
4	12360000	0	0	TTAGGG
4	12370000	3	2	TTAGGG
4	12380000	1	0	TTAGGG
4	12390000	1	1	TTAGGG
4	12400000	1	0	TTAGGG
4	12410000	1	0	TTAGGG
4	12420000	2	0	TTAGGG
4	12430000	2	1	TTAGGG
4	12440000	1	6	TTAGGG
4	12450000	1	1	TTAGGG
4	12460000	1	1	TTAGGG
4	12470000	2	0	TTAGGG
4	12480000	4	0	TTAGGG
4	12490000	1	3	TTAGGG
4	12500000	4	3	TTAGGG
4	12510000	1	0	TTAGGG
4	12520000	2	3	TTAGGG
4	12530000	1	0	TTAGGG
4	12540000	0	0	TTAGGG
4	12550000	1	0	TTAGGG
4	12560000	2	3	TTAGGG
4	12570000	0	5	TTAGGG
4	12580000	2	1	TTAGGG
4	12590000	1	3	TTAGGG
4	12600000	3	1	TTAGGG
4	12610000	3	3	TTAGGG
4	12620000	2	2	TTAGGG
4	12630000	2	2	TTAGGG
4	12640000	2	1	TTAGGG
4	12650000	1	0	TTAGGG
4	12660000	2	1	TTAGGG
4	12670000	1	0	TTAGGG
4	12680000	1	0	TTAGGG
4	12690000	1	2	TTAGGG
4	12700000	1	0	TTAGGG
4	12710000	2	3	TTAGGG
4	12720000	0	2	TTAGGG
4	12730000	4	2	TTAGGG
4	12740000	5	1	TTAGGG
4	12750000	3	0	TTAGGG
4	12760000	1	0	TTAGGG
4	12770000	2	1	TTAGGG
4	12780000	2	2	TTAGGG
4	12790000	3	1	TTAGGG
4	12800000	3	0	TTAGGG
4	12810000	1	1	TTAGGG
4	12820000	0	0	TTAGGG
4	12830000	4	3	TTAGGG
4	12840000	1	2	TTAGGG
4	12850000	1	1	TTAGGG
4	12860000	1	0	TTAGGG
4	12870000	2	1	TTAGGG
4	12880000	1	0	TTAGGG
4	12890000	3	0	TTAGGG
4	12900000	1	1	TTAGGG
4	12910000	2	2	TTAGGG
4	12920000	3	2	TTAGGG
4	12930000	1	1	TTAGGG
4	12940000	2	0	TTAGGG
4	12950000	1	2	TTAGGG
4	12960000	4	2	TTAGGG
4	12970000	0	3	TTAGGG
4	12980000	1	1	TTAGGG
4	12990000	1	0	TTAGGG
4	13000000	1	1	TTAGGG
4	13010000	3	3	TTAGGG
4	13020000	2	0	TTAGGG
4	13030000	0	3	TTAGGG
4	13040000	0	0	TTAGGG
4	13050000	0	1	TTAGGG
4	13060000	2	2	TTAGGG
4	13070000	2	0	TTAGGG
4	13080000	3	1	TTAGGG
4	13090000	0	3	TTAGGG
4	13100000	3	3	TTAGGG
4	13110000	0	1	TTAGGG
4	13120000	0	2	TTAGGG
4	13130000	1	2	TTAGGG
4	13140000	1	1	TTAGGG
4	13150000	1	0	TTAGGG
4	13160000	2	1	TTAGGG
4	13170000	1	6	TTAGGG
4	13180000	2	0	TTAGGG
4	13190000	0	1	TTAGGG
4	13200000	0	1	TTAGGG
4	13210000	4	1	TTAGGG
4	13220000	0	1	TTAGGG
4	13230000	0	4	TTAGGG
4	13240000	7	1	TTAGGG
4	13250000	1	1	TTAGGG
4	13260000	1	0	TTAGGG
4	13270000	2	2	TTAGGG
4	13280000	2	2	TTAGGG
4	13290000	0	1	TTAGGG
4	13300000	0	3	TTAGGG
4	13310000	4	4	TTAGGG
4	13320000	2	4	TTAGGG
4	13330000	1	1	TTAGGG
4	13340000	0	0	TTAGGG
4	13350000	3	1	TTAGGG
4	13360000	1	1	TTAGGG
4	13370000	2	0	TTAGGG
4	13380000	3	1	TTAGGG
4	13390000	0	3	TTAGGG
4	13400000	2	0	TTAGGG
4	13410000	2	0	TTAGGG
4	13420000	3	0	TTAGGG
4	13430000	1	1	TTAGGG
4	13440000	2	3	TTAGGG
4	13450000	2	5	TTAGGG
4	13460000	0	1	TTAGGG
4	13470000	1	2	TTAGGG
4	13480000	1	0	TTAGGG
4	13490000	2	3	TTAGGG
4	13500000	2	2	TTAGGG
4	13510000	2	2	TTAGGG
4	13520000	2	2	TTAGGG
4	13530000	4	2	TTAGGG
4	13540000	0	4	TTAGGG
4	13550000	3	1	TTAGGG
4	13560000	0	6	TTAGGG
4	13570000	3	3	TTAGGG
4	13580000	1	2	TTAGGG
4	13590000	3	0	TTAGGG
4	13600000	1	2	TTAGGG
4	13610000	2	8	TTAGGG
4	13620000	0	0	TTAGGG
4	13630000	0	2	TTAGGG
4	13640000	3	1	TTAGGG
4	13650000	1	1	TTAGGG
4	13660000	3	1	TTAGGG
4	13670000	3	2	TTAGGG
4	13680000	1	2	TTAGGG
4	13690000	0	1	TTAGGG
4	13700000	0	3	TTAGGG
4	13710000	3	4	TTAGGG
4	13720000	1	1	TTAGGG
4	13730000	1	2	TTAGGG
4	13740000	2	3	TTAGGG
4	13750000	0	1	TTAGGG
4	13760000	2	2	TTAGGG
4	13770000	1	0	TTAGGG
4	13780000	2	4	TTAGGG
4	13790000	1	6	TTAGGG
4	13800000	1	4	TTAGGG
4	13810000	1	2	TTAGGG
4	13820000	2	1	TTAGGG
4	13830000	0	1	TTAGGG
4	13840000	0	1	TTAGGG
4	13850000	0	2	TTAGGG
4	13860000	3	3	TTAGGG
4	13870000	0	2	TTAGGG
4	13880000	0	2	TTAGGG
4	13890000	2	1	TTAGGG
4	13900000	2	1	TTAGGG
4	13910000	1	1	TTAGGG
4	13920000	1	0	TTAGGG
4	13930000	1	0	TTAGGG
4	13940000	1	1	TTAGGG
4	13950000	0	2	TTAGGG
4	13960000	1	0	TTAGGG
4	13970000	0	3	TTAGGG
4	13980000	5	1	TTAGGG
4	13990000	3	0	TTAGGG
4	14000000	1	2	TTAGGG
4	14010000	1	3	TTAGGG
4	14020000	1	2	TTAGGG
4	14030000	1	2	TTAGGG
4	14040000	2	1	TTAGGG
4	14050000	1	2	TTAGGG
4	14060000	2	5	TTAGGG
4	14070000	0	1	TTAGGG
4	14080000	1	3	TTAGGG
4	14090000	2	1	TTAGGG
4	14100000	1	0	TTAGGG
4	14110000	0	2	TTAGGG
4	14120000	6	1	TTAGGG
4	14130000	2	0	TTAGGG
4	14140000	0	4	TTAGGG
4	14150000	0	3	TTAGGG
4	14160000	1	5	TTAGGG
4	14170000	0	3	TTAGGG
4	14180000	4	1	TTAGGG
4	14190000	2	1	TTAGGG
4	14200000	4	3	TTAGGG
4	14210000	5	1	TTAGGG
4	14220000	3	1	TTAGGG
4	14230000	2	1	TTAGGG
4	14240000	0	1	TTAGGG
4	14250000	1	1	TTAGGG
4	14260000	1	2	TTAGGG
4	14270000	4	0	TTAGGG
4	14280000	2	4	TTAGGG
4	14290000	2	4	TTAGGG
4	14300000	3	0	TTAGGG
4	14310000	3	4	TTAGGG
4	14320000	1	4	TTAGGG
4	14330000	4	0	TTAGGG
4	14340000	2	4	TTAGGG
4	14350000	3	1	TTAGGG
4	14360000	4	2	TTAGGG
4	14370000	2	0	TTAGGG
4	14380000	4	1	TTAGGG
4	14390000	0	4	TTAGGG
4	14400000	2	1	TTAGGG
4	14410000	2	1	TTAGGG
4	14420000	1	1	TTAGGG
4	14430000	2	4	TTAGGG
4	14440000	3	2	TTAGGG
4	14450000	2	2	TTAGGG
4	14460000	1	2	TTAGGG
4	14470000	2	1	TTAGGG
4	14480000	0	2	TTAGGG
4	14490000	3	4	TTAGGG
4	14500000	1	2	TTAGGG
4	14510000	2	2	TTAGGG
4	14520000	2	1	TTAGGG
4	14530000	0	2	TTAGGG
4	14540000	0	1	TTAGGG
4	14550000	1	1	TTAGGG
4	14560000	3	1	TTAGGG
4	14570000	1	1	TTAGGG
4	14580000	1	2	TTAGGG
4	14590000	2	1	TTAGGG
4	14600000	1	2	TTAGGG
4	14610000	0	2	TTAGGG
4	14620000	1	1	TTAGGG
4	14630000	0	3	TTAGGG
4	14640000	0	3	TTAGGG
4	14650000	0	2	TTAGGG
4	14660000	1	1	TTAGGG
4	14670000	2	2	TTAGGG
4	14680000	2	1	TTAGGG
4	14690000	3	0	TTAGGG
4	14700000	1	1	TTAGGG
4	14710000	1	0	TTAGGG
4	14720000	2	0	TTAGGG
4	14730000	4	0	TTAGGG
4	14740000	0	0	TTAGGG
4	14750000	0	1	TTAGGG
4	14760000	2	1	TTAGGG
4	14770000	1	2	TTAGGG
4	14780000	1	1	TTAGGG
4	14790000	2	1	TTAGGG
4	14800000	2	1	TTAGGG
4	14810000	2	2	TTAGGG
4	14820000	1	0	TTAGGG
4	14830000	2	1	TTAGGG
4	14840000	2	2	TTAGGG
4	14850000	2	0	TTAGGG
4	14860000	0	0	TTAGGG
4	14870000	3	1	TTAGGG
4	14880000	1	1	TTAGGG
4	14890000	0	1	TTAGGG
4	14900000	4	0	TTAGGG
4	14910000	0	1	TTAGGG
4	14920000	3	0	TTAGGG
4	14930000	3	3	TTAGGG
4	14940000	5	5	TTAGGG
4	14950000	4	4	TTAGGG
4	14960000	4	5	TTAGGG
4	14970000	5	5	TTAGGG
4	14980000	5	5	TTAGGG
4	14990000	4	4	TTAGGG
4	15000000	5	5	TTAGGG
4	15010000	5	5	TTAGGG
4	15020000	5	4	TTAGGG
4	15030000	5	5	TTAGGG
4	15040000	4	5	TTAGGG
4	15050000	5	5	TTAGGG
4	15060000	5	4	TTAGGG
4	15070000	4	5	TTAGGG
4	15080000	5	5	TTAGGG
4	15090000	5	5	TTAGGG
4	15100000	5	5	TTAGGG
4	15110000	4	4	TTAGGG
4	15120000	5	5	TTAGGG
4	15130000	5	5	TTAGGG
4	15140000	5	5	TTAGGG
4	15150000	5	5	TTAGGG
4	15160000	5	5	TTAGGG
4	15170000	5	5	TTAGGG
4	15180000	5	5	TTAGGG
4	15190000	5	5	TTAGGG
4	15200000	5	5	TTAGGG
4	15210000	5	5	TTAGGG
4	15220000	5	4	TTAGGG
4	15230000	4	5	TTAGGG
4	15240000	5	5	TTAGGG
4	15250000	6	5	TTAGGG
4	15260000	5	4	TTAGGG
4	15270000	4	5	TTAGGG
4	15280000	5	5	TTAGGG
4	15290000	5	5	TTAGGG
4	15300000	5	5	TTAGGG
4	15310000	5	5	TTAGGG
4	15320000	5	5	TTAGGG
4	15330000	4	4	TTAGGG
4	15340000	5	5	TTAGGG
4	15350000	5	5	TTAGGG
4	15360000	3	2	TTAGGG
4	15370000	1	1	TTAGGG
4	15380000	1	1	TTAGGG
4	15390000	2	3	TTAGGG
4	15400000	0	0	TTAGGG
4	15410000	0	1	TTAGGG
4	15420000	1	1	TTAGGG
4	15430000	1	3	TTAGGG
4	15440000	2	0	TTAGGG
4	15450000	3	0	TTAGGG
4	15460000	0	0	TTAGGG
4	15470000	2	3	TTAGGG
4	15480000	2	0	TTAGGG
4	15490000	0	0	TTAGGG
4	15500000	1	2	TTAGGG
4	15510000	2	1	TTAGGG
4	15520000	1	2	TTAGGG
4	15530000	3	3	TTAGGG
4	15540000	0	0	TTAGGG
4	15550000	2	3	TTAGGG
4	15560000	0	1	TTAGGG
4	15570000	1	2	TTAGGG
4	15580000	2	0	TTAGGG
4	15590000	1	3	TTAGGG
4	15600000	0	0	TTAGGG
4	15610000	2	2	TTAGGG
4	15620000	2	3	TTAGGG
4	15630000	3	3	TTAGGG
4	15640000	2	2	TTAGGG
4	15650000	2	0	TTAGGG
4	15660000	3	2	TTAGGG
4	15670000	3	0	TTAGGG
4	15680000	1	0	TTAGGG
4	15690000	1	1	TTAGGG
4	15700000	3	1	TTAGGG
4	15710000	0	1	TTAGGG
4	15720000	0	1	TTAGGG
4	15730000	2	2	TTAGGG
4	15740000	0	3	TTAGGG
4	15750000	1	0	TTAGGG
4	15760000	4	1	TTAGGG
4	15770000	1	1	TTAGGG
4	15780000	2	0	TTAGGG
4	15790000	1	3	TTAGGG
4	15800000	1	1	TTAGGG
4	15810000	0	1	TTAGGG
4	15820000	0	1	TTAGGG
4	15830000	0	1	TTAGGG
4	15840000	0	2	TTAGGG
4	15850000	1	0	TTAGGG
4	15860000	1	3	TTAGGG
4	15870000	5	1	TTAGGG
4	15880000	2	3	TTAGGG
4	15890000	0	1	TTAGGG
4	15900000	1	3	TTAGGG
4	15910000	3	1	TTAGGG
4	15920000	3	0	TTAGGG
4	15930000	0	0	TTAGGG
4	15940000	3	3	TTAGGG
4	15950000	2	0	TTAGGG
4	15960000	1	1	TTAGGG
4	15970000	1	1	TTAGGG
4	15980000	3	3	TTAGGG
4	15990000	1	0	TTAGGG
4	16000000	2	2	TTAGGG
4	16010000	3	4	TTAGGG
4	16020000	0	1	TTAGGG
4	16030000	0	1	TTAGGG
4	16040000	1	1	TTAGGG
4	16050000	2	3	TTAGGG
4	16060000	2	3	TTAGGG
4	16070000	3	0	TTAGGG
4	16080000	3	1	TTAGGG
4	16090000	2	2	TTAGGG
4	16100000	1	1	TTAGGG
4	16110000	4	1	TTAGGG
4	16120000	1	0	TTAGGG
4	16130000	1	1	TTAGGG
4	16140000	0	2	TTAGGG
4	16150000	2	3	TTAGGG
4	16160000	4	0	TTAGGG
4	16170000	2	1	TTAGGG
4	16180000	0	3	TTAGGG
4	16190000	0	3	TTAGGG
4	16200000	4	1	TTAGGG
4	16210000	2	0	TTAGGG
4	16220000	1	4	TTAGGG
4	16230000	2	2	TTAGGG
4	16240000	3	3	TTAGGG
4	16250000	4	2	TTAGGG
4	16260000	4	2	TTAGGG
4	16270000	2	1	TTAGGG
4	16280000	0	1	TTAGGG
4	16290000	2	2	TTAGGG
4	16300000	2	0	TTAGGG
4	16310000	0	1	TTAGGG
4	16320000	0	4	TTAGGG
4	16330000	0	1	TTAGGG
4	16340000	1	0	TTAGGG
4	16350000	0	6	TTAGGG
4	16360000	2	2	TTAGGG
4	16370000	0	3	TTAGGG
4	16380000	2	2	TTAGGG
4	16390000	1	0	TTAGGG
4	16400000	2	2	TTAGGG
4	16410000	1	3	TTAGGG
4	16420000	3	4	TTAGGG
4	16430000	2	0	TTAGGG
4	16440000	0	2	TTAGGG
4	16450000	1	1	TTAGGG
4	16460000	4	2	TTAGGG
4	16470000	1	1	TTAGGG
4	16480000	1	2	TTAGGG
4	16490000	0	2	TTAGGG
4	16500000	1	3	TTAGGG
4	16510000	2	2	TTAGGG
4	16520000	0	3	TTAGGG
4	16530000	0	0	TTAGGG
4	16540000	1	0	TTAGGG
4	16550000	2	1	TTAGGG
4	16560000	1	0	TTAGGG
4	16570000	0	3	TTAGGG
4	16580000	2	1	TTAGGG
4	16590000	2	2	TTAGGG
4	16600000	0	1	TTAGGG
4	16610000	2	1	TTAGGG
4	16620000	2	6	TTAGGG
4	16630000	3	3	TTAGGG
4	16640000	0	3	TTAGGG
4	16650000	1	2	TTAGGG
4	16660000	1	1	TTAGGG
4	16670000	0	0	TTAGGG
4	16680000	1	2	TTAGGG
4	16690000	0	3	TTAGGG
4	16700000	1	5	TTAGGG
4	16710000	2	3	TTAGGG
4	16720000	0	2	TTAGGG
4	16730000	1	1	TTAGGG
4	16740000	2	0	TTAGGG
4	16750000	2	1	TTAGGG
4	16760000	4	2	TTAGGG
4	16770000	3	1	TTAGGG
4	16780000	1	1	TTAGGG
4	16790000	0	3	TTAGGG
4	16800000	1	2	TTAGGG
4	16810000	3	3	TTAGGG
4	16820000	0	2	TTAGGG
4	16830000	1	1	TTAGGG
4	16840000	2	3	TTAGGG
4	16850000	1	0	TTAGGG
4	16860000	0	1	TTAGGG
4	16870000	1	0	TTAGGG
4	16880000	1	3	TTAGGG
4	16890000	1	1	TTAGGG
4	16900000	1	0	TTAGGG
4	16910000	0	2	TTAGGG
4	16920000	1	2	TTAGGG
4	16930000	1	2	TTAGGG
4	16940000	1	4	TTAGGG
4	16950000	1	2	TTAGGG
4	16960000	4	3	TTAGGG
4	16970000	2	3	TTAGGG
4	16980000	4	1	TTAGGG
4	16990000	3	1	TTAGGG
4	17000000	4	1	TTAGGG
4	17010000	2	0	TTAGGG
4	17020000	2	0	TTAGGG
4	17030000	0	3	TTAGGG
4	17040000	3	1	TTAGGG
4	17050000	3	2	TTAGGG
4	17060000	1	1	TTAGGG
4	17070000	6	2	TTAGGG
4	17080000	0	1	TTAGGG
4	17090000	2	2	TTAGGG
4	17100000	2	1	TTAGGG
4	17110000	1	0	TTAGGG
4	17120000	0	1	TTAGGG
4	17130000	1	1	TTAGGG
4	17140000	0	3	TTAGGG
4	17150000	1	4	TTAGGG
4	17160000	2	1	TTAGGG
4	17170000	2	1	TTAGGG
4	17180000	1	0	TTAGGG
4	17190000	0	2	TTAGGG
4	17200000	3	2	TTAGGG
4	17210000	5	6	TTAGGG
4	17220000	4	5	TTAGGG
4	17230000	6	0	TTAGGG
4	17240000	4	2	TTAGGG
4	17250000	2	1	TTAGGG
4	17260000	1	1	TTAGGG
4	17270000	0	1	TTAGGG
4	17280000	3	4	TTAGGG
4	17290000	3	2	TTAGGG
4	17300000	2	3	TTAGGG
4	17310000	1	0	TTAGGG
4	17320000	0	1	TTAGGG
4	17330000	1	1	TTAGGG
4	17340000	1	3	TTAGGG
4	17350000	6	2	TTAGGG
4	17360000	1	3	TTAGGG
4	17370000	1	1	TTAGGG
4	17380000	3	0	TTAGGG
4	17390000	1	4	TTAGGG
4	17400000	3	1	TTAGGG
4	17410000	3	3	TTAGGG
4	17420000	1	0	TTAGGG
4	17430000	1	1	TTAGGG
4	17440000	0	2	TTAGGG
4	17450000	1	1	TTAGGG
4	17460000	1	0	TTAGGG
4	17470000	3	0	TTAGGG
4	17480000	2	2	TTAGGG
4	17490000	0	4	TTAGGG
4	17500000	4	3	TTAGGG
4	17510000	2	0	TTAGGG
4	17520000	2	3	TTAGGG
4	17530000	2	2	TTAGGG
4	17540000	0	2	TTAGGG
4	17550000	0	3	TTAGGG
4	17560000	2	0	TTAGGG
4	17570000	0	1	TTAGGG
4	17580000	1	3	TTAGGG
4	17590000	1	1	TTAGGG
4	17600000	0	1	TTAGGG
4	17610000	1	2	TTAGGG
4	17620000	1	2	TTAGGG
4	17630000	1	2	TTAGGG
4	17640000	2	1	TTAGGG
4	17650000	0	1	TTAGGG
4	17660000	2	4	TTAGGG
4	17670000	0	2	TTAGGG
4	17680000	3	1	TTAGGG
4	17690000	1	2	TTAGGG
4	17700000	4	1	TTAGGG
4	17710000	1	1	TTAGGG
4	17720000	2	0	TTAGGG
4	17730000	3	1	TTAGGG
4	17740000	1	2	TTAGGG
4	17750000	2	0	TTAGGG
4	17760000	1	0	TTAGGG
4	17770000	4	1	TTAGGG
4	17780000	1	1	TTAGGG
4	17790000	1	1	TTAGGG
4	17800000	2	2	TTAGGG
4	17810000	1	2	TTAGGG
4	17820000	3	2	TTAGGG
4	17830000	0	1	TTAGGG
4	17840000	1	1	TTAGGG
4	17850000	1	4	TTAGGG
4	17860000	2	2	TTAGGG
4	17870000	1	1	TTAGGG
4	17880000	2	6	TTAGGG
4	17890000	3	1	TTAGGG
4	17900000	3	0	TTAGGG
4	17910000	0	1	TTAGGG
4	17920000	3	2	TTAGGG
4	17930000	1	0	TTAGGG
4	17940000	0	0	TTAGGG
4	17950000	1	1	TTAGGG
4	17960000	3	2	TTAGGG
4	17970000	0	0	TTAGGG
4	17980000	0	1	TTAGGG
4	17990000	3	2	TTAGGG
4	18000000	5	2	TTAGGG
4	18010000	1	0	TTAGGG
4	18020000	1	0	TTAGGG
4	18030000	0	0	TTAGGG
4	18040000	1	0	TTAGGG
4	18050000	4	2	TTAGGG
4	18060000	2	0	TTAGGG
4	18070000	3	1	TTAGGG
4	18080000	2	0	TTAGGG
4	18090000	0	1	TTAGGG
4	18100000	0	4	TTAGGG
4	18110000	3	1	TTAGGG
4	18120000	1	3	TTAGGG
4	18130000	3	0	TTAGGG
4	18140000	3	1	TTAGGG
4	18150000	2	3	TTAGGG
4	18160000	0	2	TTAGGG
4	18170000	0	1	TTAGGG
4	18180000	1	2	TTAGGG
4	18190000	2	0	TTAGGG
4	18200000	1	1	TTAGGG
4	18210000	1	2	TTAGGG
4	18220000	1	2	TTAGGG
4	18230000	1	1	TTAGGG
4	18240000	1	1	TTAGGG
4	18250000	2	3	TTAGGG
4	18260000	2	2	TTAGGG
4	18270000	1	0	TTAGGG
4	18280000	3	0	TTAGGG
4	18290000	1	1	TTAGGG
4	18300000	1	0	TTAGGG
4	18310000	3	1	TTAGGG
4	18320000	2	2	TTAGGG
4	18330000	0	1	TTAGGG
4	18340000	0	1	TTAGGG
4	18350000	2	1	TTAGGG
4	18360000	2	2	TTAGGG
4	18370000	1	0	TTAGGG
4	18380000	1	0	TTAGGG
4	18390000	1	4	TTAGGG
4	18400000	0	0	TTAGGG
4	18410000	2	1	TTAGGG
4	18420000	0	1	TTAGGG
4	18430000	2	1	TTAGGG
4	18440000	1	4	TTAGGG
4	18450000	1	1	TTAGGG
4	18460000	1	2	TTAGGG
4	18470000	1	1	TTAGGG
4	18480000	2	0	TTAGGG
4	18490000	1	3	TTAGGG
4	18500000	0	0	TTAGGG
4	18510000	1	1	TTAGGG
4	18520000	2	3	TTAGGG
4	18530000	2	1	TTAGGG
4	18540000	1	2	TTAGGG
4	18550000	1	0	TTAGGG
4	18560000	2	2	TTAGGG
4	18570000	2	1	TTAGGG
4	18580000	2	3	TTAGGG
4	18590000	3	2	TTAGGG
4	18600000	2	3	TTAGGG
4	18610000	1	1	TTAGGG
4	18620000	4	3	TTAGGG
4	18630000	1	4	TTAGGG
4	18640000	4	2	TTAGGG
4	18650000	1	2	TTAGGG
4	18660000	1	0	TTAGGG
4	18670000	1	1	TTAGGG
4	18680000	2	1	TTAGGG
4	18690000	3	1	TTAGGG
4	18700000	2	0	TTAGGG
4	18710000	3	0	TTAGGG
4	18720000	0	0	TTAGGG
4	18730000	3	0	TTAGGG
4	18740000	1	0	TTAGGG
4	18750000	0	3	TTAGGG
4	18760000	1	0	TTAGGG
4	18770000	1	0	TTAGGG
4	18780000	7	0	TTAGGG
4	18790000	2	2	TTAGGG
4	18800000	3	4	TTAGGG
4	18810000	1	1	TTAGGG
4	18820000	3	1	TTAGGG
4	18830000	0	4	TTAGGG
4	18840000	0	1	TTAGGG
4	18850000	2	2	TTAGGG
4	18860000	0	2	TTAGGG
4	18870000	0	2	TTAGGG
4	18880000	4	1	TTAGGG
4	18890000	0	1	TTAGGG
4	18900000	1	1	TTAGGG
4	18910000	3	0	TTAGGG
4	18920000	2	0	TTAGGG
4	18930000	0	1	TTAGGG
4	18940000	1	2	TTAGGG
4	18950000	0	1	TTAGGG
4	18960000	4	2	TTAGGG
4	18970000	1	2	TTAGGG
4	18980000	0	1	TTAGGG
4	18990000	1	2	TTAGGG
4	19000000	0	4	TTAGGG
4	19010000	2	1	TTAGGG
4	19020000	0	3	TTAGGG
4	19030000	1	1	TTAGGG
4	19040000	1	4	TTAGGG
4	19050000	1	1	TTAGGG
4	19060000	2	3	TTAGGG
4	19070000	0	2	TTAGGG
4	19080000	2	2	TTAGGG
4	19090000	2	3	TTAGGG
4	19100000	4	2	TTAGGG
4	19110000	2	4	TTAGGG
4	19120000	4	0	TTAGGG
4	19130000	2	1	TTAGGG
4	19140000	4	1	TTAGGG
4	19150000	3	2	TTAGGG
4	19160000	3	1	TTAGGG
4	19170000	0	0	TTAGGG
4	19180000	2	0	TTAGGG
4	19190000	2	2	TTAGGG
4	19200000	2	1	TTAGGG
4	19210000	1	2	TTAGGG
4	19220000	2	4	TTAGGG
4	19230000	0	2	TTAGGG
4	19240000	1	0	TTAGGG
4	19250000	2	0	TTAGGG
4	19260000	1	1	TTAGGG
4	19270000	4	2	TTAGGG
4	19280000	3	2	TTAGGG
4	19290000	2	2	TTAGGG
4	19300000	2	2	TTAGGG
4	19310000	3	4	TTAGGG
4	19320000	1	0	TTAGGG
4	19330000	2	2	TTAGGG
4	19340000	2	0	TTAGGG
4	19350000	1	3	TTAGGG
4	19360000	1	1	TTAGGG
4	19370000	0	1	TTAGGG
4	19380000	2	2	TTAGGG
4	19390000	3	1	TTAGGG
4	19400000	3	2	TTAGGG
4	19410000	0	2	TTAGGG
4	19420000	2	2	TTAGGG
4	19430000	0	2	TTAGGG
4	19440000	1	2	TTAGGG
4	19450000	4	2	TTAGGG
4	19460000	1	0	TTAGGG
4	19470000	1	1	TTAGGG
4	19480000	2	2	TTAGGG
4	19490000	6	2	TTAGGG
4	19500000	1	1	TTAGGG
4	19510000	0	1	TTAGGG
4	19520000	0	1	TTAGGG
4	19530000	1	1	TTAGGG
4	19540000	0	1	TTAGGG
4	19550000	1	0	TTAGGG
4	19560000	2	0	TTAGGG
4	19570000	0	0	TTAGGG
4	19580000	4	2	TTAGGG
4	19590000	1	1	TTAGGG
4	19600000	0	5	TTAGGG
4	19610000	1	1	TTAGGG
4	19620000	0	1	TTAGGG
4	19630000	0	0	TTAGGG
4	19640000	0	0	TTAGGG
4	19650000	1	3	TTAGGG
4	19660000	2	1	TTAGGG
4	19670000	1	1	TTAGGG
4	19680000	0	1	TTAGGG
4	19690000	1	1	TTAGGG
4	19700000	1	1	TTAGGG
4	19710000	6	1	TTAGGG
4	19720000	0	4	TTAGGG
4	19730000	2	0	TTAGGG
4	19740000	2	0	TTAGGG
4	19750000	2	1	TTAGGG
4	19760000	3	2	TTAGGG
4	19770000	2	3	TTAGGG
4	19780000	0	3	TTAGGG
4	19790000	2	1	TTAGGG
4	19800000	4	2	TTAGGG
4	19810000	3	3	TTAGGG
4	19820000	2	3	TTAGGG
4	19830000	0	2	TTAGGG
4	19840000	3	1	TTAGGG
4	19850000	2	1	TTAGGG
4	19860000	2	2	TTAGGG
4	19870000	1	1	TTAGGG
4	19880000	2	1	TTAGGG
4	19890000	1	1	TTAGGG
4	19900000	2	0	TTAGGG
4	19910000	1	3	TTAGGG
4	19920000	0	1	TTAGGG
4	19930000	2	0	TTAGGG
4	19940000	0	1	TTAGGG
4	19950000	2	4	TTAGGG
4	19960000	0	3	TTAGGG
4	19970000	2	2	TTAGGG
4	19980000	1	4	TTAGGG
4	19990000	1	0	TTAGGG
4	20000000	1	2	TTAGGG
4	20010000	2	2	TTAGGG
4	20020000	3	0	TTAGGG
4	20030000	0	1	TTAGGG
4	20040000	1	1	TTAGGG
4	20050000	3	2	TTAGGG
4	20060000	3	1	TTAGGG
4	20070000	1	3	TTAGGG
4	20080000	1	0	TTAGGG
4	20090000	2	1	TTAGGG
4	20100000	1	1	TTAGGG
4	20110000	4	1	TTAGGG
4	20120000	4	3	TTAGGG
4	20130000	1	3	TTAGGG
4	20140000	0	2	TTAGGG
4	20150000	4	3	TTAGGG
4	20160000	1	2	TTAGGG
4	20170000	4	0	TTAGGG
4	20180000	2	1	TTAGGG
4	20190000	0	1	TTAGGG
4	20200000	2	1	TTAGGG
4	20210000	1	2	TTAGGG
4	20220000	0	2	TTAGGG
4	20230000	2	0	TTAGGG
4	20240000	1	0	TTAGGG
4	20250000	1	2	TTAGGG
4	20260000	2	2	TTAGGG
4	20270000	0	0	TTAGGG
4	20280000	0	1	TTAGGG
4	20290000	1	0	TTAGGG
4	20300000	0	2	TTAGGG
4	20310000	1	1	TTAGGG
4	20320000	2	1	TTAGGG
4	20330000	1	1	TTAGGG
4	20340000	2	2	TTAGGG
4	20350000	2	2	TTAGGG
4	20360000	2	0	TTAGGG
4	20370000	3	0	TTAGGG
4	20380000	0	2	TTAGGG
4	20390000	1	2	TTAGGG
4	20400000	0	0	TTAGGG
4	20410000	0	0	TTAGGG
4	20420000	0	0	TTAGGG
4	20430000	4	3	TTAGGG
4	20440000	2	2	TTAGGG
4	20450000	0	1	TTAGGG
4	20460000	3	1	TTAGGG
4	20470000	1	0	TTAGGG
4	20480000	1	0	TTAGGG
4	20490000	3	1	TTAGGG
4	20500000	5	1	TTAGGG
4	20510000	1	2	TTAGGG
4	20520000	4	1	TTAGGG
4	20530000	1	4	TTAGGG
4	20540000	0	1	TTAGGG
4	20550000	3	1	TTAGGG
4	20560000	2	1	TTAGGG
4	20570000	1	2	TTAGGG
4	20580000	1	1	TTAGGG
4	20590000	0	0	TTAGGG
4	20600000	2	2	TTAGGG
4	20610000	0	0	TTAGGG
4	20620000	1	0	TTAGGG
4	20630000	0	1	TTAGGG
4	20640000	0	0	TTAGGG
4	20650000	1	2	TTAGGG
4	20660000	2	3	TTAGGG
4	20670000	1	3	TTAGGG
4	20680000	1	2	TTAGGG
4	20690000	2	1	TTAGGG
4	20700000	1	1	TTAGGG
4	20710000	1	3	TTAGGG
4	20720000	3	1	TTAGGG
4	20730000	4	1	TTAGGG
4	20740000	3	1	TTAGGG
4	20750000	1	0	TTAGGG
4	20760000	1	2	TTAGGG
4	20770000	1	1	TTAGGG
4	20780000	3	5	TTAGGG
4	20790000	4	0	TTAGGG
4	20800000	1	2	TTAGGG
4	20810000	4	1	TTAGGG
4	20820000	2	0	TTAGGG
4	20830000	0	1	TTAGGG
4	20840000	0	1	TTAGGG
4	20850000	2	0	TTAGGG
4	20860000	3	0	TTAGGG
4	20870000	0	1	TTAGGG
4	20880000	3	2	TTAGGG
4	20890000	1	1	TTAGGG
4	20900000	1	1	TTAGGG
4	20910000	0	1	TTAGGG
4	20920000	1	1	TTAGGG
4	20930000	1	0	TTAGGG
4	20940000	0	1	TTAGGG
4	20950000	1	2	TTAGGG
4	20960000	1	2	TTAGGG
4	20970000	2	0	TTAGGG
4	20980000	3	2	TTAGGG
4	20990000	2	1	TTAGGG
4	21000000	5	3	TTAGGG
4	21010000	3	0	TTAGGG
4	21020000	0	0	TTAGGG
4	21030000	1	4	TTAGGG
4	21040000	3	0	TTAGGG
4	21050000	1	3	TTAGGG
4	21060000	1	1	TTAGGG
4	21070000	3	2	TTAGGG
4	21080000	2	0	TTAGGG
4	21090000	3	1	TTAGGG
4	21100000	0	2	TTAGGG
4	21110000	3	2	TTAGGG
4	21120000	3	2	TTAGGG
4	21130000	4	0	TTAGGG
4	21140000	1	1	TTAGGG
4	21150000	5	2	TTAGGG
4	21160000	1	3	TTAGGG
4	21170000	0	4	TTAGGG
4	21180000	3	1	TTAGGG
4	21190000	2	2	TTAGGG
4	21200000	0	3	TTAGGG
4	21210000	2	0	TTAGGG
4	21220000	2	2	TTAGGG
4	21230000	0	3	TTAGGG
4	21240000	2	1	TTAGGG
4	21250000	2	0	TTAGGG
4	21260000	1	2	TTAGGG
4	21270000	3	1	TTAGGG
4	21280000	0	1	TTAGGG
4	21290000	3	1	TTAGGG
4	21300000	0	2	TTAGGG
4	21310000	1	0	TTAGGG
4	21320000	2	1	TTAGGG
4	21330000	1	1	TTAGGG
4	21340000	2	1	TTAGGG
4	21350000	5	1	TTAGGG
4	21360000	1	3	TTAGGG
4	21370000	1	1	TTAGGG
4	21380000	0	1	TTAGGG
4	21390000	0	0	TTAGGG
4	21400000	1	3	TTAGGG
4	21410000	1	0	TTAGGG
4	21420000	1	2	TTAGGG
4	21430000	1	4	TTAGGG
4	21440000	2	0	TTAGGG
4	21450000	1	4	TTAGGG
4	21460000	0	2	TTAGGG
4	21470000	0	1	TTAGGG
4	21480000	2	0	TTAGGG
4	21490000	2	2	TTAGGG
4	21500000	1	0	TTAGGG
4	21510000	1	2	TTAGGG
4	21520000	2	3	TTAGGG
4	21530000	3	2	TTAGGG
4	21540000	1	1	TTAGGG
4	21550000	3	0	TTAGGG
4	21560000	3	0	TTAGGG
4	21570000	1	1	TTAGGG
4	21580000	2	2	TTAGGG
4	21590000	3	1	TTAGGG
4	21600000	3	1	TTAGGG
4	21610000	1	0	TTAGGG
4	21620000	2	0	TTAGGG
4	21630000	2	0	TTAGGG
4	21640000	0	1	TTAGGG
4	21650000	3	3	TTAGGG
4	21660000	1	2	TTAGGG
4	21670000	3	0	TTAGGG
4	21680000	1	0	TTAGGG
4	21690000	1	1	TTAGGG
4	21700000	4	2	TTAGGG
4	21710000	1	2	TTAGGG
4	21720000	0	2	TTAGGG
4	21730000	2	3	TTAGGG
4	21740000	2	2	TTAGGG
4	21750000	3	3	TTAGGG
4	21760000	2	4	TTAGGG
4	21770000	2	0	TTAGGG
4	21780000	5	1	TTAGGG
4	21790000	0	0	TTAGGG
4	21800000	2	4	TTAGGG
4	21810000	1	1	TTAGGG
4	21820000	4	2	TTAGGG
4	21830000	1	2	TTAGGG
4	21840000	1	0	TTAGGG
4	21850000	4	1	TTAGGG
4	21860000	1	1	TTAGGG
4	21870000	2	1	TTAGGG
4	21880000	2	2	TTAGGG
4	21890000	0	1	TTAGGG
4	21900000	2	3	TTAGGG
4	21910000	2	4	TTAGGG
4	21920000	0	3	TTAGGG
4	21930000	4	0	TTAGGG
4	21940000	1	0	TTAGGG
4	21950000	1	0	TTAGGG
4	21960000	0	3	TTAGGG
4	21970000	0	2	TTAGGG
4	21980000	0	0	TTAGGG
4	21990000	2	0	TTAGGG
4	22000000	2	0	TTAGGG
4	22010000	3	1	TTAGGG
4	22020000	2	0	TTAGGG
4	22030000	2	0	TTAGGG
4	22040000	1	3	TTAGGG
4	22050000	3	0	TTAGGG
4	22060000	0	0	TTAGGG
4	22070000	1	0	TTAGGG
4	22080000	2	2	TTAGGG
4	22090000	1	1	TTAGGG
4	22100000	0	1	TTAGGG
4	22110000	4	3	TTAGGG
4	22120000	1	1	TTAGGG
4	22130000	1	1	TTAGGG
4	22140000	0	1	TTAGGG
4	22150000	2	0	TTAGGG
4	22160000	0	1	TTAGGG
4	22170000	2	3	TTAGGG
4	22180000	1	3	TTAGGG
4	22190000	2	0	TTAGGG
4	22200000	2	0	TTAGGG
4	22210000	1	3	TTAGGG
4	22220000	2	0	TTAGGG
4	22230000	1	4	TTAGGG
4	22240000	1	2	TTAGGG
4	22250000	1	1	TTAGGG
4	22260000	3	4	TTAGGG
4	22270000	1	0	TTAGGG
4	22280000	4	3	TTAGGG
4	22290000	1	1	TTAGGG
4	22300000	0	2	TTAGGG
4	22310000	2	0	TTAGGG
4	22320000	3	2	TTAGGG
4	22330000	2	0	TTAGGG
4	22340000	3	0	TTAGGG
4	22350000	2	1	TTAGGG
4	22360000	2	1	TTAGGG
4	22370000	1	1	TTAGGG
4	22380000	3	3	TTAGGG
4	22390000	2	2	TTAGGG
4	22400000	0	2	TTAGGG
4	22410000	3	2	TTAGGG
4	22420000	2	1	TTAGGG
4	22430000	0	4	TTAGGG
4	22440000	1	0	TTAGGG
4	22450000	0	0	TTAGGG
4	22460000	0	2	TTAGGG
4	22470000	2	3	TTAGGG
4	22480000	2	1	TTAGGG
4	22490000	3	0	TTAGGG
4	22500000	0	0	TTAGGG
4	22510000	0	4	TTAGGG
4	22520000	0	2	TTAGGG
4	22530000	2	1	TTAGGG
4	22540000	2	1	TTAGGG
4	22550000	1	2	TTAGGG
4	22560000	3	1	TTAGGG
4	22570000	4	0	TTAGGG
4	22580000	3	2	TTAGGG
4	22590000	2	1	TTAGGG
4	22600000	1	2	TTAGGG
4	22610000	4	1	TTAGGG
4	22620000	4	2	TTAGGG
4	22630000	2	1	TTAGGG
4	22640000	1	3	TTAGGG
4	22650000	0	0	TTAGGG
4	22660000	0	1	TTAGGG
4	22670000	1	1	TTAGGG
4	22680000	3	0	TTAGGG
4	22690000	0	3	TTAGGG
4	22700000	5	3	TTAGGG
4	22710000	3	1	TTAGGG
4	22720000	1	4	TTAGGG
4	22730000	1	0	TTAGGG
4	22740000	0	1	TTAGGG
4	22750000	0	0	TTAGGG
4	22760000	2	7	TTAGGG
4	22770000	0	2	TTAGGG
4	22780000	1	1	TTAGGG
4	22790000	0	2	TTAGGG
4	22800000	1	1	TTAGGG
4	22810000	1	1	TTAGGG
4	22820000	1	0	TTAGGG
4	22830000	0	2	TTAGGG
4	22840000	1	0	TTAGGG
4	22850000	3	1	TTAGGG
4	22860000	2	2	TTAGGG
4	22870000	0	0	TTAGGG
4	22880000	4	1	TTAGGG
4	22890000	2	3	TTAGGG
4	22900000	1	1	TTAGGG
4	22910000	1	2	TTAGGG
4	22920000	1	2	TTAGGG
4	22930000	2	2	TTAGGG
4	22940000	2	0	TTAGGG
4	22950000	0	1	TTAGGG
4	22960000	3	2	TTAGGG
4	22970000	1	1	TTAGGG
4	22980000	2	1	TTAGGG
4	22990000	3	2	TTAGGG
4	23000000	0	3	TTAGGG
4	23010000	3	4	TTAGGG
4	23020000	0	4	TTAGGG
4	23030000	2	0	TTAGGG
4	23040000	1	0	TTAGGG
4	23050000	0	1	TTAGGG
4	23060000	0	1	TTAGGG
4	23070000	1	0	TTAGGG
4	23080000	0	0	TTAGGG
4	23090000	0	0	TTAGGG
4	23100000	0	2	TTAGGG
4	23110000	3	2	TTAGGG
4	23120000	3	2	TTAGGG
4	23130000	1	0	TTAGGG
4	23140000	0	2	TTAGGG
4	23150000	1	3	TTAGGG
4	23160000	4	2	TTAGGG
4	23170000	1	1	TTAGGG
4	23180000	0	4	TTAGGG
4	23190000	3	2	TTAGGG
4	23200000	1	1	TTAGGG
4	23210000	0	0	TTAGGG
4	23220000	1	0	TTAGGG
4	23230000	1	2	TTAGGG
4	23240000	0	1	TTAGGG
4	23250000	1	1	TTAGGG
4	23260000	0	2	TTAGGG
4	23270000	3	1	TTAGGG
4	23280000	1	1	TTAGGG
4	23290000	2	3	TTAGGG
4	23300000	3	2	TTAGGG
4	23310000	2	2	TTAGGG
4	23320000	1	1	TTAGGG
4	23330000	3	3	TTAGGG
4	23340000	2	0	TTAGGG
4	23350000	1	1	TTAGGG
4	23360000	0	0	TTAGGG
4	23370000	2	0	TTAGGG
4	23380000	1	1	TTAGGG
4	23390000	1	3	TTAGGG
4	23400000	0	3	TTAGGG
4	23410000	1	2	TTAGGG
4	23420000	1	0	TTAGGG
4	23430000	0	1	TTAGGG
4	23440000	0	2	TTAGGG
4	23450000	4	1	TTAGGG
4	23460000	2	1	TTAGGG
4	23470000	2	1	TTAGGG
4	23480000	1	1	TTAGGG
4	23490000	2	0	TTAGGG
4	23500000	0	0	TTAGGG
4	23510000	2	3	TTAGGG
4	23520000	2	2	TTAGGG
4	23530000	0	1	TTAGGG
4	23540000	5	2	TTAGGG
4	23550000	2	1	TTAGGG
4	23560000	2	1	TTAGGG
4	23570000	2	2	TTAGGG
4	23580000	2	5	TTAGGG
4	23590000	1	1	TTAGGG
4	23600000	1	2	TTAGGG
4	23610000	4	0	TTAGGG
4	23620000	2	4	TTAGGG
4	23630000	0	3	TTAGGG
4	23640000	1	0	TTAGGG
4	23650000	3	3	TTAGGG
4	23660000	2	0	TTAGGG
4	23670000	0	2	TTAGGG
4	23680000	0	2	TTAGGG
4	23690000	1	1	TTAGGG
4	23700000	0	1	TTAGGG
4	23710000	1	1	TTAGGG
4	23720000	0	1	TTAGGG
4	23730000	0	2	TTAGGG
4	23740000	0	3	TTAGGG
4	23750000	1	1	TTAGGG
4	23760000	2	0	TTAGGG
4	23770000	0	6	TTAGGG
4	23780000	0	4	TTAGGG
4	23790000	1	7	TTAGGG
4	23800000	2	2	TTAGGG
4	23810000	0	5	TTAGGG
4	23820000	2	2	TTAGGG
4	23830000	1	0	TTAGGG
4	23840000	0	0	TTAGGG
4	23850000	4	5	TTAGGG
4	23860000	1	0	TTAGGG
4	23870000	1	1	TTAGGG
4	23880000	1	1	TTAGGG
4	23890000	1	1	TTAGGG
4	23900000	0	2	TTAGGG
4	23910000	1	0	TTAGGG
4	23920000	2	0	TTAGGG
4	23930000	1	1	TTAGGG
4	23940000	1	1	TTAGGG
4	23950000	1	1	TTAGGG
4	23960000	2	3	TTAGGG
4	23970000	1	1	TTAGGG
4	23980000	3	1	TTAGGG
4	23990000	1	1	TTAGGG
4	24000000	2	1	TTAGGG
4	24010000	4	2	TTAGGG
4	24020000	0	3	TTAGGG
4	24030000	3	0	TTAGGG
4	24040000	0	0	TTAGGG
4	24050000	1	2	TTAGGG
4	24060000	1	0	TTAGGG
4	24070000	1	0	TTAGGG
4	24080000	3	2	TTAGGG
4	24090000	1	4	TTAGGG
4	24100000	1	2	TTAGGG
4	24110000	1	2	TTAGGG
4	24120000	0	1	TTAGGG
4	24130000	0	1	TTAGGG
4	24140000	4	2	TTAGGG
4	24150000	6	1	TTAGGG
4	24160000	2	1	TTAGGG
4	24170000	1	2	TTAGGG
4	24180000	0	1	TTAGGG
4	24190000	1	1	TTAGGG
4	24200000	0	2	TTAGGG
4	24210000	0	3	TTAGGG
4	24220000	0	1	TTAGGG
4	24230000	2	0	TTAGGG
4	24240000	0	1	TTAGGG
4	24250000	1	0	TTAGGG
4	24260000	2	0	TTAGGG
4	24270000	5	5	TTAGGG
4	24280000	1	1	TTAGGG
4	24290000	0	2	TTAGGG
4	24300000	2	4	TTAGGG
4	24310000	1	7	TTAGGG
4	24320000	3	0	TTAGGG
4	24330000	1	2	TTAGGG
4	24340000	0	2	TTAGGG
4	24350000	2	3	TTAGGG
4	24360000	1	2	TTAGGG
4	24370000	2	5	TTAGGG
4	24380000	2	2	TTAGGG
4	24390000	2	1	TTAGGG
4	24400000	1	0	TTAGGG
4	24410000	1	2	TTAGGG
4	24420000	3	1	TTAGGG
4	24430000	2	1	TTAGGG
4	24440000	1	0	TTAGGG
4	24450000	1	1	TTAGGG
4	24460000	1	3	TTAGGG
4	24470000	1	1	TTAGGG
4	24480000	2	1	TTAGGG
4	24490000	0	1	TTAGGG
4	24500000	0	2	TTAGGG
4	24510000	2	0	TTAGGG
4	24520000	0	0	TTAGGG
4	24530000	1	1	TTAGGG
4	24540000	2	1	TTAGGG
4	24550000	1	1	TTAGGG
4	24560000	0	2	TTAGGG
4	24570000	1	3	TTAGGG
4	24580000	1	1	TTAGGG
4	24590000	2	2	TTAGGG
4	24600000	1	2	TTAGGG
4	24610000	0	2	TTAGGG
4	24620000	1	0	TTAGGG
4	24630000	2	1	TTAGGG
4	24640000	2	1	TTAGGG
4	24650000	4	2	TTAGGG
4	24660000	2	0	TTAGGG
4	24670000	2	3	TTAGGG
4	24680000	1	3	TTAGGG
4	24690000	2	1	TTAGGG
4	24700000	0	1	TTAGGG
4	24710000	4	4	TTAGGG
4	24720000	4	2	TTAGGG
4	24730000	2	1	TTAGGG
4	24740000	5	1	TTAGGG
4	24750000	1	0	TTAGGG
4	24760000	1	1	TTAGGG
4	24770000	1	0	TTAGGG
4	24780000	2	1	TTAGGG
4	24790000	0	1	TTAGGG
4	24800000	2	3	TTAGGG
4	24810000	1	1	TTAGGG
4	24820000	1	0	TTAGGG
4	24830000	5	3	TTAGGG
4	24840000	2	0	TTAGGG
4	24850000	2	0	TTAGGG
4	24860000	2	0	TTAGGG
4	24870000	5	3	TTAGGG
4	24880000	2	1	TTAGGG
4	24890000	2	3	TTAGGG
4	24900000	1	2	TTAGGG
4	24910000	1	1	TTAGGG
4	24920000	0	0	TTAGGG
4	24930000	1	1	TTAGGG
4	24940000	1	1	TTAGGG
4	24950000	3	4	TTAGGG
4	24960000	1	2	TTAGGG
4	24970000	2	1	TTAGGG
4	24980000	3	2	TTAGGG
4	24990000	1	0	TTAGGG
4	25000000	2	1	TTAGGG
4	25010000	1	1	TTAGGG
4	25020000	0	0	TTAGGG
4	25030000	2	0	TTAGGG
4	25040000	1	3	TTAGGG
4	25050000	1	0	TTAGGG
4	25060000	0	1	TTAGGG
4	25070000	4	1	TTAGGG
4	25080000	1	1	TTAGGG
4	25090000	1	0	TTAGGG
4	25100000	2	0	TTAGGG
4	25110000	2	2	TTAGGG
4	25120000	0	1	TTAGGG
4	25130000	1	2	TTAGGG
4	25140000	0	0	TTAGGG
4	25150000	0	3	TTAGGG
4	25160000	1	1	TTAGGG
4	25170000	0	1	TTAGGG
4	25180000	1	1	TTAGGG
4	25190000	4	0	TTAGGG
4	25200000	1	1	TTAGGG
4	25210000	0	2	TTAGGG
4	25220000	1	2	TTAGGG
4	25230000	1	3	TTAGGG
4	25240000	0	2	TTAGGG
4	25250000	1	2	TTAGGG
4	25260000	2	3	TTAGGG
4	25270000	3	2	TTAGGG
4	25280000	1	2	TTAGGG
4	25290000	3	6	TTAGGG
4	25300000	2	0	TTAGGG
4	25310000	0	2	TTAGGG
4	25320000	0	0	TTAGGG
4	25330000	4	1	TTAGGG
4	25340000	1	0	TTAGGG
4	25350000	1	1	TTAGGG
4	25360000	1	1	TTAGGG
4	25370000	1	0	TTAGGG
4	25380000	0	1	TTAGGG
4	25390000	1	0	TTAGGG
4	25400000	2	3	TTAGGG
4	25410000	1	1	TTAGGG
4	25420000	1	1	TTAGGG
4	25430000	1	3	TTAGGG
4	25440000	1	2	TTAGGG
4	25450000	4	2	TTAGGG
4	25460000	1	1	TTAGGG
4	25470000	5	1	TTAGGG
4	25480000	1	1	TTAGGG
4	25490000	0	2	TTAGGG
4	25500000	0	1	TTAGGG
4	25510000	2	1	TTAGGG
4	25520000	1	2	TTAGGG
4	25530000	0	1	TTAGGG
4	25540000	0	2	TTAGGG
4	25550000	2	1	TTAGGG
4	25560000	2	1	TTAGGG
4	25570000	0	1	TTAGGG
4	25580000	1	2	TTAGGG
4	25590000	1	0	TTAGGG
4	25600000	1	1	TTAGGG
4	25610000	2	1	TTAGGG
4	25620000	0	3	TTAGGG
4	25630000	1	1	TTAGGG
4	25640000	4	2	TTAGGG
4	25650000	0	0	TTAGGG
4	25660000	1	0	TTAGGG
4	25670000	2	2	TTAGGG
4	25680000	1	3	TTAGGG
4	25690000	0	3	TTAGGG
4	25700000	0	1	TTAGGG
4	25710000	1	2	TTAGGG
4	25720000	1	1	TTAGGG
4	25730000	1	0	TTAGGG
4	25740000	2	1	TTAGGG
4	25750000	2	2	TTAGGG
4	25760000	1	2	TTAGGG
4	25770000	0	0	TTAGGG
4	25780000	2	4	TTAGGG
4	25790000	1	0	TTAGGG
4	25800000	3	1	TTAGGG
4	25810000	1	2	TTAGGG
4	25820000	2	0	TTAGGG
4	25830000	5	2	TTAGGG
4	25840000	4	3	TTAGGG
4	25850000	3	4	TTAGGG
4	25860000	2	3	TTAGGG
4	25870000	3	2	TTAGGG
4	25880000	4	3	TTAGGG
4	25890000	1	1	TTAGGG
4	25900000	3	2	TTAGGG
4	25910000	1	0	TTAGGG
4	25920000	1	2	TTAGGG
4	25930000	0	2	TTAGGG
4	25940000	4	2	TTAGGG
4	25950000	1	2	TTAGGG
4	25960000	2	4	TTAGGG
4	25970000	1	1	TTAGGG
4	25980000	1	3	TTAGGG
4	25990000	3	1	TTAGGG
4	26000000	1	1	TTAGGG
4	26010000	2	1	TTAGGG
4	26020000	4	1	TTAGGG
4	26030000	2	2	TTAGGG
4	26040000	2	2	TTAGGG
4	26050000	2	3	TTAGGG
4	26060000	4	4	TTAGGG
4	26070000	5	1	TTAGGG
4	26080000	3	1	TTAGGG
4	26090000	4	0	TTAGGG
4	26100000	3	1	TTAGGG
4	26110000	4	1	TTAGGG
4	26120000	4	0	TTAGGG
4	26130000	3	1	TTAGGG
4	26140000	3	0	TTAGGG
4	26150000	0	4	TTAGGG
4	26160000	1	2	TTAGGG
4	26170000	1	5	TTAGGG
4	26180000	3	5	TTAGGG
4	26190000	3	2	TTAGGG
4	26200000	2	2	TTAGGG
4	26210000	3	2	TTAGGG
4	26220000	1	2	TTAGGG
4	26230000	1	1	TTAGGG
4	26240000	1	4	TTAGGG
4	26250000	1	0	TTAGGG
4	26260000	0	4	TTAGGG
4	26270000	1	1	TTAGGG
4	26280000	1	1	TTAGGG
4	26290000	2	2	TTAGGG
4	26300000	1	0	TTAGGG
4	26310000	0	0	TTAGGG
4	26320000	3	1	TTAGGG
4	26330000	2	1	TTAGGG
4	26340000	3	2	TTAGGG
4	26350000	1	1	TTAGGG
4	26360000	2	2	TTAGGG
4	26370000	3	0	TTAGGG
4	26380000	1	1	TTAGGG
4	26390000	1	0	TTAGGG
4	26400000	0	2	TTAGGG
4	26410000	2	1	TTAGGG
4	26420000	2	1	TTAGGG
4	26430000	1	1	TTAGGG
4	26440000	0	1	TTAGGG
4	26450000	0	4	TTAGGG
4	26460000	0	3	TTAGGG
4	26470000	1	1	TTAGGG
4	26480000	0	0	TTAGGG
4	26490000	2	0	TTAGGG
4	26500000	2	1	TTAGGG
4	26510000	3	2	TTAGGG
4	26520000	1	2	TTAGGG
4	26530000	1	1	TTAGGG
4	26540000	1	1	TTAGGG
4	26550000	0	1	TTAGGG
4	26560000	1	1	TTAGGG
4	26570000	1	1	TTAGGG
4	26580000	1	2	TTAGGG
4	26590000	3	1	TTAGGG
4	26600000	0	4	TTAGGG
4	26610000	2	0	TTAGGG
4	26620000	1	2	TTAGGG
4	26630000	2	3	TTAGGG
4	26640000	2	0	TTAGGG
4	26650000	3	3	TTAGGG
4	26660000	2	3	TTAGGG
4	26670000	1	2	TTAGGG
4	26680000	3	2	TTAGGG
4	26690000	1	5	TTAGGG
4	26700000	1	2	TTAGGG
4	26710000	4	1	TTAGGG
4	26720000	2	0	TTAGGG
4	26730000	2	1	TTAGGG
4	26740000	2	1	TTAGGG
4	26750000	2	3	TTAGGG
4	26760000	0	2	TTAGGG
4	26770000	1	4	TTAGGG
4	26780000	3	1	TTAGGG
4	26790000	3	1	TTAGGG
4	26800000	1	0	TTAGGG
4	26810000	4	1	TTAGGG
4	26820000	1	0	TTAGGG
4	26830000	0	3	TTAGGG
4	26840000	2	0	TTAGGG
4	26850000	0	2	TTAGGG
4	26860000	1	0	TTAGGG
4	26870000	2	1	TTAGGG
4	26880000	1	1	TTAGGG
4	26890000	1	2	TTAGGG
4	26900000	1	2	TTAGGG
4	26910000	0	0	TTAGGG
4	26920000	1	2	TTAGGG
4	26930000	3	3	TTAGGG
4	26940000	2	1	TTAGGG
4	26950000	1	1	TTAGGG
4	26960000	1	0	TTAGGG
4	26970000	1	3	TTAGGG
4	26980000	4	1	TTAGGG
4	26990000	2	0	TTAGGG
4	27000000	1	0	TTAGGG
4	27010000	1	0	TTAGGG
4	27020000	2	0	TTAGGG
4	27030000	0	0	TTAGGG
4	27040000	3	1	TTAGGG
4	27050000	2	5	TTAGGG
4	27060000	2	1	TTAGGG
4	27070000	1	5	TTAGGG
4	27080000	2	1	TTAGGG
4	27090000	1	2	TTAGGG
4	27100000	1	2	TTAGGG
4	27110000	0	3	TTAGGG
4	27120000	0	2	TTAGGG
4	27130000	2	3	TTAGGG
4	27140000	3	1	TTAGGG
4	27150000	1	3	TTAGGG
4	27160000	3	1	TTAGGG
4	27170000	0	1	TTAGGG
4	27180000	2	0	TTAGGG
4	27190000	1	3	TTAGGG
4	27200000	0	3	TTAGGG
4	27210000	2	3	TTAGGG
4	27220000	1	3	TTAGGG
4	27230000	3	0	TTAGGG
4	27240000	0	0	TTAGGG
4	27250000	6	0	TTAGGG
4	27260000	3	2	TTAGGG
4	27270000	1	2	TTAGGG
4	27280000	1	1	TTAGGG
4	27290000	4	2	TTAGGG
4	27300000	1	2	TTAGGG
4	27310000	1	0	TTAGGG
4	27320000	1	0	TTAGGG
4	27330000	3	2	TTAGGG
4	27340000	1	3	TTAGGG
4	27350000	2	2	TTAGGG
4	27360000	1	1	TTAGGG
4	27370000	4	1	TTAGGG
4	27380000	3	1	TTAGGG
4	27390000	4	0	TTAGGG
4	27400000	1	1	TTAGGG
4	27410000	3	2	TTAGGG
4	27420000	2	5	TTAGGG
4	27430000	0	2	TTAGGG
4	27440000	2	1	TTAGGG
4	27450000	1	1	TTAGGG
4	27460000	1	4	TTAGGG
4	27470000	2	2	TTAGGG
4	27480000	1	0	TTAGGG
4	27490000	2	3	TTAGGG
4	27500000	4	1	TTAGGG
4	27510000	2	0	TTAGGG
4	27520000	4	2	TTAGGG
4	27530000	1	0	TTAGGG
4	27540000	0	2	TTAGGG
4	27550000	0	2	TTAGGG
4	27560000	2	1	TTAGGG
4	27570000	3	2	TTAGGG
4	27580000	3	2	TTAGGG
4	27590000	4	1	TTAGGG
4	27600000	4	2	TTAGGG
4	27610000	0	3	TTAGGG
4	27620000	0	1	TTAGGG
4	27630000	2	0	TTAGGG
4	27640000	1	2	TTAGGG
4	27650000	1	1	TTAGGG
4	27660000	2	3	TTAGGG
4	27670000	1	2	TTAGGG
4	27680000	2	3	TTAGGG
4	27690000	2	1	TTAGGG
4	27700000	0	1	TTAGGG
4	27710000	3	3	TTAGGG
4	27720000	1	1	TTAGGG
4	27730000	1	2	TTAGGG
4	27740000	0	2	TTAGGG
4	27750000	1	3	TTAGGG
4	27760000	0	3	TTAGGG
4	27770000	1	2	TTAGGG
4	27780000	2	2	TTAGGG
4	27790000	0	3	TTAGGG
4	27800000	1	2	TTAGGG
4	27810000	3	1	TTAGGG
4	27820000	2	2	TTAGGG
4	27830000	1	0	TTAGGG
4	27840000	1	2	TTAGGG
4	27850000	1	2	TTAGGG
4	27860000	5	2	TTAGGG
4	27870000	2	0	TTAGGG
4	27880000	1	2	TTAGGG
4	27890000	3	0	TTAGGG
4	27900000	3	2	TTAGGG
4	27910000	5	2	TTAGGG
4	27920000	2	1	TTAGGG
4	27930000	1	1	TTAGGG
4	27940000	1	2	TTAGGG
4	27950000	2	1	TTAGGG
4	27960000	3	1	TTAGGG
4	27970000	3	1	TTAGGG
4	27980000	0	1	TTAGGG
4	27990000	2	1	TTAGGG
4	28000000	1	1	TTAGGG
4	28010000	4	1	TTAGGG
4	28020000	3	1	TTAGGG
4	28030000	1	1	TTAGGG
4	28040000	1	2	TTAGGG
4	28050000	4	3	TTAGGG
4	28060000	2	1	TTAGGG
4	28070000	5	1	TTAGGG
4	28080000	4	1	TTAGGG
4	28090000	2	2	TTAGGG
4	28100000	2	0	TTAGGG
4	28110000	4	1	TTAGGG
4	28120000	2	1	TTAGGG
4	28130000	3	0	TTAGGG
4	28140000	3	1	TTAGGG
4	28150000	2	2	TTAGGG
4	28160000	3	0	TTAGGG
4	28170000	4	1	TTAGGG
4	28180000	2	2	TTAGGG
4	28190000	2	0	TTAGGG
4	28200000	4	1	TTAGGG
4	28210000	3	0	TTAGGG
4	28220000	2	2	TTAGGG
4	28230000	1	0	TTAGGG
4	28240000	1	1	TTAGGG
4	28250000	0	0	TTAGGG
4	28260000	1	0	TTAGGG
4	28270000	1	3	TTAGGG
4	28280000	1	3	TTAGGG
4	28290000	2	3	TTAGGG
4	28300000	3	2	TTAGGG
4	28310000	3	2	TTAGGG
4	28320000	0	0	TTAGGG
4	28330000	2	3	TTAGGG
4	28340000	2	2	TTAGGG
4	28350000	1	2	TTAGGG
4	28360000	0	3	TTAGGG
4	28370000	0	1	TTAGGG
4	28380000	1	1	TTAGGG
4	28390000	2	0	TTAGGG
4	28400000	0	2	TTAGGG
4	28410000	1	0	TTAGGG
4	28420000	0	1	TTAGGG
4	28430000	1	1	TTAGGG
4	28440000	1	2	TTAGGG
4	28450000	0	4	TTAGGG
4	28460000	2	1	TTAGGG
4	28470000	0	1	TTAGGG
4	28480000	4	0	TTAGGG
4	28490000	0	1	TTAGGG
4	28500000	3	2	TTAGGG
4	28510000	4	3	TTAGGG
4	28520000	0	2	TTAGGG
4	28530000	1	0	TTAGGG
4	28540000	0	2	TTAGGG
4	28550000	1	0	TTAGGG
4	28560000	4	2	TTAGGG
4	28570000	2	1	TTAGGG
4	28580000	1	0	TTAGGG
4	28590000	1	1	TTAGGG
4	28600000	3	0	TTAGGG
4	28610000	2	0	TTAGGG
4	28620000	1	2	TTAGGG
4	28630000	1	1	TTAGGG
4	28640000	0	1	TTAGGG
4	28650000	1	1	TTAGGG
4	28660000	2	3	TTAGGG
4	28670000	1	2	TTAGGG
4	28680000	1	1	TTAGGG
4	28690000	2	2	TTAGGG
4	28700000	2	0	TTAGGG
4	28710000	1	1	TTAGGG
4	28720000	6	1	TTAGGG
4	28730000	4	1	TTAGGG
4	28740000	1	3	TTAGGG
4	28750000	3	2	TTAGGG
4	28760000	1	1	TTAGGG
4	28770000	1	1	TTAGGG
4	28780000	2	0	TTAGGG
4	28790000	2	1	TTAGGG
4	28800000	2	0	TTAGGG
4	28810000	4	2	TTAGGG
4	28820000	1	3	TTAGGG
4	28830000	0	3	TTAGGG
4	28840000	4	3	TTAGGG
4	28850000	2	0	TTAGGG
4	28860000	1	0	TTAGGG
4	28870000	2	2	TTAGGG
4	28880000	1	2	TTAGGG
4	28890000	1	4	TTAGGG
4	28900000	0	1	TTAGGG
4	28910000	2	2	TTAGGG
4	28920000	4	1	TTAGGG
4	28930000	1	5	TTAGGG
4	28940000	2	1	TTAGGG
4	28950000	2	1	TTAGGG
4	28960000	2	1	TTAGGG
4	28970000	0	0	TTAGGG
4	28980000	1	1	TTAGGG
4	28990000	1	2	TTAGGG
4	29000000	2	1	TTAGGG
4	29010000	1	0	TTAGGG
4	29020000	1	1	TTAGGG
4	29030000	1	0	TTAGGG
4	29040000	0	1	TTAGGG
4	29050000	0	2	TTAGGG
4	29060000	2	0	TTAGGG
4	29070000	3	2	TTAGGG
4	29080000	0	2	TTAGGG
4	29090000	3	1	TTAGGG
4	29100000	1	4	TTAGGG
4	29110000	0	2	TTAGGG
4	29120000	0	0	TTAGGG
4	29130000	2	2	TTAGGG
4	29140000	1	2	TTAGGG
4	29150000	1	4	TTAGGG
4	29160000	2	3	TTAGGG
4	29170000	2	3	TTAGGG
4	29180000	2	1	TTAGGG
4	29190000	2	0	TTAGGG
4	29200000	1	1	TTAGGG
4	29210000	3	1	TTAGGG
4	29220000	1	1	TTAGGG
4	29230000	1	3	TTAGGG
4	29240000	1	2	TTAGGG
4	29250000	1	1	TTAGGG
4	29260000	1	2	TTAGGG
4	29270000	0	1	TTAGGG
4	29280000	0	1	TTAGGG
4	29290000	3	1	TTAGGG
4	29300000	2	1	TTAGGG
4	29310000	1	1	TTAGGG
4	29320000	0	0	TTAGGG
4	29330000	0	1	TTAGGG
4	29340000	1	1	TTAGGG
4	29350000	4	3	TTAGGG
4	29360000	0	2	TTAGGG
4	29370000	6	0	TTAGGG
4	29380000	2	0	TTAGGG
4	29390000	1	2	TTAGGG
4	29400000	1	0	TTAGGG
4	29410000	0	1	TTAGGG
4	29420000	2	2	TTAGGG
4	29430000	5	1	TTAGGG
4	29440000	1	3	TTAGGG
4	29450000	2	1	TTAGGG
4	29460000	2	3	TTAGGG
4	29470000	3	2	TTAGGG
4	29480000	1	3	TTAGGG
4	29490000	1	0	TTAGGG
4	29500000	4	2	TTAGGG
4	29510000	0	2	TTAGGG
4	29520000	2	4	TTAGGG
4	29530000	1	1	TTAGGG
4	29540000	0	1	TTAGGG
4	29550000	1	2	TTAGGG
4	29560000	1	0	TTAGGG
4	29570000	3	3	TTAGGG
4	29580000	2	4	TTAGGG
4	29590000	1	2	TTAGGG
4	29600000	2	1	TTAGGG
4	29610000	2	0	TTAGGG
4	29620000	1	2	TTAGGG
4	29630000	1	0	TTAGGG
4	29640000	3	1	TTAGGG
4	29650000	1	3	TTAGGG
4	29660000	3	4	TTAGGG
4	29670000	0	0	TTAGGG
4	29680000	1	2	TTAGGG
4	29690000	0	1	TTAGGG
4	29700000	0	1	TTAGGG
4	29710000	3	0	TTAGGG
4	29720000	1	3	TTAGGG
4	29730000	1	3	TTAGGG
4	29740000	1	4	TTAGGG
4	29750000	0	1	TTAGGG
4	29760000	3	0	TTAGGG
4	29770000	0	0	TTAGGG
4	29780000	2	1	TTAGGG
4	29790000	0	0	TTAGGG
4	29800000	0	1	TTAGGG
4	29810000	3	2	TTAGGG
4	29820000	1	1	TTAGGG
4	29830000	1	2	TTAGGG
4	29840000	4	1	TTAGGG
4	29850000	3	2	TTAGGG
4	29860000	2	9	TTAGGG
4	29870000	2	2	TTAGGG
4	29880000	2	1	TTAGGG
4	29890000	5	1	TTAGGG
4	29900000	0	4	TTAGGG
4	29910000	1	0	TTAGGG
4	29920000	0	1	TTAGGG
4	29930000	0	0	TTAGGG
4	29940000	1	2	TTAGGG
4	29950000	1	1	TTAGGG
4	29960000	2	2	TTAGGG
4	29970000	4	1	TTAGGG
4	29980000	0	3	TTAGGG
4	29990000	3	1	TTAGGG
4	30000000	1	2	TTAGGG
4	30010000	0	1	TTAGGG
4	30020000	3	2	TTAGGG
4	30030000	1	1	TTAGGG
4	30040000	1	1	TTAGGG
4	30050000	3	0	TTAGGG
4	30060000	2	3	TTAGGG
4	30070000	4	2	TTAGGG
4	30080000	1	1	TTAGGG
4	30090000	1	1	TTAGGG
4	30100000	1	0	TTAGGG
4	30110000	3	0	TTAGGG
4	30120000	2	0	TTAGGG
4	30130000	0	1	TTAGGG
4	30140000	0	2	TTAGGG
4	30150000	2	1	TTAGGG
4	30160000	0	1	TTAGGG
4	30170000	2	0	TTAGGG
4	30180000	0	1	TTAGGG
4	30190000	0	2	TTAGGG
4	30200000	0	2	TTAGGG
4	30210000	3	2	TTAGGG
4	30220000	1	1	TTAGGG
4	30230000	0	1	TTAGGG
4	30240000	0	2	TTAGGG
4	30250000	1	3	TTAGGG
4	30260000	0	2	TTAGGG
4	30270000	0	1	TTAGGG
4	30280000	2	2	TTAGGG
4	30290000	0	1	TTAGGG
4	30300000	1	3	TTAGGG
4	30310000	1	3	TTAGGG
4	30320000	3	1	TTAGGG
4	30330000	3	1	TTAGGG
4	30340000	1	0	TTAGGG
4	30350000	1	4	TTAGGG
4	30360000	1	1	TTAGGG
4	30370000	1	0	TTAGGG
4	30380000	2	1	TTAGGG
4	30390000	3	2	TTAGGG
4	30400000	1	1	TTAGGG
4	30410000	0	2	TTAGGG
4	30420000	3	1	TTAGGG
4	30430000	2	2	TTAGGG
4	30440000	2	2	TTAGGG
4	30450000	2	4	TTAGGG
4	30460000	0	0	TTAGGG
4	30470000	1	2	TTAGGG
4	30480000	2	0	TTAGGG
4	30490000	1	2	TTAGGG
4	30500000	0	0	TTAGGG
4	30510000	2	1	TTAGGG
4	30520000	2	1	TTAGGG
4	30530000	1	0	TTAGGG
4	30540000	0	0	TTAGGG
4	30550000	3	5	TTAGGG
4	30560000	3	3	TTAGGG
4	30570000	0	0	TTAGGG
4	30580000	1	2	TTAGGG
4	30590000	3	1	TTAGGG
4	30600000	0	2	TTAGGG
4	30610000	0	3	TTAGGG
4	30620000	0	1	TTAGGG
4	30630000	1	1	TTAGGG
4	30640000	1	2	TTAGGG
4	30650000	0	1	TTAGGG
4	30660000	1	3	TTAGGG
4	30670000	1	3	TTAGGG
4	30680000	0	1	TTAGGG
4	30690000	1	0	TTAGGG
4	30700000	3	1	TTAGGG
4	30710000	1	1	TTAGGG
4	30720000	1	3	TTAGGG
4	30730000	0	1	TTAGGG
4	30740000	0	0	TTAGGG
4	30750000	2	0	TTAGGG
4	30760000	2	3	TTAGGG
4	30770000	1	2	TTAGGG
4	30780000	1	1	TTAGGG
4	30790000	2	3	TTAGGG
4	30800000	0	1	TTAGGG
4	30810000	1	0	TTAGGG
4	30820000	2	2	TTAGGG
4	30830000	0	4	TTAGGG
4	30840000	2	2	TTAGGG
4	30850000	0	1	TTAGGG
4	30860000	0	3	TTAGGG
4	30870000	3	1	TTAGGG
4	30880000	1	0	TTAGGG
4	30890000	1	1	TTAGGG
4	30900000	1	1	TTAGGG
4	30910000	0	1	TTAGGG
4	30920000	0	2	TTAGGG
4	30930000	3	0	TTAGGG
4	30940000	0	1	TTAGGG
4	30950000	1	0	TTAGGG
4	30960000	1	0	TTAGGG
4	30970000	3	1	TTAGGG
4	30980000	0	2	TTAGGG
4	30990000	2	0	TTAGGG
4	31000000	2	1	TTAGGG
4	31010000	2	0	TTAGGG
4	31020000	2	0	TTAGGG
4	31030000	1	1	TTAGGG
4	31040000	0	4	TTAGGG
4	31050000	2	1	TTAGGG
4	31060000	3	1	TTAGGG
4	31070000	1	3	TTAGGG
4	31080000	1	0	TTAGGG
4	31090000	0	2	TTAGGG
4	31100000	6	7	TTAGGG
4	31110000	2	3	TTAGGG
4	31120000	0	1	TTAGGG
4	31130000	3	2	TTAGGG
4	31140000	3	3	TTAGGG
4	31150000	2	3	TTAGGG
4	31160000	1	1	TTAGGG
4	31170000	3	1	TTAGGG
4	31180000	0	2	TTAGGG
4	31190000	1	2	TTAGGG
4	31200000	1	1	TTAGGG
4	31210000	4	1	TTAGGG
4	31220000	2	2	TTAGGG
4	31230000	1	0	TTAGGG
4	31240000	1	1	TTAGGG
4	31250000	2	1	TTAGGG
4	31260000	2	1	TTAGGG
4	31270000	1	0	TTAGGG
4	31280000	1	3	TTAGGG
4	31290000	1	0	TTAGGG
4	31300000	2	0	TTAGGG
4	31310000	3	2	TTAGGG
4	31320000	2	0	TTAGGG
4	31330000	3	2	TTAGGG
4	31340000	2	3	TTAGGG
4	31350000	0	3	TTAGGG
4	31360000	3	0	TTAGGG
4	31370000	0	0	TTAGGG
4	31380000	1	1	TTAGGG
4	31390000	1	1	TTAGGG
4	31400000	0	4	TTAGGG
4	31410000	0	4	TTAGGG
4	31420000	0	2	TTAGGG
4	31430000	0	4	TTAGGG
4	31440000	4	1	TTAGGG
4	31450000	2	3	TTAGGG
4	31460000	3	1	TTAGGG
4	31470000	2	3	TTAGGG
4	31480000	2	5	TTAGGG
4	31490000	1	1	TTAGGG
4	31500000	1	2	TTAGGG
4	31510000	1	1	TTAGGG
4	31520000	0	2	TTAGGG
4	31530000	1	2	TTAGGG
4	31540000	3	0	TTAGGG
4	31550000	0	2	TTAGGG
4	31560000	3	3	TTAGGG
4	31570000	3	2	TTAGGG
4	31580000	2	1	TTAGGG
4	31590000	1	2	TTAGGG
4	31600000	3	1	TTAGGG
4	31610000	2	0	TTAGGG
4	31620000	0	3	TTAGGG
4	31630000	1	1	TTAGGG
4	31640000	1	0	TTAGGG
4	31650000	2	1	TTAGGG
4	31660000	3	2	TTAGGG
4	31670000	1	1	TTAGGG
4	31680000	0	4	TTAGGG
4	31690000	2	4	TTAGGG
4	31700000	2	1	TTAGGG
4	31710000	1	0	TTAGGG
4	31720000	3	1	TTAGGG
4	31730000	1	1	TTAGGG
4	31740000	1	2	TTAGGG
4	31750000	2	1	TTAGGG
4	31760000	2	1	TTAGGG
4	31770000	3	2	TTAGGG
4	31780000	5	1	TTAGGG
4	31790000	1	2	TTAGGG
4	31800000	1	1	TTAGGG
4	31810000	1	0	TTAGGG
4	31820000	1	3	TTAGGG
4	31830000	3	2	TTAGGG
4	31840000	2	0	TTAGGG
4	31850000	2	0	TTAGGG
4	31860000	2	1	TTAGGG
4	31870000	2	5	TTAGGG
4	31880000	1	1	TTAGGG
4	31890000	1	2	TTAGGG
4	31900000	1	2	TTAGGG
4	31910000	2	0	TTAGGG
4	31920000	3	0	TTAGGG
4	31930000	0	3	TTAGGG
4	31940000	1	4	TTAGGG
4	31950000	1	2	TTAGGG
4	31960000	0	3	TTAGGG
4	31970000	0	1	TTAGGG
4	31980000	2	0	TTAGGG
4	31990000	3	1	TTAGGG
4	32000000	1	1	TTAGGG
4	32010000	0	2	TTAGGG
4	32020000	2	1	TTAGGG
4	32030000	5	0	TTAGGG
4	32040000	3	1	TTAGGG
4	32050000	3	4	TTAGGG
4	32060000	1	0	TTAGGG
4	32070000	2	0	TTAGGG
4	32080000	1	0	TTAGGG
4	32090000	2	2	TTAGGG
4	32100000	5	2	TTAGGG
4	32110000	2	0	TTAGGG
4	32120000	1	2	TTAGGG
4	32130000	1	4	TTAGGG
4	32140000	3	1	TTAGGG
4	32150000	2	2	TTAGGG
4	32160000	1	1	TTAGGG
4	32170000	3	1	TTAGGG
4	32180000	1	1	TTAGGG
4	32190000	3	2	TTAGGG
4	32200000	2	0	TTAGGG
4	32210000	2	0	TTAGGG
4	32220000	2	1	TTAGGG
4	32230000	1	3	TTAGGG
4	32240000	0	1	TTAGGG
4	32250000	2	1	TTAGGG
4	32260000	3	3	TTAGGG
4	32270000	1	2	TTAGGG
4	32280000	2	3	TTAGGG
4	32290000	1	1	TTAGGG
4	32300000	0	1	TTAGGG
4	32310000	1	0	TTAGGG
4	32320000	1	2	TTAGGG
4	32330000	3	1	TTAGGG
4	32340000	3	2	TTAGGG
4	32350000	0	1	TTAGGG
4	32360000	0	0	TTAGGG
4	32370000	2	1	TTAGGG
4	32380000	1	3	TTAGGG
4	32390000	0	2	TTAGGG
4	32400000	4	1	TTAGGG
4	32410000	0	1	TTAGGG
4	32420000	2	3	TTAGGG
4	32430000	2	0	TTAGGG
4	32440000	1	0	TTAGGG
4	32450000	0	0	TTAGGG
4	32460000	1	1	TTAGGG
4	32470000	4	2	TTAGGG
4	32480000	2	3	TTAGGG
4	32490000	0	1	TTAGGG
4	32500000	1	1	TTAGGG
4	32510000	0	6	TTAGGG
4	32520000	3	3	TTAGGG
4	32530000	0	0	TTAGGG
4	32540000	1	2	TTAGGG
4	32550000	5	2	TTAGGG
4	32560000	2	4	TTAGGG
4	32570000	1	1	TTAGGG
4	32580000	0	2	TTAGGG
4	32590000	2	3	TTAGGG
4	32600000	0	0	TTAGGG
4	32610000	49	1	TTAGGG
4	32620000	189	31	TTAGGG
4	32630000	115	101	TTAGGG
4	32640000	127	59	TTAGGG
4	32650000	1	68	TTAGGG
4	32660000	3	3	TTAGGG
4	32670000	0	0	TTAGGG
4	32680000	0	0	TTAGGG
4	32690000	0	0	TTAGGG
4	32700000	0	0	TTAGGG
4	32710000	0	0	TTAGGG
4	32720000	0	0	TTAGGG
4	32730000	0	0	TTAGGG
4	32740000	0	0	TTAGGG
4	32750000	0	0	TTAGGG
4	32760000	0	0	TTAGGG
4	32770000	0	0	TTAGGG
4	32780000	0	0	TTAGGG
4	32790000	0	0	TTAGGG
4	32800000	0	0	TTAGGG
4	32810000	2	8	TTAGGG
4	32820000	3	6	TTAGGG
4	32830000	0	0	TTAGGG
4	32840000	0	0	TTAGGG
4	32850000	0	0	TTAGGG
4	32860000	0	0	TTAGGG
4	32870000	0	0	TTAGGG
4	32880000	0	0	TTAGGG
4	32890000	0	0	TTAGGG
4	32900000	0	0	TTAGGG
4	32910000	0	0	TTAGGG
4	32920000	0	0	TTAGGG
4	32930000	0	0	TTAGGG
4	32940000	0	0	TTAGGG
4	32950000	0	0	TTAGGG
4	32960000	0	0	TTAGGG
4	32970000	0	0	TTAGGG
4	32980000	0	0	TTAGGG
4	32990000	0	0	TTAGGG
4	33000000	0	0	TTAGGG
4	33005191	0	0	TTAGGG
5	10000	0	1664	TTAGGG
5	20000	1	758	TTAGGG
5	30000	3	1	TTAGGG
5	40000	1	0	TTAGGG
5	50000	2	2	TTAGGG
5	60000	2	1	TTAGGG
5	70000	0	0	TTAGGG
5	80000	2	5	TTAGGG
5	90000	1	2	TTAGGG
5	100000	1	1	TTAGGG
5	110000	1	3	TTAGGG
5	120000	0	1	TTAGGG
5	130000	1	2	TTAGGG
5	140000	1	1	TTAGGG
5	150000	2	0	TTAGGG
5	160000	0	2	TTAGGG
5	170000	1	3	TTAGGG
5	180000	0	1	TTAGGG
5	190000	2	1	TTAGGG
5	200000	1	1	TTAGGG
5	210000	1	0	TTAGGG
5	220000	3	1	TTAGGG
5	230000	1	1	TTAGGG
5	240000	5	7	TTAGGG
5	250000	2	2	TTAGGG
5	260000	0	1	TTAGGG
5	270000	1	1	TTAGGG
5	280000	2	1	TTAGGG
5	290000	2	2	TTAGGG
5	300000	1	2	TTAGGG
5	310000	1	1	TTAGGG
5	320000	1	2	TTAGGG
5	330000	0	1	TTAGGG
5	340000	4	2	TTAGGG
5	350000	3	1	TTAGGG
5	360000	1	3	TTAGGG
5	370000	2	0	TTAGGG
5	380000	1	0	TTAGGG
5	390000	1	1	TTAGGG
5	400000	2	2	TTAGGG
5	410000	2	1	TTAGGG
5	420000	2	2	TTAGGG
5	430000	4	5	TTAGGG
5	440000	3	3	TTAGGG
5	450000	0	2	TTAGGG
5	460000	0	3	TTAGGG
5	470000	3	0	TTAGGG
5	480000	2	1	TTAGGG
5	490000	3	2	TTAGGG
5	500000	1	0	TTAGGG
5	510000	1	4	TTAGGG
5	520000	2	2	TTAGGG
5	530000	1	2	TTAGGG
5	540000	3	0	TTAGGG
5	550000	0	2	TTAGGG
5	560000	1	7	TTAGGG
5	570000	3	1	TTAGGG
5	580000	1	1	TTAGGG
5	590000	1	3	TTAGGG
5	600000	1	1	TTAGGG
5	610000	2	1	TTAGGG
5	620000	0	3	TTAGGG
5	630000	1	4	TTAGGG
5	640000	2	1	TTAGGG
5	650000	1	2	TTAGGG
5	660000	1	1	TTAGGG
5	670000	1	3	TTAGGG
5	680000	0	2	TTAGGG
5	690000	4	2	TTAGGG
5	700000	1	3	TTAGGG
5	710000	2	2	TTAGGG
5	720000	2	2	TTAGGG
5	730000	2	1	TTAGGG
5	740000	1	2	TTAGGG
5	750000	2	1	TTAGGG
5	760000	0	2	TTAGGG
5	770000	4	1	TTAGGG
5	780000	1	2	TTAGGG
5	790000	2	0	TTAGGG
5	800000	4	1	TTAGGG
5	810000	2	0	TTAGGG
5	820000	3	1	TTAGGG
5	830000	1	0	TTAGGG
5	840000	1	0	TTAGGG
5	850000	0	0	TTAGGG
5	860000	3	2	TTAGGG
5	870000	2	2	TTAGGG
5	880000	1	0	TTAGGG
5	890000	2	3	TTAGGG
5	900000	2	1	TTAGGG
5	910000	1	4	TTAGGG
5	920000	1	1	TTAGGG
5	930000	1	1	TTAGGG
5	940000	0	0	TTAGGG
5	950000	1	3	TTAGGG
5	960000	2	1	TTAGGG
5	970000	2	0	TTAGGG
5	980000	3	1	TTAGGG
5	990000	0	2	TTAGGG
5	1000000	1	2	TTAGGG
5	1010000	2	0	TTAGGG
5	1020000	3	2	TTAGGG
5	1030000	2	1	TTAGGG
5	1040000	3	2	TTAGGG
5	1050000	3	4	TTAGGG
5	1060000	0	1	TTAGGG
5	1070000	1	3	TTAGGG
5	1080000	1	2	TTAGGG
5	1090000	1	2	TTAGGG
5	1100000	2	3	TTAGGG
5	1110000	2	2	TTAGGG
5	1120000	3	2	TTAGGG
5	1130000	3	0	TTAGGG
5	1140000	1	2	TTAGGG
5	1150000	1	0	TTAGGG
5	1160000	0	1	TTAGGG
5	1170000	0	3	TTAGGG
5	1180000	0	4	TTAGGG
5	1190000	2	2	TTAGGG
5	1200000	1	1	TTAGGG
5	1210000	2	2	TTAGGG
5	1220000	1	3	TTAGGG
5	1230000	1	3	TTAGGG
5	1240000	4	1	TTAGGG
5	1250000	0	2	TTAGGG
5	1260000	0	1	TTAGGG
5	1270000	1	3	TTAGGG
5	1280000	0	0	TTAGGG
5	1290000	1	2	TTAGGG
5	1300000	0	2	TTAGGG
5	1310000	1	0	TTAGGG
5	1320000	3	0	TTAGGG
5	1330000	2	0	TTAGGG
5	1340000	1	3	TTAGGG
5	1350000	0	2	TTAGGG
5	1360000	3	3	TTAGGG
5	1370000	4	2	TTAGGG
5	1380000	2	3	TTAGGG
5	1390000	1	1	TTAGGG
5	1400000	3	0	TTAGGG
5	1410000	1	1	TTAGGG
5	1420000	1	1	TTAGGG
5	1430000	3	0	TTAGGG
5	1440000	4	2	TTAGGG
5	1450000	0	1	TTAGGG
5	1460000	2	1	TTAGGG
5	1470000	1	1	TTAGGG
5	1480000	2	0	TTAGGG
5	1490000	1	2	TTAGGG
5	1500000	1	1	TTAGGG
5	1510000	3	4	TTAGGG
5	1520000	2	2	TTAGGG
5	1530000	3	3	TTAGGG
5	1540000	1	2	TTAGGG
5	1550000	0	1	TTAGGG
5	1560000	2	0	TTAGGG
5	1570000	0	2	TTAGGG
5	1580000	2	0	TTAGGG
5	1590000	4	5	TTAGGG
5	1600000	2	2	TTAGGG
5	1610000	0	1	TTAGGG
5	1620000	0	0	TTAGGG
5	1630000	2	2	TTAGGG
5	1640000	0	1	TTAGGG
5	1650000	2	0	TTAGGG
5	1660000	0	2	TTAGGG
5	1670000	0	1	TTAGGG
5	1680000	2	1	TTAGGG
5	1690000	1	4	TTAGGG
5	1700000	0	1	TTAGGG
5	1710000	2	2	TTAGGG
5	1720000	1	3	TTAGGG
5	1730000	2	0	TTAGGG
5	1740000	1	2	TTAGGG
5	1750000	1	1	TTAGGG
5	1760000	4	2	TTAGGG
5	1770000	1	0	TTAGGG
5	1780000	1	3	TTAGGG
5	1790000	2	1	TTAGGG
5	1800000	0	2	TTAGGG
5	1810000	5	3	TTAGGG
5	1820000	1	3	TTAGGG
5	1830000	0	0	TTAGGG
5	1840000	1	3	TTAGGG
5	1850000	1	1	TTAGGG
5	1860000	4	2	TTAGGG
5	1870000	0	2	TTAGGG
5	1880000	4	1	TTAGGG
5	1890000	2	4	TTAGGG
5	1900000	4	2	TTAGGG
5	1910000	0	0	TTAGGG
5	1920000	1	0	TTAGGG
5	1930000	1	3	TTAGGG
5	1940000	0	0	TTAGGG
5	1950000	1	3	TTAGGG
5	1960000	0	0	TTAGGG
5	1970000	1	3	TTAGGG
5	1980000	0	0	TTAGGG
5	1990000	1	2	TTAGGG
5	2000000	0	0	TTAGGG
5	2010000	1	1	TTAGGG
5	2020000	0	1	TTAGGG
5	2030000	0	1	TTAGGG
5	2040000	1	2	TTAGGG
5	2050000	0	1	TTAGGG
5	2060000	1	1	TTAGGG
5	2070000	0	0	TTAGGG
5	2080000	1	2	TTAGGG
5	2090000	0	0	TTAGGG
5	2100000	1	1	TTAGGG
5	2110000	0	1	TTAGGG
5	2120000	1	0	TTAGGG
5	2130000	1	1	TTAGGG
5	2140000	0	0	TTAGGG
5	2150000	1	2	TTAGGG
5	2160000	1	1	TTAGGG
5	2170000	2	0	TTAGGG
5	2180000	2	4	TTAGGG
5	2190000	1	2	TTAGGG
5	2200000	2	1	TTAGGG
5	2210000	0	2	TTAGGG
5	2220000	3	0	TTAGGG
5	2230000	1	4	TTAGGG
5	2240000	2	1	TTAGGG
5	2250000	0	2	TTAGGG
5	2260000	3	0	TTAGGG
5	2270000	1	3	TTAGGG
5	2280000	1	1	TTAGGG
5	2290000	1	2	TTAGGG
5	2300000	3	0	TTAGGG
5	2310000	1	3	TTAGGG
5	2320000	0	2	TTAGGG
5	2330000	2	0	TTAGGG
5	2340000	1	3	TTAGGG
5	2350000	1	1	TTAGGG
5	2360000	0	0	TTAGGG
5	2370000	1	3	TTAGGG
5	2380000	0	1	TTAGGG
5	2390000	0	1	TTAGGG
5	2400000	1	0	TTAGGG
5	2410000	1	1	TTAGGG
5	2420000	1	0	TTAGGG
5	2430000	4	1	TTAGGG
5	2440000	2	1	TTAGGG
5	2450000	1	1	TTAGGG
5	2460000	0	2	TTAGGG
5	2470000	3	0	TTAGGG
5	2480000	3	1	TTAGGG
5	2490000	0	1	TTAGGG
5	2500000	2	2	TTAGGG
5	2510000	1	2	TTAGGG
5	2520000	0	0	TTAGGG
5	2530000	1	1	TTAGGG
5	2540000	0	1	TTAGGG
5	2550000	1	2	TTAGGG
5	2560000	0	0	TTAGGG
5	2570000	1	1	TTAGGG
5	2580000	0	0	TTAGGG
5	2590000	1	2	TTAGGG
5	2600000	0	1	TTAGGG
5	2610000	3	1	TTAGGG
5	2620000	2	2	TTAGGG
5	2630000	2	1	TTAGGG
5	2640000	3	0	TTAGGG
5	2650000	2	2	TTAGGG
5	2660000	4	1	TTAGGG
5	2670000	2	2	TTAGGG
5	2680000	1	1	TTAGGG
5	2690000	1	1	TTAGGG
5	2700000	4	0	TTAGGG
5	2710000	2	2	TTAGGG
5	2720000	1	1	TTAGGG
5	2730000	1	1	TTAGGG
5	2740000	3	0	TTAGGG
5	2750000	1	2	TTAGGG
5	2760000	1	2	TTAGGG
5	2770000	1	2	TTAGGG
5	2780000	1	2	TTAGGG
5	2790000	3	2	TTAGGG
5	2800000	0	0	TTAGGG
5	2810000	3	1	TTAGGG
5	2820000	2	2	TTAGGG
5	2830000	1	2	TTAGGG
5	2840000	2	1	TTAGGG
5	2850000	2	1	TTAGGG
5	2860000	1	1	TTAGGG
5	2870000	1	1	TTAGGG
5	2880000	0	2	TTAGGG
5	2890000	1	0	TTAGGG
5	2900000	2	0	TTAGGG
5	2910000	1	3	TTAGGG
5	2920000	1	1	TTAGGG
5	2930000	1	4	TTAGGG
5	2940000	1	3	TTAGGG
5	2950000	1	0	TTAGGG
5	2960000	0	0	TTAGGG
5	2970000	1	2	TTAGGG
5	2980000	1	2	TTAGGG
5	2990000	0	2	TTAGGG
5	3000000	1	1	TTAGGG
5	3010000	1	0	TTAGGG
5	3020000	0	2	TTAGGG
5	3030000	1	1	TTAGGG
5	3040000	0	2	TTAGGG
5	3050000	1	1	TTAGGG
5	3060000	2	1	TTAGGG
5	3070000	1	3	TTAGGG
5	3080000	1	1	TTAGGG
5	3090000	1	2	TTAGGG
5	3100000	4	1	TTAGGG
5	3110000	1	1	TTAGGG
5	3120000	0	2	TTAGGG
5	3130000	5	2	TTAGGG
5	3140000	1	1	TTAGGG
5	3150000	2	2	TTAGGG
5	3160000	4	3	TTAGGG
5	3170000	1	1	TTAGGG
5	3180000	0	1	TTAGGG
5	3190000	1	1	TTAGGG
5	3200000	1	1	TTAGGG
5	3210000	2	1	TTAGGG
5	3220000	1	2	TTAGGG
5	3230000	2	0	TTAGGG
5	3240000	1	1	TTAGGG
5	3250000	1	1	TTAGGG
5	3260000	1	0	TTAGGG
5	3270000	1	4	TTAGGG
5	3280000	3	0	TTAGGG
5	3290000	0	2	TTAGGG
5	3300000	1	0	TTAGGG
5	3310000	0	0	TTAGGG
5	3320000	0	1	TTAGGG
5	3330000	1	2	TTAGGG
5	3340000	4	0	TTAGGG
5	3350000	0	5	TTAGGG
5	3360000	1	2	TTAGGG
5	3370000	2	0	TTAGGG
5	3380000	2	4	TTAGGG
5	3390000	0	1	TTAGGG
5	3400000	0	1	TTAGGG
5	3410000	1	3	TTAGGG
5	3420000	1	2	TTAGGG
5	3430000	1	1	TTAGGG
5	3440000	0	2	TTAGGG
5	3450000	1	2	TTAGGG
5	3460000	0	1	TTAGGG
5	3470000	0	0	TTAGGG
5	3480000	3	1	TTAGGG
5	3490000	1	1	TTAGGG
5	3500000	0	5	TTAGGG
5	3510000	2	2	TTAGGG
5	3520000	1	2	TTAGGG
5	3530000	2	1	TTAGGG
5	3540000	1	1	TTAGGG
5	3550000	0	2	TTAGGG
5	3560000	2	1	TTAGGG
5	3570000	1	1	TTAGGG
5	3580000	1	0	TTAGGG
5	3590000	0	1	TTAGGG
5	3600000	1	1	TTAGGG
5	3610000	1	3	TTAGGG
5	3620000	1	1	TTAGGG
5	3630000	4	3	TTAGGG
5	3640000	1	4	TTAGGG
5	3650000	2	0	TTAGGG
5	3660000	5	0	TTAGGG
5	3670000	1	1	TTAGGG
5	3680000	4	2	TTAGGG
5	3690000	3	1	TTAGGG
5	3700000	3	0	TTAGGG
5	3710000	0	2	TTAGGG
5	3720000	1	1	TTAGGG
5	3730000	0	0	TTAGGG
5	3740000	1	0	TTAGGG
5	3750000	2	0	TTAGGG
5	3760000	0	1	TTAGGG
5	3770000	0	1	TTAGGG
5	3780000	2	3	TTAGGG
5	3790000	1	0	TTAGGG
5	3800000	3	1	TTAGGG
5	3810000	2	2	TTAGGG
5	3820000	2	2	TTAGGG
5	3830000	1	1	TTAGGG
5	3840000	1	1	TTAGGG
5	3850000	3	2	TTAGGG
5	3860000	6	0	TTAGGG
5	3870000	0	0	TTAGGG
5	3880000	0	3	TTAGGG
5	3890000	0	4	TTAGGG
5	3900000	0	1	TTAGGG
5	3910000	2	0	TTAGGG
5	3920000	2	0	TTAGGG
5	3930000	2	0	TTAGGG
5	3940000	2	0	TTAGGG
5	3950000	2	0	TTAGGG
5	3960000	2	0	TTAGGG
5	3970000	2	0	TTAGGG
5	3980000	2	0	TTAGGG
5	3990000	2	0	TTAGGG
5	4000000	3	0	TTAGGG
5	4010000	2	0	TTAGGG
5	4020000	2	0	TTAGGG
5	4030000	2	0	TTAGGG
5	4040000	2	0	TTAGGG
5	4050000	2	0	TTAGGG
5	4060000	2	0	TTAGGG
5	4070000	2	0	TTAGGG
5	4080000	2	0	TTAGGG
5	4090000	2	0	TTAGGG
5	4100000	2	0	TTAGGG
5	4110000	2	0	TTAGGG
5	4120000	1	3	TTAGGG
5	4130000	3	1	TTAGGG
5	4140000	2	2	TTAGGG
5	4150000	1	3	TTAGGG
5	4160000	3	0	TTAGGG
5	4170000	0	0	TTAGGG
5	4180000	1	2	TTAGGG
5	4190000	2	0	TTAGGG
5	4200000	1	3	TTAGGG
5	4210000	1	0	TTAGGG
5	4220000	1	2	TTAGGG
5	4230000	0	2	TTAGGG
5	4240000	0	3	TTAGGG
5	4250000	2	4	TTAGGG
5	4260000	0	0	TTAGGG
5	4270000	4	0	TTAGGG
5	4280000	0	3	TTAGGG
5	4290000	1	0	TTAGGG
5	4300000	0	4	TTAGGG
5	4310000	1	1	TTAGGG
5	4320000	2	3	TTAGGG
5	4330000	3	2	TTAGGG
5	4340000	1	1	TTAGGG
5	4350000	1	1	TTAGGG
5	4360000	0	1	TTAGGG
5	4370000	2	3	TTAGGG
5	4380000	1	0	TTAGGG
5	4390000	0	4	TTAGGG
5	4400000	0	1	TTAGGG
5	4410000	3	1	TTAGGG
5	4420000	1	1	TTAGGG
5	4430000	2	0	TTAGGG
5	4440000	1	1	TTAGGG
5	4450000	2	1	TTAGGG
5	4460000	1	1	TTAGGG
5	4470000	1	1	TTAGGG
5	4480000	0	1	TTAGGG
5	4490000	2	1	TTAGGG
5	4500000	3	1	TTAGGG
5	4510000	3	2	TTAGGG
5	4520000	2	1	TTAGGG
5	4530000	2	1	TTAGGG
5	4540000	1	3	TTAGGG
5	4550000	0	0	TTAGGG
5	4560000	2	1	TTAGGG
5	4570000	0	1	TTAGGG
5	4580000	2	0	TTAGGG
5	4590000	0	3	TTAGGG
5	4600000	0	2	TTAGGG
5	4610000	1	1	TTAGGG
5	4620000	1	2	TTAGGG
5	4630000	1	0	TTAGGG
5	4640000	2	2	TTAGGG
5	4650000	1	2	TTAGGG
5	4660000	1	2	TTAGGG
5	4670000	0	4	TTAGGG
5	4680000	0	2	TTAGGG
5	4690000	2	0	TTAGGG
5	4700000	1	0	TTAGGG
5	4710000	2	0	TTAGGG
5	4720000	2	1	TTAGGG
5	4730000	1	1	TTAGGG
5	4740000	0	2	TTAGGG
5	4750000	1	2	TTAGGG
5	4760000	1	2	TTAGGG
5	4770000	2	0	TTAGGG
5	4780000	1	3	TTAGGG
5	4790000	1	0	TTAGGG
5	4800000	4	1	TTAGGG
5	4810000	1	1	TTAGGG
5	4820000	0	1	TTAGGG
5	4830000	0	3	TTAGGG
5	4840000	0	1	TTAGGG
5	4850000	2	2	TTAGGG
5	4860000	0	2	TTAGGG
5	4870000	2	0	TTAGGG
5	4880000	2	1	TTAGGG
5	4890000	1	2	TTAGGG
5	4900000	2	2	TTAGGG
5	4910000	3	1	TTAGGG
5	4920000	2	0	TTAGGG
5	4930000	2	0	TTAGGG
5	4940000	3	3	TTAGGG
5	4950000	1	2	TTAGGG
5	4960000	2	2	TTAGGG
5	4970000	3	0	TTAGGG
5	4980000	2	0	TTAGGG
5	4990000	1	0	TTAGGG
5	5000000	1	0	TTAGGG
5	5010000	1	1	TTAGGG
5	5020000	1	1	TTAGGG
5	5030000	1	0	TTAGGG
5	5040000	1	3	TTAGGG
5	5050000	0	2	TTAGGG
5	5060000	0	2	TTAGGG
5	5070000	0	2	TTAGGG
5	5080000	0	2	TTAGGG
5	5090000	0	2	TTAGGG
5	5100000	0	3	TTAGGG
5	5110000	0	1	TTAGGG
5	5120000	0	2	TTAGGG
5	5130000	0	2	TTAGGG
5	5140000	0	3	TTAGGG
5	5150000	0	2	TTAGGG
5	5160000	0	2	TTAGGG
5	5170000	0	1	TTAGGG
5	5180000	1	2	TTAGGG
5	5190000	1	1	TTAGGG
5	5200000	1	0	TTAGGG
5	5210000	2	1	TTAGGG
5	5220000	1	0	TTAGGG
5	5230000	1	1	TTAGGG
5	5240000	2	1	TTAGGG
5	5250000	1	2	TTAGGG
5	5260000	0	1	TTAGGG
5	5270000	0	2	TTAGGG
5	5280000	0	3	TTAGGG
5	5290000	0	1	TTAGGG
5	5300000	0	3	TTAGGG
5	5310000	0	1	TTAGGG
5	5320000	0	2	TTAGGG
5	5330000	1	1	TTAGGG
5	5340000	1	1	TTAGGG
5	5350000	1	0	TTAGGG
5	5360000	2	0	TTAGGG
5	5370000	2	1	TTAGGG
5	5380000	0	1	TTAGGG
5	5390000	0	1	TTAGGG
5	5400000	1	1	TTAGGG
5	5410000	1	0	TTAGGG
5	5420000	1	2	TTAGGG
5	5430000	1	2	TTAGGG
5	5440000	1	2	TTAGGG
5	5450000	0	1	TTAGGG
5	5460000	1	0	TTAGGG
5	5470000	1	2	TTAGGG
5	5480000	0	0	TTAGGG
5	5490000	2	2	TTAGGG
5	5500000	1	1	TTAGGG
5	5510000	0	0	TTAGGG
5	5520000	2	2	TTAGGG
5	5530000	3	0	TTAGGG
5	5540000	0	3	TTAGGG
5	5550000	1	0	TTAGGG
5	5560000	4	0	TTAGGG
5	5570000	2	1	TTAGGG
5	5580000	1	1	TTAGGG
5	5590000	2	3	TTAGGG
5	5600000	1	0	TTAGGG
5	5610000	1	3	TTAGGG
5	5620000	1	1	TTAGGG
5	5630000	3	1	TTAGGG
5	5640000	3	1	TTAGGG
5	5650000	1	4	TTAGGG
5	5660000	4	0	TTAGGG
5	5670000	0	2	TTAGGG
5	5680000	1	4	TTAGGG
5	5690000	2	2	TTAGGG
5	5700000	3	0	TTAGGG
5	5710000	1	4	TTAGGG
5	5720000	4	1	TTAGGG
5	5730000	0	2	TTAGGG
5	5740000	0	4	TTAGGG
5	5750000	1	3	TTAGGG
5	5760000	3	2	TTAGGG
5	5770000	0	1	TTAGGG
5	5780000	0	1	TTAGGG
5	5790000	3	1	TTAGGG
5	5800000	1	1	TTAGGG
5	5810000	1	1	TTAGGG
5	5820000	3	0	TTAGGG
5	5830000	3	1	TTAGGG
5	5840000	2	0	TTAGGG
5	5850000	1	1	TTAGGG
5	5860000	4	2	TTAGGG
5	5870000	6	1	TTAGGG
5	5880000	1	0	TTAGGG
5	5890000	0	4	TTAGGG
5	5900000	1	2	TTAGGG
5	5910000	0	1	TTAGGG
5	5920000	2	1	TTAGGG
5	5930000	4	1	TTAGGG
5	5940000	0	1	TTAGGG
5	5950000	1	2	TTAGGG
5	5960000	3	3	TTAGGG
5	5970000	1	5	TTAGGG
5	5980000	1	1	TTAGGG
5	5990000	1	1	TTAGGG
5	6000000	0	1	TTAGGG
5	6010000	2	4	TTAGGG
5	6020000	1	1	TTAGGG
5	6030000	3	2	TTAGGG
5	6040000	3	2	TTAGGG
5	6050000	4	0	TTAGGG
5	6060000	2	0	TTAGGG
5	6070000	1	0	TTAGGG
5	6080000	0	1	TTAGGG
5	6090000	1	1	TTAGGG
5	6100000	1	0	TTAGGG
5	6110000	3	0	TTAGGG
5	6120000	1	1	TTAGGG
5	6130000	1	3	TTAGGG
5	6140000	3	0	TTAGGG
5	6150000	0	4	TTAGGG
5	6160000	2	2	TTAGGG
5	6170000	2	1	TTAGGG
5	6180000	2	2	TTAGGG
5	6190000	2	3	TTAGGG
5	6200000	1	3	TTAGGG
5	6210000	3	0	TTAGGG
5	6220000	0	4	TTAGGG
5	6230000	1	3	TTAGGG
5	6240000	1	3	TTAGGG
5	6250000	2	2	TTAGGG
5	6260000	2	1	TTAGGG
5	6270000	2	1	TTAGGG
5	6280000	0	3	TTAGGG
5	6290000	2	2	TTAGGG
5	6300000	2	3	TTAGGG
5	6310000	1	3	TTAGGG
5	6320000	3	0	TTAGGG
5	6330000	0	3	TTAGGG
5	6340000	1	2	TTAGGG
5	6350000	1	3	TTAGGG
5	6360000	2	3	TTAGGG
5	6370000	2	1	TTAGGG
5	6380000	4	0	TTAGGG
5	6390000	3	2	TTAGGG
5	6400000	2	1	TTAGGG
5	6410000	0	2	TTAGGG
5	6420000	0	0	TTAGGG
5	6430000	0	1	TTAGGG
5	6440000	3	2	TTAGGG
5	6450000	3	1	TTAGGG
5	6460000	1	0	TTAGGG
5	6470000	1	0	TTAGGG
5	6480000	0	2	TTAGGG
5	6490000	2	2	TTAGGG
5	6500000	3	0	TTAGGG
5	6510000	1	0	TTAGGG
5	6520000	1	0	TTAGGG
5	6530000	0	2	TTAGGG
5	6540000	0	2	TTAGGG
5	6550000	1	3	TTAGGG
5	6560000	1	3	TTAGGG
5	6570000	1	2	TTAGGG
5	6580000	1	1	TTAGGG
5	6590000	1	2	TTAGGG
5	6600000	3	1	TTAGGG
5	6610000	2	1	TTAGGG
5	6620000	1	1	TTAGGG
5	6630000	0	6	TTAGGG
5	6640000	0	2	TTAGGG
5	6650000	0	0	TTAGGG
5	6660000	1	1	TTAGGG
5	6670000	4	2	TTAGGG
5	6680000	0	2	TTAGGG
5	6690000	1	2	TTAGGG
5	6700000	1	2	TTAGGG
5	6710000	0	2	TTAGGG
5	6720000	3	4	TTAGGG
5	6730000	0	1	TTAGGG
5	6740000	2	2	TTAGGG
5	6750000	3	2	TTAGGG
5	6760000	0	0	TTAGGG
5	6770000	1	0	TTAGGG
5	6780000	0	1	TTAGGG
5	6790000	0	1	TTAGGG
5	6800000	0	1	TTAGGG
5	6810000	0	1	TTAGGG
5	6820000	1	6	TTAGGG
5	6830000	2	0	TTAGGG
5	6840000	0	1	TTAGGG
5	6850000	3	1	TTAGGG
5	6860000	5	0	TTAGGG
5	6870000	2	4	TTAGGG
5	6880000	1	2	TTAGGG
5	6890000	2	1	TTAGGG
5	6900000	0	2	TTAGGG
5	6910000	1	0	TTAGGG
5	6920000	0	0	TTAGGG
5	6930000	4	2	TTAGGG
5	6940000	2	2	TTAGGG
5	6950000	0	3	TTAGGG
5	6960000	4	1	TTAGGG
5	6970000	2	2	TTAGGG
5	6980000	1	0	TTAGGG
5	6990000	1	2	TTAGGG
5	7000000	2	3	TTAGGG
5	7010000	5	2	TTAGGG
5	7020000	3	2	TTAGGG
5	7030000	1	1	TTAGGG
5	7040000	0	0	TTAGGG
5	7050000	4	1	TTAGGG
5	7060000	3	1	TTAGGG
5	7070000	0	1	TTAGGG
5	7080000	1	1	TTAGGG
5	7090000	0	4	TTAGGG
5	7100000	3	1	TTAGGG
5	7110000	1	1	TTAGGG
5	7120000	3	2	TTAGGG
5	7130000	1	2	TTAGGG
5	7140000	4	3	TTAGGG
5	7150000	0	2	TTAGGG
5	7160000	1	2	TTAGGG
5	7170000	2	1	TTAGGG
5	7180000	2	0	TTAGGG
5	7190000	4	2	TTAGGG
5	7200000	3	4	TTAGGG
5	7210000	1	2	TTAGGG
5	7220000	2	1	TTAGGG
5	7230000	2	2	TTAGGG
5	7240000	2	0	TTAGGG
5	7250000	1	2	TTAGGG
5	7260000	1	1	TTAGGG
5	7270000	0	2	TTAGGG
5	7280000	2	0	TTAGGG
5	7290000	0	1	TTAGGG
5	7300000	2	0	TTAGGG
5	7310000	1	0	TTAGGG
5	7320000	5	1	TTAGGG
5	7330000	2	1	TTAGGG
5	7340000	1	0	TTAGGG
5	7350000	2	0	TTAGGG
5	7360000	1	2	TTAGGG
5	7370000	2	1	TTAGGG
5	7380000	1	0	TTAGGG
5	7390000	0	1	TTAGGG
5	7400000	1	2	TTAGGG
5	7410000	1	0	TTAGGG
5	7420000	1	0	TTAGGG
5	7430000	2	0	TTAGGG
5	7440000	2	0	TTAGGG
5	7450000	2	1	TTAGGG
5	7460000	0	0	TTAGGG
5	7470000	0	1	TTAGGG
5	7480000	0	0	TTAGGG
5	7490000	0	2	TTAGGG
5	7500000	1	4	TTAGGG
5	7510000	3	1	TTAGGG
5	7520000	5	2	TTAGGG
5	7530000	1	1	TTAGGG
5	7540000	1	1	TTAGGG
5	7550000	1	0	TTAGGG
5	7560000	1	5	TTAGGG
5	7570000	1	1	TTAGGG
5	7580000	2	1	TTAGGG
5	7590000	0	2	TTAGGG
5	7600000	1	2	TTAGGG
5	7610000	3	2	TTAGGG
5	7620000	4	4	TTAGGG
5	7630000	0	2	TTAGGG
5	7640000	1	0	TTAGGG
5	7650000	1	1	TTAGGG
5	7660000	0	1	TTAGGG
5	7670000	1	1	TTAGGG
5	7680000	1	4	TTAGGG
5	7690000	2	0	TTAGGG
5	7700000	2	3	TTAGGG
5	7710000	1	4	TTAGGG
5	7720000	3	1	TTAGGG
5	7730000	2	0	TTAGGG
5	7740000	1	3	TTAGGG
5	7750000	3	1	TTAGGG
5	7760000	0	2	TTAGGG
5	7770000	3	1	TTAGGG
5	7780000	1	0	TTAGGG
5	7790000	1	1	TTAGGG
5	7800000	1	2	TTAGGG
5	7810000	1	1	TTAGGG
5	7820000	2	2	TTAGGG
5	7830000	0	1	TTAGGG
5	7840000	0	3	TTAGGG
5	7850000	0	3	TTAGGG
5	7860000	1	1	TTAGGG
5	7870000	1	0	TTAGGG
5	7880000	0	2	TTAGGG
5	7890000	3	1	TTAGGG
5	7900000	1	1	TTAGGG
5	7910000	1	3	TTAGGG
5	7920000	2	0	TTAGGG
5	7930000	1	1	TTAGGG
5	7940000	2	1	TTAGGG
5	7950000	1	7	TTAGGG
5	7960000	0	4	TTAGGG
5	7970000	0	2	TTAGGG
5	7980000	4	1	TTAGGG
5	7990000	2	3	TTAGGG
5	8000000	2	2	TTAGGG
5	8010000	3	1	TTAGGG
5	8020000	2	1	TTAGGG
5	8030000	1	0	TTAGGG
5	8040000	1	0	TTAGGG
5	8050000	1	2	TTAGGG
5	8060000	2	2	TTAGGG
5	8070000	0	1	TTAGGG
5	8080000	0	1	TTAGGG
5	8090000	2	0	TTAGGG
5	8100000	0	1	TTAGGG
5	8110000	0	4	TTAGGG
5	8120000	1	1	TTAGGG
5	8130000	0	2	TTAGGG
5	8140000	1	3	TTAGGG
5	8150000	1	1	TTAGGG
5	8160000	2	2	TTAGGG
5	8170000	2	3	TTAGGG
5	8180000	1	0	TTAGGG
5	8190000	2	1	TTAGGG
5	8200000	4	1	TTAGGG
5	8210000	0	0	TTAGGG
5	8220000	2	2	TTAGGG
5	8230000	0	0	TTAGGG
5	8240000	5	1	TTAGGG
5	8250000	0	0	TTAGGG
5	8260000	5	1	TTAGGG
5	8270000	0	2	TTAGGG
5	8280000	0	1	TTAGGG
5	8290000	1	0	TTAGGG
5	8300000	0	3	TTAGGG
5	8310000	1	2	TTAGGG
5	8320000	0	0	TTAGGG
5	8330000	4	0	TTAGGG
5	8340000	2	2	TTAGGG
5	8350000	3	1	TTAGGG
5	8360000	2	1	TTAGGG
5	8370000	2	1	TTAGGG
5	8380000	4	0	TTAGGG
5	8390000	1	1	TTAGGG
5	8400000	2	0	TTAGGG
5	8410000	2	3	TTAGGG
5	8420000	3	2	TTAGGG
5	8430000	2	1	TTAGGG
5	8440000	2	0	TTAGGG
5	8450000	3	0	TTAGGG
5	8460000	3	0	TTAGGG
5	8470000	3	0	TTAGGG
5	8480000	4	0	TTAGGG
5	8490000	4	0	TTAGGG
5	8500000	2	0	TTAGGG
5	8510000	3	0	TTAGGG
5	8520000	3	0	TTAGGG
5	8530000	2	0	TTAGGG
5	8540000	1	0	TTAGGG
5	8550000	1	0	TTAGGG
5	8560000	1	0	TTAGGG
5	8570000	2	0	TTAGGG
5	8580000	2	0	TTAGGG
5	8590000	1	0	TTAGGG
5	8600000	1	0	TTAGGG
5	8610000	2	0	TTAGGG
5	8620000	7	0	TTAGGG
5	8630000	6	0	TTAGGG
5	8640000	7	0	TTAGGG
5	8650000	6	0	TTAGGG
5	8660000	7	0	TTAGGG
5	8670000	6	0	TTAGGG
5	8680000	7	0	TTAGGG
5	8690000	6	0	TTAGGG
5	8700000	5	0	TTAGGG
5	8710000	1	1	TTAGGG
5	8720000	0	2	TTAGGG
5	8730000	2	1	TTAGGG
5	8740000	3	0	TTAGGG
5	8750000	2	1	TTAGGG
5	8760000	0	5	TTAGGG
5	8770000	1	1	TTAGGG
5	8780000	1	2	TTAGGG
5	8790000	2	1	TTAGGG
5	8800000	1	2	TTAGGG
5	8810000	1	3	TTAGGG
5	8820000	2	4	TTAGGG
5	8830000	1	0	TTAGGG
5	8840000	2	1	TTAGGG
5	8850000	2	2	TTAGGG
5	8860000	2	0	TTAGGG
5	8870000	1	1	TTAGGG
5	8880000	2	1	TTAGGG
5	8890000	1	0	TTAGGG
5	8900000	1	0	TTAGGG
5	8910000	0	0	TTAGGG
5	8920000	1	1	TTAGGG
5	8930000	1	0	TTAGGG
5	8940000	2	1	TTAGGG
5	8950000	2	1	TTAGGG
5	8960000	0	0	TTAGGG
5	8970000	1	0	TTAGGG
5	8980000	2	1	TTAGGG
5	8990000	1	1	TTAGGG
5	9000000	0	0	TTAGGG
5	9010000	0	1	TTAGGG
5	9020000	5	1	TTAGGG
5	9030000	0	1	TTAGGG
5	9040000	1	1	TTAGGG
5	9050000	2	1	TTAGGG
5	9060000	1	5	TTAGGG
5	9070000	0	2	TTAGGG
5	9080000	2	1	TTAGGG
5	9090000	1	3	TTAGGG
5	9100000	1	4	TTAGGG
5	9110000	0	1	TTAGGG
5	9120000	0	2	TTAGGG
5	9130000	5	0	TTAGGG
5	9140000	3	0	TTAGGG
5	9150000	2	2	TTAGGG
5	9160000	1	0	TTAGGG
5	9170000	2	2	TTAGGG
5	9180000	2	3	TTAGGG
5	9190000	2	2	TTAGGG
5	9200000	0	1	TTAGGG
5	9210000	1	1	TTAGGG
5	9220000	0	2	TTAGGG
5	9230000	2	3	TTAGGG
5	9240000	0	5	TTAGGG
5	9250000	6	1	TTAGGG
5	9260000	1	2	TTAGGG
5	9270000	2	2	TTAGGG
5	9280000	3	2	TTAGGG
5	9290000	0	3	TTAGGG
5	9300000	0	0	TTAGGG
5	9310000	3	2	TTAGGG
5	9320000	2	1	TTAGGG
5	9330000	1	0	TTAGGG
5	9340000	0	0	TTAGGG
5	9350000	1	1	TTAGGG
5	9360000	3	2	TTAGGG
5	9370000	2	0	TTAGGG
5	9380000	1	2	TTAGGG
5	9390000	0	6	TTAGGG
5	9400000	0	5	TTAGGG
5	9410000	1	6	TTAGGG
5	9420000	2	1	TTAGGG
5	9430000	4	1	TTAGGG
5	9440000	1	2	TTAGGG
5	9450000	1	0	TTAGGG
5	9460000	1	1	TTAGGG
5	9470000	2	1	TTAGGG
5	9480000	3	3	TTAGGG
5	9490000	0	2	TTAGGG
5	9500000	0	3	TTAGGG
5	9510000	4	2	TTAGGG
5	9520000	2	1	TTAGGG
5	9530000	2	0	TTAGGG
5	9540000	2	1	TTAGGG
5	9550000	3	0	TTAGGG
5	9560000	2	3	TTAGGG
5	9570000	1	2	TTAGGG
5	9580000	2	0	TTAGGG
5	9590000	1	2	TTAGGG
5	9600000	1	2	TTAGGG
5	9610000	3	1	TTAGGG
5	9620000	3	2	TTAGGG
5	9630000	0	0	TTAGGG
5	9640000	3	2	TTAGGG
5	9650000	0	3	TTAGGG
5	9660000	1	0	TTAGGG
5	9670000	1	0	TTAGGG
5	9680000	0	1	TTAGGG
5	9690000	1	2	TTAGGG
5	9700000	2	1	TTAGGG
5	9710000	0	0	TTAGGG
5	9720000	3	0	TTAGGG
5	9730000	0	1	TTAGGG
5	9740000	1	1	TTAGGG
5	9750000	2	0	TTAGGG
5	9760000	1	1	TTAGGG
5	9770000	1	4	TTAGGG
5	9780000	3	2	TTAGGG
5	9790000	3	1	TTAGGG
5	9800000	1	2	TTAGGG
5	9810000	1	1	TTAGGG
5	9820000	1	1	TTAGGG
5	9830000	4	3	TTAGGG
5	9840000	2	1	TTAGGG
5	9850000	0	1	TTAGGG
5	9860000	3	3	TTAGGG
5	9870000	3	1	TTAGGG
5	9880000	1	2	TTAGGG
5	9890000	1	1	TTAGGG
5	9900000	2	2	TTAGGG
5	9910000	2	3	TTAGGG
5	9920000	2	2	TTAGGG
5	9930000	2	1	TTAGGG
5	9940000	2	1	TTAGGG
5	9950000	2	2	TTAGGG
5	9960000	6	0	TTAGGG
5	9970000	3	1	TTAGGG
5	9980000	0	1	TTAGGG
5	9990000	3	4	TTAGGG
5	10000000	0	0	TTAGGG
5	10010000	1	2	TTAGGG
5	10020000	2	0	TTAGGG
5	10030000	2	0	TTAGGG
5	10040000	4	1	TTAGGG
5	10050000	1	2	TTAGGG
5	10060000	0	1	TTAGGG
5	10070000	3	2	TTAGGG
5	10080000	0	0	TTAGGG
5	10090000	2	0	TTAGGG
5	10100000	1	1	TTAGGG
5	10110000	4	3	TTAGGG
5	10120000	0	2	TTAGGG
5	10130000	3	5	TTAGGG
5	10140000	1	1	TTAGGG
5	10150000	0	2	TTAGGG
5	10160000	1	2	TTAGGG
5	10170000	0	0	TTAGGG
5	10180000	1	1	TTAGGG
5	10190000	0	1	TTAGGG
5	10200000	1	0	TTAGGG
5	10210000	3	1	TTAGGG
5	10220000	3	2	TTAGGG
5	10230000	0	2	TTAGGG
5	10240000	1	4	TTAGGG
5	10250000	2	2	TTAGGG
5	10260000	5	2	TTAGGG
5	10270000	2	0	TTAGGG
5	10280000	0	2	TTAGGG
5	10290000	0	0	TTAGGG
5	10300000	1	2	TTAGGG
5	10310000	2	2	TTAGGG
5	10320000	0	0	TTAGGG
5	10330000	2	1	TTAGGG
5	10340000	2	1	TTAGGG
5	10350000	4	1	TTAGGG
5	10360000	0	1	TTAGGG
5	10370000	0	0	TTAGGG
5	10380000	3	2	TTAGGG
5	10390000	3	2	TTAGGG
5	10400000	3	0	TTAGGG
5	10410000	1	0	TTAGGG
5	10420000	2	2	TTAGGG
5	10430000	2	2	TTAGGG
5	10440000	5	3	TTAGGG
5	10450000	4	2	TTAGGG
5	10460000	4	2	TTAGGG
5	10470000	2	2	TTAGGG
5	10480000	1	1	TTAGGG
5	10490000	3	5	TTAGGG
5	10500000	2	2	TTAGGG
5	10510000	2	1	TTAGGG
5	10520000	1	3	TTAGGG
5	10530000	3	1	TTAGGG
5	10540000	1	3	TTAGGG
5	10550000	1	2	TTAGGG
5	10560000	1	1	TTAGGG
5	10570000	1	1	TTAGGG
5	10580000	1	3	TTAGGG
5	10590000	3	1	TTAGGG
5	10600000	1	1	TTAGGG
5	10610000	1	2	TTAGGG
5	10620000	2	2	TTAGGG
5	10630000	2	0	TTAGGG
5	10640000	1	1	TTAGGG
5	10650000	1	0	TTAGGG
5	10660000	2	2	TTAGGG
5	10670000	0	5	TTAGGG
5	10680000	1	0	TTAGGG
5	10690000	4	3	TTAGGG
5	10700000	2	1	TTAGGG
5	10710000	0	1	TTAGGG
5	10720000	1	1	TTAGGG
5	10730000	0	1	TTAGGG
5	10740000	2	1	TTAGGG
5	10750000	1	0	TTAGGG
5	10760000	1	3	TTAGGG
5	10770000	1	0	TTAGGG
5	10780000	2	1	TTAGGG
5	10790000	3	3	TTAGGG
5	10800000	2	3	TTAGGG
5	10810000	3	3	TTAGGG
5	10820000	0	0	TTAGGG
5	10830000	1	4	TTAGGG
5	10840000	2	3	TTAGGG
5	10850000	2	0	TTAGGG
5	10860000	1	2	TTAGGG
5	10870000	2	0	TTAGGG
5	10880000	1	2	TTAGGG
5	10890000	2	0	TTAGGG
5	10900000	3	1	TTAGGG
5	10910000	0	1	TTAGGG
5	10920000	4	0	TTAGGG
5	10930000	0	1	TTAGGG
5	10940000	3	3	TTAGGG
5	10950000	3	0	TTAGGG
5	10960000	1	3	TTAGGG
5	10970000	0	0	TTAGGG
5	10980000	1	2	TTAGGG
5	10990000	1	2	TTAGGG
5	11000000	2	2	TTAGGG
5	11010000	3	0	TTAGGG
5	11020000	1	0	TTAGGG
5	11030000	1	0	TTAGGG
5	11040000	2	0	TTAGGG
5	11050000	1	0	TTAGGG
5	11060000	2	1	TTAGGG
5	11070000	3	0	TTAGGG
5	11080000	0	1	TTAGGG
5	11090000	0	0	TTAGGG
5	11100000	0	0	TTAGGG
5	11110000	0	0	TTAGGG
5	11120000	0	0	TTAGGG
5	11130000	0	0	TTAGGG
5	11140000	0	0	TTAGGG
5	11150000	0	0	TTAGGG
5	11160000	0	0	TTAGGG
5	11170000	0	1	TTAGGG
5	11180000	1	0	TTAGGG
5	11190000	2	1	TTAGGG
5	11200000	1	1	TTAGGG
5	11210000	1	3	TTAGGG
5	11220000	2	0	TTAGGG
5	11230000	1	2	TTAGGG
5	11240000	2	1	TTAGGG
5	11250000	2	2	TTAGGG
5	11260000	0	2	TTAGGG
5	11270000	2	2	TTAGGG
5	11280000	1	2	TTAGGG
5	11290000	1	0	TTAGGG
5	11300000	1	2	TTAGGG
5	11310000	2	0	TTAGGG
5	11320000	2	2	TTAGGG
5	11330000	0	3	TTAGGG
5	11340000	3	1	TTAGGG
5	11350000	2	0	TTAGGG
5	11360000	2	0	TTAGGG
5	11370000	2	4	TTAGGG
5	11380000	4	2	TTAGGG
5	11390000	0	1	TTAGGG
5	11400000	0	0	TTAGGG
5	11410000	4	0	TTAGGG
5	11420000	2	2	TTAGGG
5	11430000	2	0	TTAGGG
5	11440000	2	1	TTAGGG
5	11450000	2	0	TTAGGG
5	11460000	1	0	TTAGGG
5	11470000	2	1	TTAGGG
5	11480000	2	3	TTAGGG
5	11490000	1	0	TTAGGG
5	11500000	4	0	TTAGGG
5	11510000	2	1	TTAGGG
5	11520000	0	2	TTAGGG
5	11530000	2	2	TTAGGG
5	11540000	4	2	TTAGGG
5	11550000	0	0	TTAGGG
5	11560000	4	0	TTAGGG
5	11570000	2	1	TTAGGG
5	11580000	0	4	TTAGGG
5	11590000	0	1	TTAGGG
5	11600000	1	2	TTAGGG
5	11610000	0	0	TTAGGG
5	11620000	1	0	TTAGGG
5	11630000	3	2	TTAGGG
5	11640000	0	3	TTAGGG
5	11650000	1	0	TTAGGG
5	11660000	0	2	TTAGGG
5	11670000	2	2	TTAGGG
5	11680000	1	1	TTAGGG
5	11690000	1	1	TTAGGG
5	11700000	2	0	TTAGGG
5	11710000	2	5	TTAGGG
5	11720000	0	0	TTAGGG
5	11730000	0	3	TTAGGG
5	11740000	3	2	TTAGGG
5	11750000	15	5	TTAGGG
5	11760000	14	5	TTAGGG
5	11770000	1	1	TTAGGG
5	11780000	2	1	TTAGGG
5	11790000	1	1	TTAGGG
5	11800000	1	3	TTAGGG
5	11810000	1	1	TTAGGG
5	11820000	0	4	TTAGGG
5	11830000	1	0	TTAGGG
5	11840000	0	1	TTAGGG
5	11850000	0	3	TTAGGG
5	11860000	1	2	TTAGGG
5	11870000	0	2	TTAGGG
5	11880000	1	0	TTAGGG
5	11890000	1	0	TTAGGG
5	11900000	1	4	TTAGGG
5	11910000	0	4	TTAGGG
5	11920000	1	1	TTAGGG
5	11930000	3	5	TTAGGG
5	11940000	0	1	TTAGGG
5	11950000	1	5	TTAGGG
5	11960000	0	2	TTAGGG
5	11970000	1	1	TTAGGG
5	11980000	1	1	TTAGGG
5	11990000	4	1	TTAGGG
5	12000000	0	1	TTAGGG
5	12010000	1	2	TTAGGG
5	12020000	0	0	TTAGGG
5	12030000	1	1	TTAGGG
5	12040000	2	3	TTAGGG
5	12050000	3	1	TTAGGG
5	12060000	2	2	TTAGGG
5	12070000	3	1	TTAGGG
5	12080000	0	1	TTAGGG
5	12090000	1	2	TTAGGG
5	12100000	2	3	TTAGGG
5	12110000	1	0	TTAGGG
5	12120000	1	3	TTAGGG
5	12130000	1	1	TTAGGG
5	12140000	0	1	TTAGGG
5	12150000	2	1	TTAGGG
5	12160000	2	0	TTAGGG
5	12170000	1	2	TTAGGG
5	12180000	0	4	TTAGGG
5	12190000	3	2	TTAGGG
5	12200000	0	2	TTAGGG
5	12210000	1	1	TTAGGG
5	12220000	0	1	TTAGGG
5	12230000	2	1	TTAGGG
5	12240000	1	1	TTAGGG
5	12250000	0	0	TTAGGG
5	12260000	2	2	TTAGGG
5	12270000	2	4	TTAGGG
5	12280000	3	0	TTAGGG
5	12290000	2	0	TTAGGG
5	12300000	0	1	TTAGGG
5	12310000	2	3	TTAGGG
5	12320000	0	1	TTAGGG
5	12330000	1	3	TTAGGG
5	12340000	4	4	TTAGGG
5	12350000	0	1	TTAGGG
5	12360000	2	2	TTAGGG
5	12370000	1	1	TTAGGG
5	12380000	2	1	TTAGGG
5	12390000	1	0	TTAGGG
5	12400000	2	4	TTAGGG
5	12410000	4	2	TTAGGG
5	12420000	2	2	TTAGGG
5	12430000	1	1	TTAGGG
5	12440000	3	1	TTAGGG
5	12450000	3	0	TTAGGG
5	12460000	1	2	TTAGGG
5	12470000	1	3	TTAGGG
5	12480000	1	1	TTAGGG
5	12490000	3	3	TTAGGG
5	12500000	1	7	TTAGGG
5	12510000	1	4	TTAGGG
5	12520000	3	1	TTAGGG
5	12530000	2	3	TTAGGG
5	12540000	1	0	TTAGGG
5	12550000	2	1	TTAGGG
5	12560000	2	1	TTAGGG
5	12570000	2	2	TTAGGG
5	12580000	1	3	TTAGGG
5	12590000	1	0	TTAGGG
5	12600000	0	3	TTAGGG
5	12610000	3	0	TTAGGG
5	12620000	0	2	TTAGGG
5	12630000	4	3	TTAGGG
5	12640000	1	0	TTAGGG
5	12650000	4	0	TTAGGG
5	12660000	3	2	TTAGGG
5	12670000	1	0	TTAGGG
5	12680000	2	1	TTAGGG
5	12690000	0	4	TTAGGG
5	12700000	0	1	TTAGGG
5	12710000	3	3	TTAGGG
5	12720000	2	1	TTAGGG
5	12730000	0	2	TTAGGG
5	12740000	1	1	TTAGGG
5	12750000	2	1	TTAGGG
5	12760000	1	1	TTAGGG
5	12770000	1	1	TTAGGG
5	12780000	3	2	TTAGGG
5	12790000	0	2	TTAGGG
5	12800000	3	2	TTAGGG
5	12810000	0	0	TTAGGG
5	12820000	2	2	TTAGGG
5	12830000	1	1	TTAGGG
5	12840000	3	3	TTAGGG
5	12850000	1	2	TTAGGG
5	12860000	1	1	TTAGGG
5	12870000	2	2	TTAGGG
5	12880000	1	3	TTAGGG
5	12890000	4	1	TTAGGG
5	12900000	2	2	TTAGGG
5	12910000	0	2	TTAGGG
5	12920000	1	1	TTAGGG
5	12930000	3	0	TTAGGG
5	12940000	3	6	TTAGGG
5	12950000	0	4	TTAGGG
5	12960000	2	0	TTAGGG
5	12970000	1	0	TTAGGG
5	12980000	1	2	TTAGGG
5	12990000	0	1	TTAGGG
5	13000000	1	3	TTAGGG
5	13010000	2	1	TTAGGG
5	13020000	1	0	TTAGGG
5	13030000	1	5	TTAGGG
5	13040000	1	1	TTAGGG
5	13050000	2	2	TTAGGG
5	13060000	0	1	TTAGGG
5	13070000	1	3	TTAGGG
5	13080000	1	3	TTAGGG
5	13090000	3	3	TTAGGG
5	13100000	1	1	TTAGGG
5	13110000	0	0	TTAGGG
5	13120000	5	3	TTAGGG
5	13130000	2	0	TTAGGG
5	13140000	3	1	TTAGGG
5	13150000	1	4	TTAGGG
5	13160000	2	1	TTAGGG
5	13170000	0	3	TTAGGG
5	13180000	0	0	TTAGGG
5	13190000	1	1	TTAGGG
5	13200000	1	3	TTAGGG
5	13210000	3	0	TTAGGG
5	13220000	3	1	TTAGGG
5	13230000	2	3	TTAGGG
5	13240000	5	1	TTAGGG
5	13250000	0	1	TTAGGG
5	13260000	2	5	TTAGGG
5	13270000	2	1	TTAGGG
5	13280000	0	2	TTAGGG
5	13290000	2	1	TTAGGG
5	13300000	0	1	TTAGGG
5	13310000	0	1	TTAGGG
5	13320000	4	0	TTAGGG
5	13330000	0	3	TTAGGG
5	13340000	1	1	TTAGGG
5	13350000	2	0	TTAGGG
5	13360000	3	0	TTAGGG
5	13370000	1	2	TTAGGG
5	13380000	1	0	TTAGGG
5	13390000	3	1	TTAGGG
5	13400000	3	0	TTAGGG
5	13410000	3	1	TTAGGG
5	13420000	2	0	TTAGGG
5	13430000	0	3	TTAGGG
5	13440000	1	0	TTAGGG
5	13450000	0	1	TTAGGG
5	13460000	1	3	TTAGGG
5	13470000	3	1	TTAGGG
5	13480000	3	2	TTAGGG
5	13490000	0	5	TTAGGG
5	13500000	4	1	TTAGGG
5	13510000	0	3	TTAGGG
5	13520000	3	1	TTAGGG
5	13530000	1	3	TTAGGG
5	13540000	0	2	TTAGGG
5	13550000	4	0	TTAGGG
5	13560000	2	2	TTAGGG
5	13570000	0	2	TTAGGG
5	13580000	2	1	TTAGGG
5	13590000	1	3	TTAGGG
5	13600000	2	0	TTAGGG
5	13610000	1	0	TTAGGG
5	13620000	2	4	TTAGGG
5	13630000	1	2	TTAGGG
5	13640000	1	2	TTAGGG
5	13650000	3	3	TTAGGG
5	13660000	1	1	TTAGGG
5	13670000	0	1	TTAGGG
5	13680000	0	2	TTAGGG
5	13690000	1	1	TTAGGG
5	13700000	2	2	TTAGGG
5	13710000	3	1	TTAGGG
5	13720000	2	2	TTAGGG
5	13730000	3	3	TTAGGG
5	13740000	0	1	TTAGGG
5	13750000	1	2	TTAGGG
5	13760000	2	2	TTAGGG
5	13770000	1	2	TTAGGG
5	13780000	1	0	TTAGGG
5	13790000	1	1	TTAGGG
5	13800000	1	2	TTAGGG
5	13810000	2	2	TTAGGG
5	13820000	2	0	TTAGGG
5	13830000	1	0	TTAGGG
5	13840000	3	1	TTAGGG
5	13850000	0	2	TTAGGG
5	13860000	5	1	TTAGGG
5	13870000	0	5	TTAGGG
5	13880000	1	0	TTAGGG
5	13890000	1	3	TTAGGG
5	13900000	0	4	TTAGGG
5	13910000	1	1	TTAGGG
5	13920000	3	4	TTAGGG
5	13930000	2	2	TTAGGG
5	13940000	4	0	TTAGGG
5	13950000	2	2	TTAGGG
5	13960000	0	0	TTAGGG
5	13970000	1	2	TTAGGG
5	13980000	2	0	TTAGGG
5	13990000	1	0	TTAGGG
5	14000000	1	0	TTAGGG
5	14010000	3	3	TTAGGG
5	14020000	2	0	TTAGGG
5	14030000	0	2	TTAGGG
5	14040000	2	1	TTAGGG
5	14050000	4	3	TTAGGG
5	14060000	2	0	TTAGGG
5	14070000	1	2	TTAGGG
5	14080000	1	0	TTAGGG
5	14090000	3	2	TTAGGG
5	14100000	0	0	TTAGGG
5	14110000	2	3	TTAGGG
5	14120000	3	2	TTAGGG
5	14130000	0	1	TTAGGG
5	14140000	1	3	TTAGGG
5	14150000	1	1	TTAGGG
5	14160000	1	2	TTAGGG
5	14170000	1	1	TTAGGG
5	14180000	2	2	TTAGGG
5	14190000	0	1	TTAGGG
5	14200000	2	2	TTAGGG
5	14210000	1	0	TTAGGG
5	14220000	2	2	TTAGGG
5	14230000	2	2	TTAGGG
5	14240000	3	1	TTAGGG
5	14250000	3	1	TTAGGG
5	14260000	2	4	TTAGGG
5	14270000	0	1	TTAGGG
5	14280000	2	2	TTAGGG
5	14290000	0	1	TTAGGG
5	14300000	1	1	TTAGGG
5	14310000	1	0	TTAGGG
5	14320000	3	1	TTAGGG
5	14330000	1	1	TTAGGG
5	14340000	1	2	TTAGGG
5	14350000	2	2	TTAGGG
5	14360000	3	2	TTAGGG
5	14370000	1	0	TTAGGG
5	14380000	2	0	TTAGGG
5	14390000	2	2	TTAGGG
5	14400000	1	1	TTAGGG
5	14410000	1	4	TTAGGG
5	14420000	3	1	TTAGGG
5	14430000	2	0	TTAGGG
5	14440000	1	1	TTAGGG
5	14450000	1	4	TTAGGG
5	14460000	2	3	TTAGGG
5	14470000	2	2	TTAGGG
5	14480000	2	0	TTAGGG
5	14490000	1	0	TTAGGG
5	14500000	2	2	TTAGGG
5	14510000	3	2	TTAGGG
5	14520000	0	2	TTAGGG
5	14530000	0	0	TTAGGG
5	14540000	2	2	TTAGGG
5	14550000	2	3	TTAGGG
5	14560000	1	3	TTAGGG
5	14570000	0	2	TTAGGG
5	14580000	1	1	TTAGGG
5	14590000	3	0	TTAGGG
5	14600000	1	1	TTAGGG
5	14610000	1	1	TTAGGG
5	14620000	1	0	TTAGGG
5	14630000	1	1	TTAGGG
5	14640000	1	0	TTAGGG
5	14650000	0	1	TTAGGG
5	14660000	1	2	TTAGGG
5	14670000	1	1	TTAGGG
5	14680000	1	4	TTAGGG
5	14690000	0	1	TTAGGG
5	14700000	0	0	TTAGGG
5	14710000	3	4	TTAGGG
5	14720000	1	0	TTAGGG
5	14730000	0	1	TTAGGG
5	14740000	1	3	TTAGGG
5	14750000	2	0	TTAGGG
5	14760000	0	1	TTAGGG
5	14770000	1	1	TTAGGG
5	14780000	2	1	TTAGGG
5	14790000	1	0	TTAGGG
5	14800000	1	1	TTAGGG
5	14810000	2	2	TTAGGG
5	14820000	3	2	TTAGGG
5	14830000	0	1	TTAGGG
5	14840000	0	1	TTAGGG
5	14850000	1	2	TTAGGG
5	14860000	2	0	TTAGGG
5	14870000	2	1	TTAGGG
5	14880000	1	2	TTAGGG
5	14890000	3	0	TTAGGG
5	14900000	0	1	TTAGGG
5	14910000	3	2	TTAGGG
5	14920000	0	2	TTAGGG
5	14930000	2	1	TTAGGG
5	14940000	0	2	TTAGGG
5	14950000	2	0	TTAGGG
5	14960000	2	3	TTAGGG
5	14970000	0	2	TTAGGG
5	14980000	2	1	TTAGGG
5	14990000	1	3	TTAGGG
5	15000000	1	0	TTAGGG
5	15010000	1	0	TTAGGG
5	15020000	2	1	TTAGGG
5	15030000	0	2	TTAGGG
5	15040000	1	0	TTAGGG
5	15050000	4	2	TTAGGG
5	15060000	2	1	TTAGGG
5	15070000	0	2	TTAGGG
5	15080000	2	2	TTAGGG
5	15090000	2	3	TTAGGG
5	15100000	1	1	TTAGGG
5	15110000	0	1	TTAGGG
5	15120000	0	2	TTAGGG
5	15130000	1	2	TTAGGG
5	15140000	2	0	TTAGGG
5	15150000	1	4	TTAGGG
5	15160000	2	2	TTAGGG
5	15170000	2	2	TTAGGG
5	15180000	6	2	TTAGGG
5	15190000	2	1	TTAGGG
5	15200000	2	3	TTAGGG
5	15210000	2	2	TTAGGG
5	15220000	2	0	TTAGGG
5	15230000	5	3	TTAGGG
5	15240000	1	2	TTAGGG
5	15250000	3	1	TTAGGG
5	15260000	3	1	TTAGGG
5	15270000	3	0	TTAGGG
5	15280000	0	3	TTAGGG
5	15290000	0	2	TTAGGG
5	15300000	0	2	TTAGGG
5	15310000	4	2	TTAGGG
5	15320000	2	3	TTAGGG
5	15330000	1	2	TTAGGG
5	15340000	0	1	TTAGGG
5	15350000	0	0	TTAGGG
5	15360000	3	0	TTAGGG
5	15370000	1	1	TTAGGG
5	15380000	0	2	TTAGGG
5	15390000	3	1	TTAGGG
5	15400000	0	2	TTAGGG
5	15410000	4	2	TTAGGG
5	15420000	0	0	TTAGGG
5	15430000	5	0	TTAGGG
5	15440000	2	1	TTAGGG
5	15450000	2	1	TTAGGG
5	15460000	3	1	TTAGGG
5	15470000	4	1	TTAGGG
5	15480000	1	1	TTAGGG
5	15490000	3	1	TTAGGG
5	15500000	3	1	TTAGGG
5	15510000	3	1	TTAGGG
5	15520000	1	5	TTAGGG
5	15530000	1	0	TTAGGG
5	15540000	0	0	TTAGGG
5	15550000	1	0	TTAGGG
5	15560000	2	3	TTAGGG
5	15570000	1	1	TTAGGG
5	15580000	2	1	TTAGGG
5	15590000	0	1	TTAGGG
5	15600000	3	7	TTAGGG
5	15610000	0	0	TTAGGG
5	15620000	1	1	TTAGGG
5	15630000	1	0	TTAGGG
5	15640000	2	3	TTAGGG
5	15650000	0	0	TTAGGG
5	15660000	3	1	TTAGGG
5	15670000	2	0	TTAGGG
5	15680000	2	3	TTAGGG
5	15690000	1	1	TTAGGG
5	15700000	1	3	TTAGGG
5	15710000	1	1	TTAGGG
5	15720000	0	0	TTAGGG
5	15730000	3	0	TTAGGG
5	15740000	1	2	TTAGGG
5	15750000	2	4	TTAGGG
5	15760000	1	1	TTAGGG
5	15770000	0	0	TTAGGG
5	15780000	4	2	TTAGGG
5	15790000	0	1	TTAGGG
5	15800000	3	0	TTAGGG
5	15810000	2	1	TTAGGG
5	15820000	1	1	TTAGGG
5	15830000	2	0	TTAGGG
5	15840000	0	0	TTAGGG
5	15850000	2	5	TTAGGG
5	15860000	1	0	TTAGGG
5	15870000	0	1	TTAGGG
5	15880000	0	2	TTAGGG
5	15890000	3	0	TTAGGG
5	15900000	2	2	TTAGGG
5	15910000	0	2	TTAGGG
5	15920000	1	1	TTAGGG
5	15930000	2	0	TTAGGG
5	15940000	2	1	TTAGGG
5	15950000	0	1	TTAGGG
5	15960000	3	0	TTAGGG
5	15970000	0	0	TTAGGG
5	15980000	2	0	TTAGGG
5	15990000	0	1	TTAGGG
5	16000000	3	1	TTAGGG
5	16010000	2	1	TTAGGG
5	16020000	2	1	TTAGGG
5	16030000	1	1	TTAGGG
5	16040000	2	1	TTAGGG
5	16050000	0	2	TTAGGG
5	16060000	4	0	TTAGGG
5	16070000	1	3	TTAGGG
5	16080000	3	0	TTAGGG
5	16090000	0	0	TTAGGG
5	16100000	2	3	TTAGGG
5	16110000	1	1	TTAGGG
5	16120000	0	1	TTAGGG
5	16130000	5	2	TTAGGG
5	16140000	3	3	TTAGGG
5	16150000	1	1	TTAGGG
5	16160000	4	4	TTAGGG
5	16170000	1	2	TTAGGG
5	16180000	3	0	TTAGGG
5	16190000	4	1	TTAGGG
5	16200000	2	3	TTAGGG
5	16210000	2	2	TTAGGG
5	16220000	3	4	TTAGGG
5	16230000	0	2	TTAGGG
5	16240000	2	0	TTAGGG
5	16250000	1	2	TTAGGG
5	16260000	1	3	TTAGGG
5	16270000	4	4	TTAGGG
5	16280000	1	2	TTAGGG
5	16290000	0	1	TTAGGG
5	16300000	1	2	TTAGGG
5	16310000	1	2	TTAGGG
5	16320000	1	2	TTAGGG
5	16330000	1	1	TTAGGG
5	16340000	2	1	TTAGGG
5	16350000	0	3	TTAGGG
5	16360000	3	1	TTAGGG
5	16370000	1	1	TTAGGG
5	16380000	0	5	TTAGGG
5	16390000	3	3	TTAGGG
5	16400000	1	3	TTAGGG
5	16410000	2	5	TTAGGG
5	16420000	3	0	TTAGGG
5	16430000	0	1	TTAGGG
5	16440000	0	2	TTAGGG
5	16450000	1	0	TTAGGG
5	16460000	1	1	TTAGGG
5	16470000	2	2	TTAGGG
5	16480000	0	3	TTAGGG
5	16490000	1	1	TTAGGG
5	16500000	2	0	TTAGGG
5	16510000	2	0	TTAGGG
5	16520000	1	1	TTAGGG
5	16530000	3	1	TTAGGG
5	16540000	2	2	TTAGGG
5	16550000	1	2	TTAGGG
5	16560000	3	0	TTAGGG
5	16570000	0	2	TTAGGG
5	16580000	2	0	TTAGGG
5	16590000	0	2	TTAGGG
5	16600000	2	1	TTAGGG
5	16610000	0	2	TTAGGG
5	16620000	1	3	TTAGGG
5	16630000	3	2	TTAGGG
5	16640000	2	0	TTAGGG
5	16650000	2	2	TTAGGG
5	16660000	4	0	TTAGGG
5	16670000	0	0	TTAGGG
5	16680000	3	2	TTAGGG
5	16690000	2	1	TTAGGG
5	16700000	2	2	TTAGGG
5	16710000	1	0	TTAGGG
5	16720000	0	2	TTAGGG
5	16730000	2	1	TTAGGG
5	16740000	1	2	TTAGGG
5	16750000	2	1	TTAGGG
5	16760000	0	3	TTAGGG
5	16770000	1	3	TTAGGG
5	16780000	1	4	TTAGGG
5	16790000	1	2	TTAGGG
5	16800000	5	3	TTAGGG
5	16810000	1	4	TTAGGG
5	16820000	6	4	TTAGGG
5	16830000	2	3	TTAGGG
5	16840000	0	3	TTAGGG
5	16850000	0	2	TTAGGG
5	16860000	3	3	TTAGGG
5	16870000	1	1	TTAGGG
5	16880000	1	1	TTAGGG
5	16890000	1	4	TTAGGG
5	16900000	1	2	TTAGGG
5	16910000	0	6	TTAGGG
5	16920000	3	1	TTAGGG
5	16930000	0	2	TTAGGG
5	16940000	0	1	TTAGGG
5	16950000	1	4	TTAGGG
5	16960000	1	0	TTAGGG
5	16970000	2	2	TTAGGG
5	16980000	1	2	TTAGGG
5	16990000	3	0	TTAGGG
5	17000000	4	1	TTAGGG
5	17010000	2	1	TTAGGG
5	17020000	1	0	TTAGGG
5	17030000	1	1	TTAGGG
5	17040000	1	3	TTAGGG
5	17050000	3	0	TTAGGG
5	17060000	1	1	TTAGGG
5	17070000	2	0	TTAGGG
5	17080000	2	0	TTAGGG
5	17090000	1	2	TTAGGG
5	17100000	1	0	TTAGGG
5	17110000	1	0	TTAGGG
5	17120000	3	0	TTAGGG
5	17130000	2	0	TTAGGG
5	17140000	1	1	TTAGGG
5	17150000	2	1	TTAGGG
5	17160000	1	1	TTAGGG
5	17170000	0	1	TTAGGG
5	17180000	1	2	TTAGGG
5	17190000	3	1	TTAGGG
5	17200000	1	0	TTAGGG
5	17210000	1	2	TTAGGG
5	17220000	2	0	TTAGGG
5	17230000	2	3	TTAGGG
5	17240000	0	2	TTAGGG
5	17250000	2	2	TTAGGG
5	17260000	2	1	TTAGGG
5	17270000	0	0	TTAGGG
5	17280000	2	1	TTAGGG
5	17290000	2	4	TTAGGG
5	17300000	0	0	TTAGGG
5	17310000	3	2	TTAGGG
5	17320000	5	2	TTAGGG
5	17330000	5	0	TTAGGG
5	17340000	0	1	TTAGGG
5	17350000	0	0	TTAGGG
5	17360000	0	0	TTAGGG
5	17370000	2	1	TTAGGG
5	17380000	0	2	TTAGGG
5	17390000	0	2	TTAGGG
5	17400000	2	1	TTAGGG
5	17410000	1	3	TTAGGG
5	17420000	1	3	TTAGGG
5	17430000	0	4	TTAGGG
5	17440000	2	1	TTAGGG
5	17450000	2	0	TTAGGG
5	17460000	1	1	TTAGGG
5	17470000	1	0	TTAGGG
5	17480000	0	4	TTAGGG
5	17490000	2	1	TTAGGG
5	17500000	1	1	TTAGGG
5	17510000	0	0	TTAGGG
5	17520000	2	3	TTAGGG
5	17530000	1	1	TTAGGG
5	17540000	0	2	TTAGGG
5	17550000	2	1	TTAGGG
5	17560000	2	2	TTAGGG
5	17570000	0	1	TTAGGG
5	17580000	2	3	TTAGGG
5	17590000	3	1	TTAGGG
5	17600000	2	2	TTAGGG
5	17610000	2	0	TTAGGG
5	17620000	3	3	TTAGGG
5	17630000	7	5	TTAGGG
5	17640000	1	1	TTAGGG
5	17650000	1	1	TTAGGG
5	17660000	3	0	TTAGGG
5	17670000	1	1	TTAGGG
5	17680000	5	3	TTAGGG
5	17690000	2	1	TTAGGG
5	17700000	2	0	TTAGGG
5	17710000	0	5	TTAGGG
5	17720000	1	2	TTAGGG
5	17730000	0	4	TTAGGG
5	17740000	1	1	TTAGGG
5	17750000	3	0	TTAGGG
5	17760000	5	3	TTAGGG
5	17770000	4	1	TTAGGG
5	17780000	0	1	TTAGGG
5	17790000	5	2	TTAGGG
5	17800000	3	0	TTAGGG
5	17810000	3	0	TTAGGG
5	17820000	1	0	TTAGGG
5	17830000	3	1	TTAGGG
5	17840000	3	1	TTAGGG
5	17850000	2	0	TTAGGG
5	17860000	2	1	TTAGGG
5	17870000	2	0	TTAGGG
5	17880000	3	0	TTAGGG
5	17890000	2	2	TTAGGG
5	17900000	0	1	TTAGGG
5	17910000	1	1	TTAGGG
5	17920000	0	2	TTAGGG
5	17930000	1	1	TTAGGG
5	17940000	4	1	TTAGGG
5	17950000	0	1	TTAGGG
5	17960000	1	0	TTAGGG
5	17970000	1	4	TTAGGG
5	17980000	3	5	TTAGGG
5	17990000	0	1	TTAGGG
5	18000000	1	1	TTAGGG
5	18010000	0	0	TTAGGG
5	18020000	1	3	TTAGGG
5	18030000	3	0	TTAGGG
5	18040000	0	2	TTAGGG
5	18050000	1	1	TTAGGG
5	18060000	0	1	TTAGGG
5	18070000	2	1	TTAGGG
5	18080000	3	0	TTAGGG
5	18090000	2	0	TTAGGG
5	18100000	1	1	TTAGGG
5	18110000	0	0	TTAGGG
5	18120000	4	0	TTAGGG
5	18130000	14	0	TTAGGG
5	18140000	14	0	TTAGGG
5	18150000	14	0	TTAGGG
5	18160000	14	0	TTAGGG
5	18170000	14	0	TTAGGG
5	18180000	14	0	TTAGGG
5	18190000	10	0	TTAGGG
5	18200000	4	1	TTAGGG
5	18210000	0	1	TTAGGG
5	18220000	1	1	TTAGGG
5	18230000	0	1	TTAGGG
5	18240000	0	2	TTAGGG
5	18250000	3	2	TTAGGG
5	18260000	5	1	TTAGGG
5	18270000	3	1	TTAGGG
5	18280000	1	1	TTAGGG
5	18290000	0	3	TTAGGG
5	18300000	1	1	TTAGGG
5	18310000	2	1	TTAGGG
5	18320000	2	4	TTAGGG
5	18330000	1	2	TTAGGG
5	18340000	1	1	TTAGGG
5	18350000	3	2	TTAGGG
5	18360000	2	1	TTAGGG
5	18370000	4	0	TTAGGG
5	18380000	1	5	TTAGGG
5	18390000	1	4	TTAGGG
5	18400000	1	4	TTAGGG
5	18410000	3	2	TTAGGG
5	18420000	2	2	TTAGGG
5	18430000	0	2	TTAGGG
5	18440000	3	1	TTAGGG
5	18450000	2	0	TTAGGG
5	18460000	1	2	TTAGGG
5	18470000	0	0	TTAGGG
5	18480000	0	0	TTAGGG
5	18490000	0	0	TTAGGG
5	18500000	0	0	TTAGGG
5	18510000	0	0	TTAGGG
5	18520000	0	0	TTAGGG
5	18530000	0	0	TTAGGG
5	18540000	0	0	TTAGGG
5	18550000	0	0	TTAGGG
5	18560000	0	0	TTAGGG
5	18570000	0	0	TTAGGG
5	18580000	0	0	TTAGGG
5	18590000	0	0	TTAGGG
5	18600000	0	0	TTAGGG
5	18610000	2	2	TTAGGG
5	18620000	2	2	TTAGGG
5	18630000	3	1	TTAGGG
5	18640000	1	0	TTAGGG
5	18650000	1	1	TTAGGG
5	18660000	1	3	TTAGGG
5	18670000	5	0	TTAGGG
5	18680000	2	2	TTAGGG
5	18690000	3	0	TTAGGG
5	18700000	2	5	TTAGGG
5	18710000	0	4	TTAGGG
5	18720000	4	0	TTAGGG
5	18730000	2	0	TTAGGG
5	18740000	2	1	TTAGGG
5	18750000	4	1	TTAGGG
5	18760000	1	2	TTAGGG
5	18770000	2	0	TTAGGG
5	18780000	0	0	TTAGGG
5	18790000	1	2	TTAGGG
5	18800000	2	1	TTAGGG
5	18810000	1	3	TTAGGG
5	18820000	1	1	TTAGGG
5	18830000	1	1	TTAGGG
5	18840000	0	3	TTAGGG
5	18850000	4	3	TTAGGG
5	18860000	1	1	TTAGGG
5	18870000	3	2	TTAGGG
5	18880000	3	0	TTAGGG
5	18890000	3	2	TTAGGG
5	18900000	0	0	TTAGGG
5	18910000	0	3	TTAGGG
5	18920000	1	3	TTAGGG
5	18930000	1	3	TTAGGG
5	18940000	2	2	TTAGGG
5	18950000	4	1	TTAGGG
5	18960000	1	2	TTAGGG
5	18970000	1	1	TTAGGG
5	18980000	1	0	TTAGGG
5	18990000	2	1	TTAGGG
5	19000000	2	1	TTAGGG
5	19010000	2	1	TTAGGG
5	19020000	0	2	TTAGGG
5	19030000	1	2	TTAGGG
5	19040000	1	0	TTAGGG
5	19050000	0	4	TTAGGG
5	19060000	3	2	TTAGGG
5	19070000	2	0	TTAGGG
5	19080000	1	2	TTAGGG
5	19090000	1	2	TTAGGG
5	19100000	3	2	TTAGGG
5	19110000	3	2	TTAGGG
5	19120000	1	1	TTAGGG
5	19130000	0	1	TTAGGG
5	19140000	1	0	TTAGGG
5	19150000	1	1	TTAGGG
5	19160000	1	1	TTAGGG
5	19170000	1	3	TTAGGG
5	19180000	0	5	TTAGGG
5	19190000	0	3	TTAGGG
5	19200000	0	0	TTAGGG
5	19210000	1	2	TTAGGG
5	19220000	0	1	TTAGGG
5	19230000	1	1	TTAGGG
5	19240000	0	2	TTAGGG
5	19250000	1	3	TTAGGG
5	19260000	2	2	TTAGGG
5	19270000	0	0	TTAGGG
5	19280000	0	1	TTAGGG
5	19290000	0	1	TTAGGG
5	19300000	4	2	TTAGGG
5	19310000	1	1	TTAGGG
5	19320000	0	0	TTAGGG
5	19330000	2	0	TTAGGG
5	19340000	0	1	TTAGGG
5	19350000	1	0	TTAGGG
5	19360000	4	1	TTAGGG
5	19370000	2	0	TTAGGG
5	19380000	2	2	TTAGGG
5	19390000	1	1	TTAGGG
5	19400000	0	5	TTAGGG
5	19410000	1	1	TTAGGG
5	19420000	2	1	TTAGGG
5	19430000	2	2	TTAGGG
5	19440000	1	0	TTAGGG
5	19450000	1	0	TTAGGG
5	19460000	3	2	TTAGGG
5	19470000	2	0	TTAGGG
5	19480000	2	1	TTAGGG
5	19490000	3	1	TTAGGG
5	19500000	1	1	TTAGGG
5	19510000	1	2	TTAGGG
5	19520000	2	1	TTAGGG
5	19530000	3	0	TTAGGG
5	19540000	3	1	TTAGGG
5	19550000	1	4	TTAGGG
5	19560000	2	1	TTAGGG
5	19570000	0	4	TTAGGG
5	19580000	1	0	TTAGGG
5	19590000	3	0	TTAGGG
5	19600000	2	2	TTAGGG
5	19610000	1	2	TTAGGG
5	19620000	0	2	TTAGGG
5	19630000	0	0	TTAGGG
5	19640000	0	0	TTAGGG
5	19650000	0	0	TTAGGG
5	19660000	0	0	TTAGGG
5	19670000	0	0	TTAGGG
5	19680000	2	0	TTAGGG
5	19690000	1	4	TTAGGG
5	19700000	4	2	TTAGGG
5	19710000	1	1	TTAGGG
5	19720000	1	1	TTAGGG
5	19730000	0	5	TTAGGG
5	19740000	3	1	TTAGGG
5	19750000	0	2	TTAGGG
5	19760000	0	1	TTAGGG
5	19770000	1	3	TTAGGG
5	19780000	3	2	TTAGGG
5	19790000	1	1	TTAGGG
5	19800000	0	2	TTAGGG
5	19810000	1	1	TTAGGG
5	19820000	5	0	TTAGGG
5	19830000	1	2	TTAGGG
5	19840000	0	2	TTAGGG
5	19850000	1	1	TTAGGG
5	19860000	0	3	TTAGGG
5	19870000	2	2	TTAGGG
5	19880000	0	0	TTAGGG
5	19890000	4	1	TTAGGG
5	19900000	2	1	TTAGGG
5	19910000	0	0	TTAGGG
5	19920000	1	1	TTAGGG
5	19930000	1	1	TTAGGG
5	19940000	1	2	TTAGGG
5	19950000	5	0	TTAGGG
5	19960000	3	2	TTAGGG
5	19970000	0	0	TTAGGG
5	19980000	1	2	TTAGGG
5	19990000	0	1	TTAGGG
5	20000000	1	0	TTAGGG
5	20010000	1	2	TTAGGG
5	20020000	1	1	TTAGGG
5	20030000	2	6	TTAGGG
5	20040000	0	1	TTAGGG
5	20050000	1	0	TTAGGG
5	20060000	1	6	TTAGGG
5	20070000	0	3	TTAGGG
5	20080000	4	3	TTAGGG
5	20090000	3	1	TTAGGG
5	20100000	1	0	TTAGGG
5	20110000	1	2	TTAGGG
5	20120000	0	0	TTAGGG
5	20130000	1	2	TTAGGG
5	20140000	1	1	TTAGGG
5	20150000	1	3	TTAGGG
5	20160000	1	1	TTAGGG
5	20170000	3	1	TTAGGG
5	20180000	0	2	TTAGGG
5	20190000	3	1	TTAGGG
5	20200000	0	2	TTAGGG
5	20210000	0	0	TTAGGG
5	20220000	0	2	TTAGGG
5	20230000	2	0	TTAGGG
5	20240000	2	0	TTAGGG
5	20250000	1	1	TTAGGG
5	20260000	2	1	TTAGGG
5	20270000	3	2	TTAGGG
5	20280000	0	0	TTAGGG
5	20290000	1	2	TTAGGG
5	20300000	0	1	TTAGGG
5	20310000	1	2	TTAGGG
5	20320000	1	0	TTAGGG
5	20330000	1	1	TTAGGG
5	20340000	1	3	TTAGGG
5	20350000	2	1	TTAGGG
5	20360000	1	1	TTAGGG
5	20370000	3	0	TTAGGG
5	20380000	3	1	TTAGGG
5	20390000	1	3	TTAGGG
5	20400000	3	2	TTAGGG
5	20410000	1	1	TTAGGG
5	20420000	0	1	TTAGGG
5	20430000	2	1	TTAGGG
5	20440000	2	4	TTAGGG
5	20450000	1	0	TTAGGG
5	20460000	1	1	TTAGGG
5	20470000	1	3	TTAGGG
5	20480000	2	1	TTAGGG
5	20490000	3	3	TTAGGG
5	20500000	0	2	TTAGGG
5	20510000	4	1	TTAGGG
5	20520000	4	1	TTAGGG
5	20530000	0	1	TTAGGG
5	20540000	3	0	TTAGGG
5	20550000	2	2	TTAGGG
5	20560000	0	1	TTAGGG
5	20570000	2	0	TTAGGG
5	20580000	2	0	TTAGGG
5	20590000	4	0	TTAGGG
5	20600000	2	2	TTAGGG
5	20610000	1	2	TTAGGG
5	20620000	3	1	TTAGGG
5	20630000	1	1	TTAGGG
5	20640000	1	1	TTAGGG
5	20650000	1	5	TTAGGG
5	20660000	0	0	TTAGGG
5	20670000	1	2	TTAGGG
5	20680000	1	0	TTAGGG
5	20690000	1	4	TTAGGG
5	20700000	1	1	TTAGGG
5	20710000	3	4	TTAGGG
5	20720000	1	2	TTAGGG
5	20730000	2	2	TTAGGG
5	20740000	2	0	TTAGGG
5	20750000	0	2	TTAGGG
5	20760000	0	1	TTAGGG
5	20770000	1	1	TTAGGG
5	20780000	1	0	TTAGGG
5	20790000	3	1	TTAGGG
5	20800000	0	1	TTAGGG
5	20810000	0	2	TTAGGG
5	20820000	1	2	TTAGGG
5	20830000	1	1	TTAGGG
5	20840000	3	1	TTAGGG
5	20850000	1	3	TTAGGG
5	20860000	2	1	TTAGGG
5	20870000	1	1	TTAGGG
5	20880000	1	2	TTAGGG
5	20890000	2	0	TTAGGG
5	20900000	0	2	TTAGGG
5	20910000	4	1	TTAGGG
5	20920000	2	0	TTAGGG
5	20930000	0	2	TTAGGG
5	20940000	0	2	TTAGGG
5	20950000	2	2	TTAGGG
5	20960000	0	4	TTAGGG
5	20970000	3	2	TTAGGG
5	20980000	0	4	TTAGGG
5	20990000	1	0	TTAGGG
5	21000000	0	2	TTAGGG
5	21010000	3	0	TTAGGG
5	21020000	2	2	TTAGGG
5	21030000	1	1	TTAGGG
5	21040000	1	1	TTAGGG
5	21050000	0	0	TTAGGG
5	21060000	3	2	TTAGGG
5	21070000	2	4	TTAGGG
5	21080000	3	1	TTAGGG
5	21090000	1	0	TTAGGG
5	21100000	1	1	TTAGGG
5	21110000	1	0	TTAGGG
5	21120000	3	2	TTAGGG
5	21130000	0	2	TTAGGG
5	21140000	1	0	TTAGGG
5	21150000	1	6	TTAGGG
5	21160000	1	1	TTAGGG
5	21170000	1	5	TTAGGG
5	21180000	1	0	TTAGGG
5	21190000	5	2	TTAGGG
5	21200000	0	6	TTAGGG
5	21210000	0	2	TTAGGG
5	21220000	2	0	TTAGGG
5	21230000	4	1	TTAGGG
5	21240000	4	3	TTAGGG
5	21250000	2	0	TTAGGG
5	21260000	2	0	TTAGGG
5	21270000	1	0	TTAGGG
5	21280000	1	0	TTAGGG
5	21290000	1	2	TTAGGG
5	21300000	2	3	TTAGGG
5	21310000	1	0	TTAGGG
5	21320000	2	1	TTAGGG
5	21330000	0	4	TTAGGG
5	21340000	2	0	TTAGGG
5	21350000	3	3	TTAGGG
5	21360000	3	3	TTAGGG
5	21370000	1	1	TTAGGG
5	21380000	3	0	TTAGGG
5	21390000	1	2	TTAGGG
5	21400000	3	1	TTAGGG
5	21410000	3	1	TTAGGG
5	21420000	2	0	TTAGGG
5	21430000	0	1	TTAGGG
5	21440000	2	1	TTAGGG
5	21450000	3	4	TTAGGG
5	21460000	0	1	TTAGGG
5	21470000	0	3	TTAGGG
5	21480000	0	2	TTAGGG
5	21490000	1	2	TTAGGG
5	21500000	2	2	TTAGGG
5	21510000	5	2	TTAGGG
5	21520000	2	0	TTAGGG
5	21530000	2	1	TTAGGG
5	21540000	1	1	TTAGGG
5	21550000	2	2	TTAGGG
5	21560000	4	1	TTAGGG
5	21570000	2	2	TTAGGG
5	21580000	4	2	TTAGGG
5	21590000	1	1	TTAGGG
5	21600000	2	0	TTAGGG
5	21610000	1	3	TTAGGG
5	21620000	1	5	TTAGGG
5	21630000	1	1	TTAGGG
5	21640000	2	5	TTAGGG
5	21650000	3	3	TTAGGG
5	21660000	1	2	TTAGGG
5	21670000	3	1	TTAGGG
5	21680000	0	0	TTAGGG
5	21690000	1	1	TTAGGG
5	21700000	0	0	TTAGGG
5	21710000	5	5	TTAGGG
5	21720000	1	1	TTAGGG
5	21730000	1	2	TTAGGG
5	21740000	0	1	TTAGGG
5	21750000	0	2	TTAGGG
5	21760000	0	2	TTAGGG
5	21770000	1	5	TTAGGG
5	21780000	0	2	TTAGGG
5	21790000	3	0	TTAGGG
5	21800000	1	2	TTAGGG
5	21810000	2	0	TTAGGG
5	21820000	2	1	TTAGGG
5	21830000	2	2	TTAGGG
5	21840000	1	1	TTAGGG
5	21850000	2	3	TTAGGG
5	21860000	3	2	TTAGGG
5	21870000	3	3	TTAGGG
5	21880000	1	1	TTAGGG
5	21890000	0	2	TTAGGG
5	21900000	0	2	TTAGGG
5	21910000	0	2	TTAGGG
5	21920000	1	5	TTAGGG
5	21930000	3	2	TTAGGG
5	21940000	1	2	TTAGGG
5	21950000	0	0	TTAGGG
5	21960000	3	2	TTAGGG
5	21970000	1	0	TTAGGG
5	21980000	0	2	TTAGGG
5	21990000	0	0	TTAGGG
5	22000000	0	2	TTAGGG
5	22010000	2	1	TTAGGG
5	22020000	2	1	TTAGGG
5	22030000	2	2	TTAGGG
5	22040000	1	0	TTAGGG
5	22050000	1	1	TTAGGG
5	22060000	3	0	TTAGGG
5	22070000	1	0	TTAGGG
5	22080000	1	0	TTAGGG
5	22090000	4	2	TTAGGG
5	22100000	3	0	TTAGGG
5	22110000	3	2	TTAGGG
5	22120000	3	2	TTAGGG
5	22130000	2	1	TTAGGG
5	22140000	2	0	TTAGGG
5	22150000	1	4	TTAGGG
5	22160000	5	3	TTAGGG
5	22170000	0	1	TTAGGG
5	22180000	0	2	TTAGGG
5	22190000	2	2	TTAGGG
5	22200000	0	2	TTAGGG
5	22210000	2	3	TTAGGG
5	22220000	1	2	TTAGGG
5	22230000	0	3	TTAGGG
5	22240000	3	1	TTAGGG
5	22250000	2	1	TTAGGG
5	22260000	1	0	TTAGGG
5	22270000	2	0	TTAGGG
5	22280000	0	1	TTAGGG
5	22290000	5	0	TTAGGG
5	22300000	1	0	TTAGGG
5	22310000	1	2	TTAGGG
5	22320000	2	0	TTAGGG
5	22330000	0	4	TTAGGG
5	22340000	1	3	TTAGGG
5	22350000	2	2	TTAGGG
5	22360000	2	2	TTAGGG
5	22370000	0	1	TTAGGG
5	22380000	0	0	TTAGGG
5	22390000	2	2	TTAGGG
5	22400000	2	2	TTAGGG
5	22410000	1	0	TTAGGG
5	22420000	2	0	TTAGGG
5	22430000	0	1	TTAGGG
5	22440000	1	0	TTAGGG
5	22450000	1	2	TTAGGG
5	22460000	4	1	TTAGGG
5	22470000	2	0	TTAGGG
5	22480000	1	0	TTAGGG
5	22490000	1	2	TTAGGG
5	22500000	0	2	TTAGGG
5	22510000	0	3	TTAGGG
5	22520000	1	0	TTAGGG
5	22530000	3	1	TTAGGG
5	22540000	4	1	TTAGGG
5	22550000	1	0	TTAGGG
5	22560000	0	2	TTAGGG
5	22570000	1	1	TTAGGG
5	22580000	4	2	TTAGGG
5	22590000	0	0	TTAGGG
5	22600000	0	2	TTAGGG
5	22610000	1	2	TTAGGG
5	22620000	4	3	TTAGGG
5	22630000	0	3	TTAGGG
5	22640000	2	2	TTAGGG
5	22650000	1	1	TTAGGG
5	22660000	2	0	TTAGGG
5	22670000	2	1	TTAGGG
5	22680000	0	2	TTAGGG
5	22690000	2	2	TTAGGG
5	22700000	1	3	TTAGGG
5	22710000	4	0	TTAGGG
5	22720000	3	1	TTAGGG
5	22730000	2	0	TTAGGG
5	22740000	1	0	TTAGGG
5	22750000	1	0	TTAGGG
5	22760000	2	1	TTAGGG
5	22770000	1	0	TTAGGG
5	22780000	4	2	TTAGGG
5	22790000	2	2	TTAGGG
5	22800000	4	0	TTAGGG
5	22810000	3	2	TTAGGG
5	22820000	3	3	TTAGGG
5	22830000	2	2	TTAGGG
5	22840000	1	3	TTAGGG
5	22850000	0	1	TTAGGG
5	22860000	1	3	TTAGGG
5	22870000	3	4	TTAGGG
5	22880000	2	2	TTAGGG
5	22890000	3	2	TTAGGG
5	22900000	1	3	TTAGGG
5	22910000	1	1	TTAGGG
5	22920000	1	0	TTAGGG
5	22930000	2	2	TTAGGG
5	22940000	1	0	TTAGGG
5	22950000	1	3	TTAGGG
5	22960000	3	2	TTAGGG
5	22970000	0	0	TTAGGG
5	22980000	2	1	TTAGGG
5	22990000	3	2	TTAGGG
5	23000000	2	3	TTAGGG
5	23010000	1	2	TTAGGG
5	23020000	3	0	TTAGGG
5	23030000	2	1	TTAGGG
5	23040000	2	1	TTAGGG
5	23050000	1	0	TTAGGG
5	23060000	1	3	TTAGGG
5	23070000	0	3	TTAGGG
5	23080000	3	1	TTAGGG
5	23090000	0	1	TTAGGG
5	23100000	3	1	TTAGGG
5	23110000	2	3	TTAGGG
5	23120000	3	9	TTAGGG
5	23130000	3	3	TTAGGG
5	23140000	3	1	TTAGGG
5	23150000	3	2	TTAGGG
5	23160000	3	0	TTAGGG
5	23170000	3	2	TTAGGG
5	23180000	2	1	TTAGGG
5	23190000	0	0	TTAGGG
5	23200000	2	4	TTAGGG
5	23210000	1	1	TTAGGG
5	23220000	0	0	TTAGGG
5	23230000	3	2	TTAGGG
5	23240000	0	1	TTAGGG
5	23250000	0	1	TTAGGG
5	23260000	1	3	TTAGGG
5	23270000	3	1	TTAGGG
5	23280000	0	2	TTAGGG
5	23290000	1	2	TTAGGG
5	23300000	0	2	TTAGGG
5	23310000	1	0	TTAGGG
5	23320000	1	1	TTAGGG
5	23330000	1	2	TTAGGG
5	23340000	3	0	TTAGGG
5	23350000	1	1	TTAGGG
5	23360000	1	2	TTAGGG
5	23370000	3	0	TTAGGG
5	23380000	2	1	TTAGGG
5	23390000	2	1	TTAGGG
5	23400000	2	3	TTAGGG
5	23410000	1	3	TTAGGG
5	23420000	0	0	TTAGGG
5	23430000	0	1	TTAGGG
5	23440000	1	4	TTAGGG
5	23450000	1	4	TTAGGG
5	23460000	1	1	TTAGGG
5	23470000	2	1	TTAGGG
5	23480000	1	2	TTAGGG
5	23490000	2	1	TTAGGG
5	23500000	1	2	TTAGGG
5	23510000	2	1	TTAGGG
5	23520000	1	2	TTAGGG
5	23530000	1	1	TTAGGG
5	23540000	2	2	TTAGGG
5	23550000	1	1	TTAGGG
5	23560000	2	2	TTAGGG
5	23570000	1	1	TTAGGG
5	23580000	2	1	TTAGGG
5	23590000	1	2	TTAGGG
5	23600000	1	1	TTAGGG
5	23610000	2	2	TTAGGG
5	23620000	1	1	TTAGGG
5	23630000	2	2	TTAGGG
5	23640000	1	1	TTAGGG
5	23650000	3	1	TTAGGG
5	23660000	6	0	TTAGGG
5	23670000	2	1	TTAGGG
5	23680000	1	3	TTAGGG
5	23690000	3	1	TTAGGG
5	23700000	2	1	TTAGGG
5	23710000	2	0	TTAGGG
5	23720000	1	1	TTAGGG
5	23730000	2	2	TTAGGG
5	23740000	2	4	TTAGGG
5	23750000	0	3	TTAGGG
5	23760000	0	0	TTAGGG
5	23770000	1	2	TTAGGG
5	23780000	0	0	TTAGGG
5	23790000	2	2	TTAGGG
5	23800000	1	1	TTAGGG
5	23810000	1	1	TTAGGG
5	23820000	0	1	TTAGGG
5	23830000	2	2	TTAGGG
5	23840000	2	1	TTAGGG
5	23850000	3	1	TTAGGG
5	23860000	1	0	TTAGGG
5	23870000	2	0	TTAGGG
5	23880000	3	2	TTAGGG
5	23890000	1	2	TTAGGG
5	23900000	2	1	TTAGGG
5	23910000	2	1	TTAGGG
5	23920000	2	1	TTAGGG
5	23930000	2	6	TTAGGG
5	23940000	0	2	TTAGGG
5	23950000	2	3	TTAGGG
5	23960000	3	3	TTAGGG
5	23970000	1	0	TTAGGG
5	23980000	1	1	TTAGGG
5	23990000	0	2	TTAGGG
5	24000000	3	0	TTAGGG
5	24010000	2	0	TTAGGG
5	24020000	1	1	TTAGGG
5	24030000	3	2	TTAGGG
5	24040000	4	2	TTAGGG
5	24050000	2	2	TTAGGG
5	24060000	2	1	TTAGGG
5	24070000	2	1	TTAGGG
5	24080000	1	0	TTAGGG
5	24090000	2	0	TTAGGG
5	24100000	2	2	TTAGGG
5	24110000	3	2	TTAGGG
5	24120000	3	2	TTAGGG
5	24130000	1	3	TTAGGG
5	24140000	3	2	TTAGGG
5	24150000	0	2	TTAGGG
5	24160000	1	1	TTAGGG
5	24170000	1	0	TTAGGG
5	24180000	2	2	TTAGGG
5	24190000	0	0	TTAGGG
5	24200000	2	0	TTAGGG
5	24210000	3	3	TTAGGG
5	24220000	1	3	TTAGGG
5	24230000	3	0	TTAGGG
5	24240000	2	2	TTAGGG
5	24250000	2	0	TTAGGG
5	24260000	1	1	TTAGGG
5	24270000	0	3	TTAGGG
5	24280000	2	0	TTAGGG
5	24290000	1	0	TTAGGG
5	24300000	0	0	TTAGGG
5	24310000	0	1	TTAGGG
5	24320000	2	1	TTAGGG
5	24330000	1	0	TTAGGG
5	24340000	0	2	TTAGGG
5	24350000	1	0	TTAGGG
5	24360000	0	2	TTAGGG
5	24370000	2	1	TTAGGG
5	24380000	1	4	TTAGGG
5	24390000	1	2	TTAGGG
5	24400000	3	2	TTAGGG
5	24410000	2	0	TTAGGG
5	24420000	1	2	TTAGGG
5	24430000	2	0	TTAGGG
5	24440000	3	7	TTAGGG
5	24450000	3	3	TTAGGG
5	24460000	2	1	TTAGGG
5	24470000	3	2	TTAGGG
5	24480000	3	0	TTAGGG
5	24490000	0	3	TTAGGG
5	24500000	3	1	TTAGGG
5	24510000	1	0	TTAGGG
5	24520000	1	2	TTAGGG
5	24530000	2	1	TTAGGG
5	24540000	0	1	TTAGGG
5	24550000	2	1	TTAGGG
5	24560000	3	0	TTAGGG
5	24570000	1	2	TTAGGG
5	24580000	1	1	TTAGGG
5	24590000	1	0	TTAGGG
5	24600000	0	3	TTAGGG
5	24610000	2	1	TTAGGG
5	24620000	0	4	TTAGGG
5	24630000	0	1	TTAGGG
5	24640000	3	4	TTAGGG
5	24650000	0	0	TTAGGG
5	24660000	1	1	TTAGGG
5	24670000	2	1	TTAGGG
5	24680000	1	3	TTAGGG
5	24690000	3	2	TTAGGG
5	24700000	3	2	TTAGGG
5	24710000	0	3	TTAGGG
5	24720000	1	2	TTAGGG
5	24730000	2	3	TTAGGG
5	24740000	0	2	TTAGGG
5	24750000	1	2	TTAGGG
5	24760000	2	1	TTAGGG
5	24770000	0	0	TTAGGG
5	24780000	2	1	TTAGGG
5	24790000	1	2	TTAGGG
5	24800000	2	3	TTAGGG
5	24810000	0	1	TTAGGG
5	24820000	2	1	TTAGGG
5	24830000	2	2	TTAGGG
5	24840000	3	0	TTAGGG
5	24850000	2	0	TTAGGG
5	24860000	2	1	TTAGGG
5	24870000	1	1	TTAGGG
5	24880000	3	1	TTAGGG
5	24890000	2	1	TTAGGG
5	24900000	1	4	TTAGGG
5	24910000	2	1	TTAGGG
5	24920000	2	2	TTAGGG
5	24930000	3	1	TTAGGG
5	24940000	3	2	TTAGGG
5	24950000	1	0	TTAGGG
5	24960000	0	1	TTAGGG
5	24970000	0	0	TTAGGG
5	24980000	2	0	TTAGGG
5	24990000	3	1	TTAGGG
5	25000000	2	0	TTAGGG
5	25010000	2	1	TTAGGG
5	25020000	3	3	TTAGGG
5	25030000	4	2	TTAGGG
5	25040000	0	4	TTAGGG
5	25050000	2	1	TTAGGG
5	25060000	1	1	TTAGGG
5	25070000	1	1	TTAGGG
5	25080000	1	2	TTAGGG
5	25090000	4	2	TTAGGG
5	25100000	4	3	TTAGGG
5	25110000	3	1	TTAGGG
5	25120000	1	1	TTAGGG
5	25130000	1	3	TTAGGG
5	25140000	1	2	TTAGGG
5	25150000	6	0	TTAGGG
5	25160000	1	2	TTAGGG
5	25170000	1	2	TTAGGG
5	25180000	1	2	TTAGGG
5	25190000	2	1	TTAGGG
5	25200000	3	0	TTAGGG
5	25210000	1	2	TTAGGG
5	25220000	1	1	TTAGGG
5	25230000	0	0	TTAGGG
5	25240000	1	1	TTAGGG
5	25250000	3	0	TTAGGG
5	25260000	2	2	TTAGGG
5	25270000	0	1	TTAGGG
5	25280000	2	3	TTAGGG
5	25290000	0	0	TTAGGG
5	25300000	4	1	TTAGGG
5	25310000	2	1	TTAGGG
5	25320000	1	0	TTAGGG
5	25330000	1	1	TTAGGG
5	25340000	3	1	TTAGGG
5	25350000	2	0	TTAGGG
5	25360000	2	0	TTAGGG
5	25370000	2	1	TTAGGG
5	25380000	1	1	TTAGGG
5	25390000	0	4	TTAGGG
5	25400000	0	1	TTAGGG
5	25410000	2	6	TTAGGG
5	25420000	1	4	TTAGGG
5	25430000	1	1	TTAGGG
5	25440000	2	2	TTAGGG
5	25450000	0	0	TTAGGG
5	25460000	2	1	TTAGGG
5	25470000	3	2	TTAGGG
5	25480000	0	1	TTAGGG
5	25490000	1	1	TTAGGG
5	25500000	2	2	TTAGGG
5	25510000	2	1	TTAGGG
5	25520000	4	2	TTAGGG
5	25530000	3	1	TTAGGG
5	25540000	3	2	TTAGGG
5	25550000	0	0	TTAGGG
5	25560000	0	3	TTAGGG
5	25570000	0	1	TTAGGG
5	25580000	1	3	TTAGGG
5	25590000	3	0	TTAGGG
5	25600000	3	1	TTAGGG
5	25610000	0	0	TTAGGG
5	25620000	1	2	TTAGGG
5	25630000	3	3	TTAGGG
5	25640000	1	3	TTAGGG
5	25650000	1	0	TTAGGG
5	25660000	1	2	TTAGGG
5	25670000	2	0	TTAGGG
5	25680000	1	0	TTAGGG
5	25690000	1	1	TTAGGG
5	25700000	0	2	TTAGGG
5	25710000	2	1	TTAGGG
5	25720000	6	2	TTAGGG
5	25730000	2	3	TTAGGG
5	25740000	1	3	TTAGGG
5	25750000	3	1	TTAGGG
5	25760000	0	1	TTAGGG
5	25770000	2	2	TTAGGG
5	25780000	4	2	TTAGGG
5	25790000	0	1	TTAGGG
5	25800000	1	1	TTAGGG
5	25810000	2	3	TTAGGG
5	25820000	2	3	TTAGGG
5	25830000	1	2	TTAGGG
5	25840000	4	0	TTAGGG
5	25850000	1	2	TTAGGG
5	25860000	1	0	TTAGGG
5	25870000	1	4	TTAGGG
5	25880000	1	1	TTAGGG
5	25890000	1	0	TTAGGG
5	25900000	1	1	TTAGGG
5	25910000	0	0	TTAGGG
5	25920000	4	5	TTAGGG
5	25930000	2	1	TTAGGG
5	25940000	3	2	TTAGGG
5	25950000	4	5	TTAGGG
5	25960000	1	1	TTAGGG
5	25970000	1	1	TTAGGG
5	25980000	3	2	TTAGGG
5	25990000	0	1	TTAGGG
5	26000000	0	2	TTAGGG
5	26010000	2	1	TTAGGG
5	26020000	2	2	TTAGGG
5	26030000	3	2	TTAGGG
5	26040000	1	1	TTAGGG
5	26050000	3	1	TTAGGG
5	26060000	1	0	TTAGGG
5	26070000	1	2	TTAGGG
5	26080000	3	3	TTAGGG
5	26090000	0	0	TTAGGG
5	26100000	1	1	TTAGGG
5	26110000	0	1	TTAGGG
5	26120000	0	1	TTAGGG
5	26130000	1	3	TTAGGG
5	26140000	1	1	TTAGGG
5	26150000	3	1	TTAGGG
5	26160000	3	0	TTAGGG
5	26170000	1	1	TTAGGG
5	26180000	1	4	TTAGGG
5	26190000	1	3	TTAGGG
5	26200000	0	0	TTAGGG
5	26210000	1	2	TTAGGG
5	26220000	1	1	TTAGGG
5	26230000	7	1	TTAGGG
5	26240000	1	2	TTAGGG
5	26250000	0	1	TTAGGG
5	26260000	4	3	TTAGGG
5	26270000	1	4	TTAGGG
5	26280000	0	3	TTAGGG
5	26290000	1	2	TTAGGG
5	26300000	1	1	TTAGGG
5	26310000	1	1	TTAGGG
5	26320000	2	2	TTAGGG
5	26330000	1	1	TTAGGG
5	26340000	2	0	TTAGGG
5	26350000	3	4	TTAGGG
5	26360000	0	1	TTAGGG
5	26370000	3	1	TTAGGG
5	26380000	1	3	TTAGGG
5	26390000	1	3	TTAGGG
5	26400000	0	3	TTAGGG
5	26410000	3	2	TTAGGG
5	26420000	2	2	TTAGGG
5	26430000	3	0	TTAGGG
5	26440000	4	0	TTAGGG
5	26450000	1	0	TTAGGG
5	26460000	2	3	TTAGGG
5	26470000	0	2	TTAGGG
5	26480000	3	4	TTAGGG
5	26490000	3	1	TTAGGG
5	26500000	1	7	TTAGGG
5	26510000	2	3	TTAGGG
5	26520000	1	1	TTAGGG
5	26530000	6	4	TTAGGG
5	26540000	5	1	TTAGGG
5	26550000	0	1	TTAGGG
5	26560000	3	0	TTAGGG
5	26570000	2	3	TTAGGG
5	26580000	1	2	TTAGGG
5	26590000	3	1	TTAGGG
5	26600000	6	3	TTAGGG
5	26610000	1	3	TTAGGG
5	26620000	4	3	TTAGGG
5	26630000	3	1	TTAGGG
5	26640000	2	2	TTAGGG
5	26650000	2	2	TTAGGG
5	26660000	2	1	TTAGGG
5	26670000	2	1	TTAGGG
5	26680000	1	1	TTAGGG
5	26690000	3	3	TTAGGG
5	26700000	0	4	TTAGGG
5	26710000	2	2	TTAGGG
5	26720000	0	0	TTAGGG
5	26730000	1	2	TTAGGG
5	26740000	3	3	TTAGGG
5	26750000	0	0	TTAGGG
5	26760000	3	3	TTAGGG
5	26770000	1	0	TTAGGG
5	26780000	1	3	TTAGGG
5	26790000	0	3	TTAGGG
5	26800000	2	1	TTAGGG
5	26810000	4	1	TTAGGG
5	26820000	2	4	TTAGGG
5	26830000	2	1	TTAGGG
5	26840000	2	2	TTAGGG
5	26850000	2	2	TTAGGG
5	26860000	2	0	TTAGGG
5	26870000	1	3	TTAGGG
5	26880000	0	0	TTAGGG
5	26890000	4	3	TTAGGG
5	26900000	0	1	TTAGGG
5	26910000	5	1	TTAGGG
5	26920000	3	2	TTAGGG
5	26930000	0	2	TTAGGG
5	26940000	0	1	TTAGGG
5	26950000	2	0	TTAGGG
5	26960000	1	2	TTAGGG
5	26970000	2	4	TTAGGG
5	26980000	3	2	TTAGGG
5	26990000	2	0	TTAGGG
5	27000000	1	2	TTAGGG
5	27010000	1	1	TTAGGG
5	27020000	2	2	TTAGGG
5	27030000	1	1	TTAGGG
5	27040000	4	0	TTAGGG
5	27050000	4	3	TTAGGG
5	27060000	1	2	TTAGGG
5	27070000	1	0	TTAGGG
5	27080000	1	0	TTAGGG
5	27090000	2	2	TTAGGG
5	27100000	1	2	TTAGGG
5	27110000	1	1	TTAGGG
5	27120000	1	3	TTAGGG
5	27130000	0	2	TTAGGG
5	27140000	0	0	TTAGGG
5	27150000	1	5	TTAGGG
5	27160000	0	1	TTAGGG
5	27170000	1	1	TTAGGG
5	27180000	0	1	TTAGGG
5	27190000	2	0	TTAGGG
5	27200000	2	4	TTAGGG
5	27210000	3	2	TTAGGG
5	27220000	0	2	TTAGGG
5	27230000	3	3	TTAGGG
5	27240000	2	3	TTAGGG
5	27250000	1	3	TTAGGG
5	27260000	5	3	TTAGGG
5	27270000	1	2	TTAGGG
5	27280000	3	2	TTAGGG
5	27290000	2	1	TTAGGG
5	27300000	0	1	TTAGGG
5	27310000	3	3	TTAGGG
5	27320000	2	3	TTAGGG
5	27330000	1	1	TTAGGG
5	27340000	0	1	TTAGGG
5	27350000	2	1	TTAGGG
5	27360000	1	1	TTAGGG
5	27370000	4	3	TTAGGG
5	27380000	2	2	TTAGGG
5	27390000	2	2	TTAGGG
5	27400000	0	1	TTAGGG
5	27410000	1	0	TTAGGG
5	27420000	0	1	TTAGGG
5	27430000	1	1	TTAGGG
5	27440000	0	1	TTAGGG
5	27450000	0	3	TTAGGG
5	27460000	2	3	TTAGGG
5	27470000	3	1	TTAGGG
5	27480000	1	2	TTAGGG
5	27490000	1	0	TTAGGG
5	27500000	2	0	TTAGGG
5	27510000	2	0	TTAGGG
5	27520000	1	0	TTAGGG
5	27530000	0	1	TTAGGG
5	27540000	2	1	TTAGGG
5	27550000	3	2	TTAGGG
5	27560000	1	2	TTAGGG
5	27570000	0	0	TTAGGG
5	27580000	1	1	TTAGGG
5	27590000	0	0	TTAGGG
5	27600000	2	2	TTAGGG
5	27610000	0	2	TTAGGG
5	27620000	2	5	TTAGGG
5	27630000	1	1	TTAGGG
5	27640000	2	1	TTAGGG
5	27650000	5	0	TTAGGG
5	27660000	4	2	TTAGGG
5	27670000	1	2	TTAGGG
5	27680000	4	4	TTAGGG
5	27690000	1	2	TTAGGG
5	27700000	2	2	TTAGGG
5	27710000	0	2	TTAGGG
5	27720000	2	0	TTAGGG
5	27730000	2	1	TTAGGG
5	27740000	1	2	TTAGGG
5	27750000	1	2	TTAGGG
5	27760000	2	0	TTAGGG
5	27770000	1	2	TTAGGG
5	27780000	0	2	TTAGGG
5	27790000	3	0	TTAGGG
5	27800000	1	1	TTAGGG
5	27810000	2	1	TTAGGG
5	27820000	1	3	TTAGGG
5	27830000	2	0	TTAGGG
5	27840000	3	3	TTAGGG
5	27850000	1	1	TTAGGG
5	27860000	0	3	TTAGGG
5	27870000	3	1	TTAGGG
5	27880000	0	1	TTAGGG
5	27890000	0	0	TTAGGG
5	27900000	0	2	TTAGGG
5	27910000	2	0	TTAGGG
5	27920000	4	0	TTAGGG
5	27930000	1	2	TTAGGG
5	27940000	0	2	TTAGGG
5	27950000	3	1	TTAGGG
5	27960000	0	2	TTAGGG
5	27970000	0	0	TTAGGG
5	27980000	2	0	TTAGGG
5	27990000	3	3	TTAGGG
5	28000000	2	1	TTAGGG
5	28010000	3	0	TTAGGG
5	28020000	1	2	TTAGGG
5	28030000	1	0	TTAGGG
5	28040000	4	1	TTAGGG
5	28050000	2	0	TTAGGG
5	28060000	2	2	TTAGGG
5	28070000	0	3	TTAGGG
5	28080000	1	2	TTAGGG
5	28090000	0	1	TTAGGG
5	28100000	4	1	TTAGGG
5	28110000	1	1	TTAGGG
5	28120000	2	1	TTAGGG
5	28130000	2	1	TTAGGG
5	28140000	0	2	TTAGGG
5	28150000	0	2	TTAGGG
5	28160000	2	2	TTAGGG
5	28170000	2	2	TTAGGG
5	28180000	0	0	TTAGGG
5	28190000	5	4	TTAGGG
5	28200000	0	1	TTAGGG
5	28210000	1	2	TTAGGG
5	28220000	0	1	TTAGGG
5	28230000	3	1	TTAGGG
5	28240000	0	2	TTAGGG
5	28250000	1	1	TTAGGG
5	28260000	2	2	TTAGGG
5	28270000	2	0	TTAGGG
5	28280000	2	2	TTAGGG
5	28290000	1	1	TTAGGG
5	28300000	2	0	TTAGGG
5	28310000	2	1	TTAGGG
5	28320000	2	5	TTAGGG
5	28330000	1	4	TTAGGG
5	28340000	3	4	TTAGGG
5	28350000	2	2	TTAGGG
5	28360000	0	2	TTAGGG
5	28370000	1	0	TTAGGG
5	28380000	1	3	TTAGGG
5	28390000	2	3	TTAGGG
5	28400000	0	3	TTAGGG
5	28410000	2	2	TTAGGG
5	28420000	4	1	TTAGGG
5	28430000	1	1	TTAGGG
5	28440000	2	1	TTAGGG
5	28450000	3	2	TTAGGG
5	28460000	3	1	TTAGGG
5	28470000	0	1	TTAGGG
5	28480000	2	2	TTAGGG
5	28490000	0	2	TTAGGG
5	28500000	1	1	TTAGGG
5	28510000	2	0	TTAGGG
5	28520000	1	0	TTAGGG
5	28530000	0	1	TTAGGG
5	28540000	0	2	TTAGGG
5	28550000	1	1	TTAGGG
5	28560000	1	1	TTAGGG
5	28570000	2	1	TTAGGG
5	28580000	0	2	TTAGGG
5	28590000	2	2	TTAGGG
5	28600000	4	0	TTAGGG
5	28610000	1	1	TTAGGG
5	28620000	1	4	TTAGGG
5	28630000	1	0	TTAGGG
5	28640000	0	0	TTAGGG
5	28650000	2	2	TTAGGG
5	28660000	0	0	TTAGGG
5	28670000	2	3	TTAGGG
5	28680000	0	8	TTAGGG
5	28690000	0	7	TTAGGG
5	28700000	0	9	TTAGGG
5	28710000	0	7	TTAGGG
5	28720000	0	8	TTAGGG
5	28730000	0	9	TTAGGG
5	28740000	0	7	TTAGGG
5	28750000	0	8	TTAGGG
5	28760000	0	8	TTAGGG
5	28770000	0	9	TTAGGG
5	28780000	0	9	TTAGGG
5	28790000	0	9	TTAGGG
5	28800000	0	8	TTAGGG
5	28810000	0	8	TTAGGG
5	28820000	0	10	TTAGGG
5	28830000	0	7	TTAGGG
5	28840000	0	7	TTAGGG
5	28850000	0	7	TTAGGG
5	28860000	0	9	TTAGGG
5	28870000	0	8	TTAGGG
5	28880000	0	9	TTAGGG
5	28890000	0	9	TTAGGG
5	28900000	0	8	TTAGGG
5	28910000	0	9	TTAGGG
5	28920000	0	6	TTAGGG
5	28930000	0	8	TTAGGG
5	28940000	0	8	TTAGGG
5	28950000	0	9	TTAGGG
5	28960000	0	9	TTAGGG
5	28970000	0	8	TTAGGG
5	28980000	0	10	TTAGGG
5	28990000	0	8	TTAGGG
5	29000000	0	8	TTAGGG
5	29010000	0	8	TTAGGG
5	29019996	0	9	TTAGGG
6	10000	0	1618	TTAGGG
6	20000	2	857	TTAGGG
6	30000	6	6	TTAGGG
6	40000	2	1	TTAGGG
6	50000	6	2	TTAGGG
6	60000	2	0	TTAGGG
6	70000	1	1	TTAGGG
6	80000	0	1	TTAGGG
6	90000	3	1	TTAGGG
6	100000	0	1	TTAGGG
6	110000	0	0	TTAGGG
6	120000	1	0	TTAGGG
6	130000	1	3	TTAGGG
6	140000	0	1	TTAGGG
6	150000	1	2	TTAGGG
6	160000	2	1	TTAGGG
6	170000	3	0	TTAGGG
6	180000	1	0	TTAGGG
6	190000	1	1	TTAGGG
6	200000	4	1	TTAGGG
6	210000	0	0	TTAGGG
6	220000	0	0	TTAGGG
6	230000	1	1	TTAGGG
6	240000	3	1	TTAGGG
6	250000	3	1	TTAGGG
6	260000	2	1	TTAGGG
6	270000	1	1	TTAGGG
6	280000	2	1	TTAGGG
6	290000	1	3	TTAGGG
6	300000	3	1	TTAGGG
6	310000	1	0	TTAGGG
6	320000	1	1	TTAGGG
6	330000	1	2	TTAGGG
6	340000	0	1	TTAGGG
6	350000	5	1	TTAGGG
6	360000	1	1	TTAGGG
6	370000	0	1	TTAGGG
6	380000	1	3	TTAGGG
6	390000	0	0	TTAGGG
6	400000	2	4	TTAGGG
6	410000	0	2	TTAGGG
6	420000	1	3	TTAGGG
6	430000	1	1	TTAGGG
6	440000	1	0	TTAGGG
6	450000	2	1	TTAGGG
6	460000	3	1	TTAGGG
6	470000	4	0	TTAGGG
6	480000	4	2	TTAGGG
6	490000	2	1	TTAGGG
6	500000	1	3	TTAGGG
6	510000	2	1	TTAGGG
6	520000	2	2	TTAGGG
6	530000	1	0	TTAGGG
6	540000	0	2	TTAGGG
6	550000	1	0	TTAGGG
6	560000	2	0	TTAGGG
6	570000	1	5	TTAGGG
6	580000	1	1	TTAGGG
6	590000	1	0	TTAGGG
6	600000	0	2	TTAGGG
6	610000	2	2	TTAGGG
6	620000	1	2	TTAGGG
6	630000	3	1	TTAGGG
6	640000	1	1	TTAGGG
6	650000	0	2	TTAGGG
6	660000	1	3	TTAGGG
6	670000	2	0	TTAGGG
6	680000	2	3	TTAGGG
6	690000	1	0	TTAGGG
6	700000	5	0	TTAGGG
6	710000	1	2	TTAGGG
6	720000	1	2	TTAGGG
6	730000	2	1	TTAGGG
6	740000	2	1	TTAGGG
6	750000	0	1	TTAGGG
6	760000	2	0	TTAGGG
6	770000	1	2	TTAGGG
6	780000	3	6	TTAGGG
6	790000	1	0	TTAGGG
6	800000	2	1	TTAGGG
6	810000	2	2	TTAGGG
6	820000	3	0	TTAGGG
6	830000	1	2	TTAGGG
6	840000	1	2	TTAGGG
6	850000	1	2	TTAGGG
6	860000	1	1	TTAGGG
6	870000	0	1	TTAGGG
6	880000	3	0	TTAGGG
6	890000	0	3	TTAGGG
6	900000	0	1	TTAGGG
6	910000	1	0	TTAGGG
6	920000	0	1	TTAGGG
6	930000	2	2	TTAGGG
6	940000	1	2	TTAGGG
6	950000	1	1	TTAGGG
6	960000	1	1	TTAGGG
6	970000	0	2	TTAGGG
6	980000	3	0	TTAGGG
6	990000	3	1	TTAGGG
6	1000000	0	2	TTAGGG
6	1010000	2	3	TTAGGG
6	1020000	2	1	TTAGGG
6	1030000	2	0	TTAGGG
6	1040000	1	2	TTAGGG
6	1050000	1	1	TTAGGG
6	1060000	1	1	TTAGGG
6	1070000	0	1	TTAGGG
6	1080000	2	2	TTAGGG
6	1090000	1	0	TTAGGG
6	1100000	1	2	TTAGGG
6	1110000	3	2	TTAGGG
6	1120000	0	2	TTAGGG
6	1130000	0	0	TTAGGG
6	1140000	1	2	TTAGGG
6	1150000	0	1	TTAGGG
6	1160000	1	1	TTAGGG
6	1170000	1	1	TTAGGG
6	1180000	1	2	TTAGGG
6	1190000	1	2	TTAGGG
6	1200000	2	3	TTAGGG
6	1210000	1	1	TTAGGG
6	1220000	2	1	TTAGGG
6	1230000	0	0	TTAGGG
6	1240000	0	0	TTAGGG
6	1250000	0	0	TTAGGG
6	1260000	0	0	TTAGGG
6	1270000	0	0	TTAGGG
6	1280000	0	0	TTAGGG
6	1290000	0	0	TTAGGG
6	1300000	0	0	TTAGGG
6	1310000	0	0	TTAGGG
6	1320000	0	0	TTAGGG
6	1330000	0	0	TTAGGG
6	1340000	0	0	TTAGGG
6	1350000	0	0	TTAGGG
6	1360000	0	0	TTAGGG
6	1370000	0	0	TTAGGG
6	1380000	0	0	TTAGGG
6	1390000	0	0	TTAGGG
6	1400000	0	0	TTAGGG
6	1410000	0	0	TTAGGG
6	1420000	0	0	TTAGGG
6	1430000	0	0	TTAGGG
6	1440000	0	0	TTAGGG
6	1450000	0	0	TTAGGG
6	1460000	0	0	TTAGGG
6	1470000	0	0	TTAGGG
6	1480000	0	0	TTAGGG
6	1490000	0	0	TTAGGG
6	1500000	0	0	TTAGGG
6	1510000	0	0	TTAGGG
6	1520000	0	0	TTAGGG
6	1530000	0	0	TTAGGG
6	1540000	0	0	TTAGGG
6	1550000	0	0	TTAGGG
6	1560000	0	0	TTAGGG
6	1570000	0	0	TTAGGG
6	1580000	0	0	TTAGGG
6	1590000	0	0	TTAGGG
6	1600000	0	0	TTAGGG
6	1610000	0	0	TTAGGG
6	1620000	0	0	TTAGGG
6	1630000	0	0	TTAGGG
6	1640000	0	0	TTAGGG
6	1650000	0	0	TTAGGG
6	1660000	0	0	TTAGGG
6	1670000	0	0	TTAGGG
6	1680000	0	0	TTAGGG
6	1690000	0	0	TTAGGG
6	1700000	0	0	TTAGGG
6	1710000	0	0	TTAGGG
6	1720000	0	0	TTAGGG
6	1730000	0	0	TTAGGG
6	1740000	0	0	TTAGGG
6	1750000	0	0	TTAGGG
6	1760000	0	0	TTAGGG
6	1770000	0	0	TTAGGG
6	1780000	0	0	TTAGGG
6	1790000	0	0	TTAGGG
6	1800000	0	0	TTAGGG
6	1810000	0	0	TTAGGG
6	1820000	0	0	TTAGGG
6	1830000	0	0	TTAGGG
6	1840000	0	0	TTAGGG
6	1850000	0	0	TTAGGG
6	1860000	0	0	TTAGGG
6	1870000	0	0	TTAGGG
6	1880000	0	0	TTAGGG
6	1890000	0	0	TTAGGG
6	1900000	0	0	TTAGGG
6	1910000	2	1	TTAGGG
6	1920000	1	1	TTAGGG
6	1930000	2	3	TTAGGG
6	1940000	4	3	TTAGGG
6	1950000	3	3	TTAGGG
6	1960000	2	1	TTAGGG
6	1970000	2	1	TTAGGG
6	1980000	5	3	TTAGGG
6	1990000	1	1	TTAGGG
6	2000000	0	2	TTAGGG
6	2010000	2	1	TTAGGG
6	2020000	1	0	TTAGGG
6	2030000	1	2	TTAGGG
6	2040000	1	0	TTAGGG
6	2050000	1	1	TTAGGG
6	2060000	1	0	TTAGGG
6	2070000	3	1	TTAGGG
6	2080000	3	3	TTAGGG
6	2090000	2	0	TTAGGG
6	2100000	1	4	TTAGGG
6	2110000	0	0	TTAGGG
6	2120000	2	1	TTAGGG
6	2130000	1	1	TTAGGG
6	2140000	1	1	TTAGGG
6	2150000	0	1	TTAGGG
6	2160000	1	3	TTAGGG
6	2170000	1	1	TTAGGG
6	2180000	3	1	TTAGGG
6	2190000	1	3	TTAGGG
6	2200000	2	0	TTAGGG
6	2210000	1	0	TTAGGG
6	2220000	3	2	TTAGGG
6	2230000	1	1	TTAGGG
6	2240000	4	1	TTAGGG
6	2250000	2	2	TTAGGG
6	2260000	2	3	TTAGGG
6	2270000	2	2	TTAGGG
6	2280000	0	1	TTAGGG
6	2290000	1	1	TTAGGG
6	2300000	1	3	TTAGGG
6	2310000	2	4	TTAGGG
6	2320000	3	1	TTAGGG
6	2330000	0	4	TTAGGG
6	2340000	1	1	TTAGGG
6	2350000	1	0	TTAGGG
6	2360000	1	0	TTAGGG
6	2370000	1	1	TTAGGG
6	2380000	1	1	TTAGGG
6	2390000	0	3	TTAGGG
6	2400000	2	3	TTAGGG
6	2410000	3	5	TTAGGG
6	2420000	2	2	TTAGGG
6	2430000	0	3	TTAGGG
6	2440000	2	1	TTAGGG
6	2450000	1	2	TTAGGG
6	2460000	3	2	TTAGGG
6	2470000	4	1	TTAGGG
6	2480000	1	3	TTAGGG
6	2490000	1	1	TTAGGG
6	2500000	2	0	TTAGGG
6	2510000	0	2	TTAGGG
6	2520000	2	2	TTAGGG
6	2530000	1	2	TTAGGG
6	2540000	5	0	TTAGGG
6	2550000	2	0	TTAGGG
6	2560000	0	1	TTAGGG
6	2570000	3	2	TTAGGG
6	2580000	1	0	TTAGGG
6	2590000	4	2	TTAGGG
6	2600000	0	2	TTAGGG
6	2610000	2	0	TTAGGG
6	2620000	1	4	TTAGGG
6	2630000	1	0	TTAGGG
6	2640000	0	1	TTAGGG
6	2650000	1	0	TTAGGG
6	2660000	0	0	TTAGGG
6	2670000	1	1	TTAGGG
6	2680000	3	1	TTAGGG
6	2690000	1	1	TTAGGG
6	2700000	2	2	TTAGGG
6	2710000	1	1	TTAGGG
6	2720000	0	2	TTAGGG
6	2730000	1	1	TTAGGG
6	2740000	0	2	TTAGGG
6	2750000	0	3	TTAGGG
6	2760000	0	0	TTAGGG
6	2770000	0	1	TTAGGG
6	2780000	2	1	TTAGGG
6	2790000	1	0	TTAGGG
6	2800000	1	0	TTAGGG
6	2810000	2	0	TTAGGG
6	2820000	2	2	TTAGGG
6	2830000	1	4	TTAGGG
6	2840000	2	2	TTAGGG
6	2850000	2	1	TTAGGG
6	2860000	0	0	TTAGGG
6	2870000	0	0	TTAGGG
6	2880000	0	0	TTAGGG
6	2890000	1	2	TTAGGG
6	2900000	0	1	TTAGGG
6	2910000	0	2	TTAGGG
6	2920000	0	2	TTAGGG
6	2930000	2	2	TTAGGG
6	2940000	1	0	TTAGGG
6	2950000	1	1	TTAGGG
6	2960000	3	4	TTAGGG
6	2970000	2	2	TTAGGG
6	2980000	1	0	TTAGGG
6	2990000	0	3	TTAGGG
6	3000000	3	1	TTAGGG
6	3010000	4	1	TTAGGG
6	3020000	0	2	TTAGGG
6	3030000	0	0	TTAGGG
6	3040000	3	4	TTAGGG
6	3050000	0	2	TTAGGG
6	3060000	3	0	TTAGGG
6	3070000	1	0	TTAGGG
6	3080000	1	1	TTAGGG
6	3090000	2	3	TTAGGG
6	3100000	2	2	TTAGGG
6	3110000	3	2	TTAGGG
6	3120000	3	3	TTAGGG
6	3130000	2	3	TTAGGG
6	3140000	0	2	TTAGGG
6	3150000	4	1	TTAGGG
6	3160000	0	3	TTAGGG
6	3170000	0	2	TTAGGG
6	3180000	1	1	TTAGGG
6	3190000	0	2	TTAGGG
6	3200000	2	1	TTAGGG
6	3210000	0	2	TTAGGG
6	3220000	1	2	TTAGGG
6	3230000	4	0	TTAGGG
6	3240000	1	3	TTAGGG
6	3250000	1	1	TTAGGG
6	3260000	3	0	TTAGGG
6	3270000	1	3	TTAGGG
6	3280000	3	3	TTAGGG
6	3290000	5	1	TTAGGG
6	3300000	2	1	TTAGGG
6	3310000	3	2	TTAGGG
6	3320000	3	2	TTAGGG
6	3330000	1	1	TTAGGG
6	3340000	2	2	TTAGGG
6	3350000	1	1	TTAGGG
6	3360000	2	2	TTAGGG
6	3370000	2	3	TTAGGG
6	3380000	3	1	TTAGGG
6	3390000	0	2	TTAGGG
6	3400000	0	2	TTAGGG
6	3410000	5	1	TTAGGG
6	3420000	1	0	TTAGGG
6	3430000	5	1	TTAGGG
6	3440000	0	0	TTAGGG
6	3450000	0	2	TTAGGG
6	3460000	1	0	TTAGGG
6	3470000	2	2	TTAGGG
6	3480000	2	0	TTAGGG
6	3490000	1	2	TTAGGG
6	3500000	1	1	TTAGGG
6	3510000	1	2	TTAGGG
6	3520000	2	2	TTAGGG
6	3530000	0	2	TTAGGG
6	3540000	1	2	TTAGGG
6	3550000	2	2	TTAGGG
6	3560000	4	0	TTAGGG
6	3570000	1	3	TTAGGG
6	3580000	1	4	TTAGGG
6	3590000	0	1	TTAGGG
6	3600000	0	1	TTAGGG
6	3610000	2	5	TTAGGG
6	3620000	0	1	TTAGGG
6	3630000	2	1	TTAGGG
6	3640000	5	3	TTAGGG
6	3650000	5	2	TTAGGG
6	3660000	3	0	TTAGGG
6	3670000	1	0	TTAGGG
6	3680000	2	1	TTAGGG
6	3690000	1	2	TTAGGG
6	3700000	1	1	TTAGGG
6	3710000	1	2	TTAGGG
6	3720000	3	2	TTAGGG
6	3730000	4	2	TTAGGG
6	3740000	2	1	TTAGGG
6	3750000	1	1	TTAGGG
6	3760000	3	0	TTAGGG
6	3770000	2	3	TTAGGG
6	3780000	1	5	TTAGGG
6	3790000	0	1	TTAGGG
6	3800000	1	3	TTAGGG
6	3810000	2	0	TTAGGG
6	3820000	3	0	TTAGGG
6	3830000	0	4	TTAGGG
6	3840000	2	0	TTAGGG
6	3850000	1	1	TTAGGG
6	3860000	1	0	TTAGGG
6	3870000	0	2	TTAGGG
6	3880000	2	1	TTAGGG
6	3890000	2	3	TTAGGG
6	3900000	4	1	TTAGGG
6	3910000	1	2	TTAGGG
6	3920000	0	1	TTAGGG
6	3930000	0	3	TTAGGG
6	3940000	0	1	TTAGGG
6	3950000	1	2	TTAGGG
6	3960000	2	1	TTAGGG
6	3970000	2	1	TTAGGG
6	3980000	1	2	TTAGGG
6	3990000	1	4	TTAGGG
6	4000000	0	2	TTAGGG
6	4010000	1	1	TTAGGG
6	4020000	2	2	TTAGGG
6	4030000	3	1	TTAGGG
6	4040000	2	4	TTAGGG
6	4050000	1	2	TTAGGG
6	4060000	1	1	TTAGGG
6	4070000	1	0	TTAGGG
6	4080000	2	4	TTAGGG
6	4090000	2	1	TTAGGG
6	4100000	1	1	TTAGGG
6	4110000	0	4	TTAGGG
6	4120000	2	2	TTAGGG
6	4130000	0	0	TTAGGG
6	4140000	2	2	TTAGGG
6	4150000	1	6	TTAGGG
6	4160000	1	2	TTAGGG
6	4170000	0	1	TTAGGG
6	4180000	1	2	TTAGGG
6	4190000	1	1	TTAGGG
6	4200000	1	5	TTAGGG
6	4210000	1	1	TTAGGG
6	4220000	0	5	TTAGGG
6	4230000	2	0	TTAGGG
6	4240000	3	0	TTAGGG
6	4250000	1	1	TTAGGG
6	4260000	1	2	TTAGGG
6	4270000	3	4	TTAGGG
6	4280000	0	0	TTAGGG
6	4290000	1	1	TTAGGG
6	4300000	2	1	TTAGGG
6	4310000	1	2	TTAGGG
6	4320000	1	2	TTAGGG
6	4330000	1	1	TTAGGG
6	4340000	0	0	TTAGGG
6	4350000	2	1	TTAGGG
6	4360000	0	1	TTAGGG
6	4370000	0	0	TTAGGG
6	4380000	3	2	TTAGGG
6	4390000	2	4	TTAGGG
6	4400000	1	1	TTAGGG
6	4410000	3	0	TTAGGG
6	4420000	0	4	TTAGGG
6	4430000	0	3	TTAGGG
6	4440000	2	4	TTAGGG
6	4450000	4	3	TTAGGG
6	4460000	1	2	TTAGGG
6	4470000	4	2	TTAGGG
6	4480000	1	1	TTAGGG
6	4490000	0	4	TTAGGG
6	4500000	4	0	TTAGGG
6	4510000	1	2	TTAGGG
6	4520000	0	4	TTAGGG
6	4530000	4	3	TTAGGG
6	4540000	0	1	TTAGGG
6	4550000	2	1	TTAGGG
6	4560000	2	2	TTAGGG
6	4570000	3	0	TTAGGG
6	4580000	3	0	TTAGGG
6	4590000	1	1	TTAGGG
6	4600000	0	3	TTAGGG
6	4610000	1	3	TTAGGG
6	4620000	1	2	TTAGGG
6	4630000	1	3	TTAGGG
6	4640000	3	1	TTAGGG
6	4650000	1	1	TTAGGG
6	4660000	1	2	TTAGGG
6	4670000	0	1	TTAGGG
6	4680000	1	4	TTAGGG
6	4690000	3	2	TTAGGG
6	4700000	2	5	TTAGGG
6	4710000	1	2	TTAGGG
6	4720000	3	4	TTAGGG
6	4730000	3	1	TTAGGG
6	4740000	2	3	TTAGGG
6	4750000	3	4	TTAGGG
6	4760000	3	1	TTAGGG
6	4770000	3	3	TTAGGG
6	4780000	3	1	TTAGGG
6	4790000	3	1	TTAGGG
6	4800000	1	2	TTAGGG
6	4810000	2	2	TTAGGG
6	4820000	2	1	TTAGGG
6	4830000	4	1	TTAGGG
6	4840000	2	1	TTAGGG
6	4850000	2	1	TTAGGG
6	4860000	1	0	TTAGGG
6	4870000	1	0	TTAGGG
6	4880000	2	0	TTAGGG
6	4890000	0	0	TTAGGG
6	4900000	1	1	TTAGGG
6	4910000	1	1	TTAGGG
6	4920000	1	1	TTAGGG
6	4930000	1	0	TTAGGG
6	4940000	2	0	TTAGGG
6	4950000	2	3	TTAGGG
6	4960000	2	2	TTAGGG
6	4970000	2	3	TTAGGG
6	4980000	2	1	TTAGGG
6	4990000	2	1	TTAGGG
6	5000000	1	2	TTAGGG
6	5010000	1	4	TTAGGG
6	5020000	2	1	TTAGGG
6	5030000	2	2	TTAGGG
6	5040000	1	0	TTAGGG
6	5050000	1	1	TTAGGG
6	5060000	2	0	TTAGGG
6	5070000	1	3	TTAGGG
6	5080000	1	1	TTAGGG
6	5090000	0	1	TTAGGG
6	5100000	1	2	TTAGGG
6	5110000	1	1	TTAGGG
6	5120000	2	3	TTAGGG
6	5130000	0	1	TTAGGG
6	5140000	1	1	TTAGGG
6	5150000	1	0	TTAGGG
6	5160000	1	1	TTAGGG
6	5170000	1	0	TTAGGG
6	5180000	2	1	TTAGGG
6	5190000	1	2	TTAGGG
6	5200000	0	2	TTAGGG
6	5210000	2	1	TTAGGG
6	5220000	0	1	TTAGGG
6	5230000	3	0	TTAGGG
6	5240000	1	3	TTAGGG
6	5250000	1	2	TTAGGG
6	5260000	1	2	TTAGGG
6	5270000	1	2	TTAGGG
6	5280000	1	1	TTAGGG
6	5290000	2	1	TTAGGG
6	5300000	1	3	TTAGGG
6	5310000	1	3	TTAGGG
6	5320000	1	0	TTAGGG
6	5330000	0	1	TTAGGG
6	5340000	2	1	TTAGGG
6	5350000	0	1	TTAGGG
6	5360000	1	0	TTAGGG
6	5370000	0	1	TTAGGG
6	5380000	4	1	TTAGGG
6	5390000	0	4	TTAGGG
6	5400000	1	2	TTAGGG
6	5410000	3	1	TTAGGG
6	5420000	1	1	TTAGGG
6	5430000	4	1	TTAGGG
6	5440000	0	4	TTAGGG
6	5450000	1	1	TTAGGG
6	5460000	2	1	TTAGGG
6	5470000	1	1	TTAGGG
6	5480000	2	1	TTAGGG
6	5490000	1	3	TTAGGG
6	5500000	2	0	TTAGGG
6	5510000	2	1	TTAGGG
6	5520000	1	1	TTAGGG
6	5530000	2	1	TTAGGG
6	5540000	1	2	TTAGGG
6	5550000	3	1	TTAGGG
6	5560000	1	1	TTAGGG
6	5570000	1	1	TTAGGG
6	5580000	4	1	TTAGGG
6	5590000	0	1	TTAGGG
6	5600000	4	1	TTAGGG
6	5610000	0	4	TTAGGG
6	5620000	2	0	TTAGGG
6	5630000	1	1	TTAGGG
6	5640000	1	1	TTAGGG
6	5650000	1	3	TTAGGG
6	5660000	2	0	TTAGGG
6	5670000	2	1	TTAGGG
6	5680000	1	0	TTAGGG
6	5690000	2	2	TTAGGG
6	5700000	1	2	TTAGGG
6	5710000	2	0	TTAGGG
6	5720000	2	2	TTAGGG
6	5730000	1	0	TTAGGG
6	5740000	2	2	TTAGGG
6	5750000	0	3	TTAGGG
6	5760000	2	0	TTAGGG
6	5770000	1	1	TTAGGG
6	5780000	2	0	TTAGGG
6	5790000	1	0	TTAGGG
6	5800000	1	0	TTAGGG
6	5810000	2	0	TTAGGG
6	5820000	0	1	TTAGGG
6	5830000	1	0	TTAGGG
6	5840000	1	1	TTAGGG
6	5850000	3	1	TTAGGG
6	5860000	0	4	TTAGGG
6	5870000	1	0	TTAGGG
6	5880000	3	2	TTAGGG
6	5890000	1	1	TTAGGG
6	5900000	2	2	TTAGGG
6	5910000	1	3	TTAGGG
6	5920000	0	1	TTAGGG
6	5930000	4	1	TTAGGG
6	5940000	0	3	TTAGGG
6	5950000	1	1	TTAGGG
6	5960000	5	1	TTAGGG
6	5970000	0	2	TTAGGG
6	5980000	4	1	TTAGGG
6	5990000	0	4	TTAGGG
6	6000000	3	1	TTAGGG
6	6010000	1	1	TTAGGG
6	6020000	3	1	TTAGGG
6	6030000	0	4	TTAGGG
6	6040000	1	0	TTAGGG
6	6050000	5	2	TTAGGG
6	6060000	1	1	TTAGGG
6	6070000	3	2	TTAGGG
6	6080000	0	3	TTAGGG
6	6090000	2	1	TTAGGG
6	6100000	4	1	TTAGGG
6	6110000	2	2	TTAGGG
6	6120000	2	2	TTAGGG
6	6130000	0	2	TTAGGG
6	6140000	3	3	TTAGGG
6	6150000	2	1	TTAGGG
6	6160000	2	2	TTAGGG
6	6170000	0	2	TTAGGG
6	6180000	3	1	TTAGGG
6	6190000	3	2	TTAGGG
6	6200000	3	1	TTAGGG
6	6210000	1	3	TTAGGG
6	6220000	1	1	TTAGGG
6	6230000	2	3	TTAGGG
6	6240000	3	2	TTAGGG
6	6250000	0	1	TTAGGG
6	6260000	2	3	TTAGGG
6	6270000	1	0	TTAGGG
6	6280000	3	1	TTAGGG
6	6290000	3	2	TTAGGG
6	6300000	0	4	TTAGGG
6	6310000	4	4	TTAGGG
6	6320000	1	1	TTAGGG
6	6330000	3	3	TTAGGG
6	6340000	1	1	TTAGGG
6	6350000	1	0	TTAGGG
6	6360000	3	0	TTAGGG
6	6370000	1	0	TTAGGG
6	6380000	3	2	TTAGGG
6	6390000	2	1	TTAGGG
6	6400000	5	4	TTAGGG
6	6410000	1	2	TTAGGG
6	6420000	3	2	TTAGGG
6	6430000	1	3	TTAGGG
6	6440000	4	0	TTAGGG
6	6450000	2	1	TTAGGG
6	6460000	0	1	TTAGGG
6	6470000	2	2	TTAGGG
6	6480000	2	2	TTAGGG
6	6490000	0	1	TTAGGG
6	6500000	2	0	TTAGGG
6	6510000	2	0	TTAGGG
6	6520000	3	2	TTAGGG
6	6530000	0	2	TTAGGG
6	6540000	0	2	TTAGGG
6	6550000	1	3	TTAGGG
6	6560000	4	2	TTAGGG
6	6570000	2	1	TTAGGG
6	6580000	4	2	TTAGGG
6	6590000	2	4	TTAGGG
6	6600000	2	1	TTAGGG
6	6610000	0	1	TTAGGG
6	6620000	2	2	TTAGGG
6	6630000	3	3	TTAGGG
6	6640000	4	3	TTAGGG
6	6650000	2	1	TTAGGG
6	6660000	2	5	TTAGGG
6	6670000	2	2	TTAGGG
6	6680000	2	3	TTAGGG
6	6690000	1	2	TTAGGG
6	6700000	4	3	TTAGGG
6	6710000	4	4	TTAGGG
6	6720000	5	3	TTAGGG
6	6730000	4	4	TTAGGG
6	6740000	6	2	TTAGGG
6	6750000	2	0	TTAGGG
6	6760000	0	0	TTAGGG
6	6770000	2	0	TTAGGG
6	6780000	0	0	TTAGGG
6	6790000	3	1	TTAGGG
6	6800000	2	1	TTAGGG
6	6810000	1	3	TTAGGG
6	6820000	2	2	TTAGGG
6	6830000	1	3	TTAGGG
6	6840000	1	4	TTAGGG
6	6850000	1	1	TTAGGG
6	6860000	2	2	TTAGGG
6	6870000	3	2	TTAGGG
6	6880000	2	0	TTAGGG
6	6890000	0	0	TTAGGG
6	6900000	0	0	TTAGGG
6	6910000	0	0	TTAGGG
6	6920000	0	0	TTAGGG
6	6930000	0	0	TTAGGG
6	6940000	0	0	TTAGGG
6	6950000	0	0	TTAGGG
6	6960000	0	0	TTAGGG
6	6970000	0	0	TTAGGG
6	6980000	0	0	TTAGGG
6	6990000	0	1	TTAGGG
6	7000000	1	0	TTAGGG
6	7010000	0	0	TTAGGG
6	7020000	0	0	TTAGGG
6	7030000	0	0	TTAGGG
6	7040000	0	1	TTAGGG
6	7050000	0	1	TTAGGG
6	7060000	0	0	TTAGGG
6	7070000	1	1	TTAGGG
6	7080000	0	1	TTAGGG
6	7090000	2	0	TTAGGG
6	7100000	2	1	TTAGGG
6	7110000	1	1	TTAGGG
6	7120000	1	0	TTAGGG
6	7130000	0	3	TTAGGG
6	7140000	2	1	TTAGGG
6	7150000	1	2	TTAGGG
6	7160000	2	0	TTAGGG
6	7170000	1	0	TTAGGG
6	7180000	1	2	TTAGGG
6	7190000	1	1	TTAGGG
6	7200000	1	0	TTAGGG
6	7210000	4	1	TTAGGG
6	7220000	1	3	TTAGGG
6	7230000	1	2	TTAGGG
6	7240000	2	1	TTAGGG
6	7250000	3	3	TTAGGG
6	7260000	2	2	TTAGGG
6	7270000	0	2	TTAGGG
6	7280000	2	1	TTAGGG
6	7290000	1	4	TTAGGG
6	7300000	2	1	TTAGGG
6	7310000	1	1	TTAGGG
6	7320000	8	2	TTAGGG
6	7330000	4	1	TTAGGG
6	7340000	1	1	TTAGGG
6	7350000	1	0	TTAGGG
6	7360000	0	3	TTAGGG
6	7370000	1	1	TTAGGG
6	7380000	0	1	TTAGGG
6	7390000	2	3	TTAGGG
6	7400000	3	4	TTAGGG
6	7410000	0	2	TTAGGG
6	7420000	3	1	TTAGGG
6	7430000	0	1	TTAGGG
6	7440000	3	5	TTAGGG
6	7450000	1	2	TTAGGG
6	7460000	2	1	TTAGGG
6	7470000	1	2	TTAGGG
6	7480000	1	1	TTAGGG
6	7490000	0	1	TTAGGG
6	7500000	4	1	TTAGGG
6	7510000	1	0	TTAGGG
6	7520000	5	2	TTAGGG
6	7530000	2	0	TTAGGG
6	7540000	0	3	TTAGGG
6	7550000	1	1	TTAGGG
6	7560000	0	1	TTAGGG
6	7570000	3	2	TTAGGG
6	7580000	0	1	TTAGGG
6	7590000	1	2	TTAGGG
6	7600000	0	5	TTAGGG
6	7610000	1	4	TTAGGG
6	7620000	0	3	TTAGGG
6	7630000	3	4	TTAGGG
6	7640000	1	0	TTAGGG
6	7650000	2	0	TTAGGG
6	7660000	1	3	TTAGGG
6	7670000	2	1	TTAGGG
6	7680000	2	1	TTAGGG
6	7690000	2	3	TTAGGG
6	7700000	3	1	TTAGGG
6	7710000	1	0	TTAGGG
6	7720000	0	0	TTAGGG
6	7730000	1	2	TTAGGG
6	7740000	2	3	TTAGGG
6	7750000	2	1	TTAGGG
6	7760000	1	1	TTAGGG
6	7770000	2	1	TTAGGG
6	7780000	4	2	TTAGGG
6	7790000	1	3	TTAGGG
6	7800000	4	0	TTAGGG
6	7810000	1	0	TTAGGG
6	7820000	3	4	TTAGGG
6	7830000	1	2	TTAGGG
6	7840000	2	2	TTAGGG
6	7850000	1	0	TTAGGG
6	7860000	0	2	TTAGGG
6	7870000	2	1	TTAGGG
6	7880000	2	1	TTAGGG
6	7890000	2	3	TTAGGG
6	7900000	2	2	TTAGGG
6	7910000	4	1	TTAGGG
6	7920000	0	2	TTAGGG
6	7930000	3	1	TTAGGG
6	7940000	4	0	TTAGGG
6	7950000	3	3	TTAGGG
6	7960000	0	1	TTAGGG
6	7970000	1	2	TTAGGG
6	7980000	0	2	TTAGGG
6	7990000	1	1	TTAGGG
6	8000000	1	2	TTAGGG
6	8010000	1	2	TTAGGG
6	8020000	0	0	TTAGGG
6	8030000	4	1	TTAGGG
6	8040000	1	1	TTAGGG
6	8050000	1	0	TTAGGG
6	8060000	0	2	TTAGGG
6	8070000	2	2	TTAGGG
6	8080000	1	1	TTAGGG
6	8090000	2	0	TTAGGG
6	8100000	2	2	TTAGGG
6	8110000	3	3	TTAGGG
6	8120000	1	1	TTAGGG
6	8130000	2	3	TTAGGG
6	8140000	1	2	TTAGGG
6	8150000	3	2	TTAGGG
6	8160000	2	2	TTAGGG
6	8170000	4	0	TTAGGG
6	8180000	2	1	TTAGGG
6	8190000	2	3	TTAGGG
6	8200000	1	2	TTAGGG
6	8210000	2	3	TTAGGG
6	8220000	2	3	TTAGGG
6	8230000	0	1	TTAGGG
6	8240000	3	2	TTAGGG
6	8250000	1	1	TTAGGG
6	8260000	0	2	TTAGGG
6	8270000	3	2	TTAGGG
6	8280000	2	2	TTAGGG
6	8290000	2	5	TTAGGG
6	8300000	4	1	TTAGGG
6	8310000	2	0	TTAGGG
6	8320000	0	1	TTAGGG
6	8330000	1	1	TTAGGG
6	8340000	3	4	TTAGGG
6	8350000	2	1	TTAGGG
6	8360000	3	3	TTAGGG
6	8370000	2	2	TTAGGG
6	8380000	2	2	TTAGGG
6	8390000	1	3	TTAGGG
6	8400000	0	1	TTAGGG
6	8410000	2	2	TTAGGG
6	8420000	3	1	TTAGGG
6	8430000	1	2	TTAGGG
6	8440000	2	3	TTAGGG
6	8450000	1	2	TTAGGG
6	8460000	2	3	TTAGGG
6	8470000	0	0	TTAGGG
6	8480000	1	2	TTAGGG
6	8490000	1	3	TTAGGG
6	8500000	1	1	TTAGGG
6	8510000	3	1	TTAGGG
6	8520000	2	1	TTAGGG
6	8530000	0	2	TTAGGG
6	8540000	1	0	TTAGGG
6	8550000	2	2	TTAGGG
6	8560000	5	2	TTAGGG
6	8570000	3	1	TTAGGG
6	8580000	1	1	TTAGGG
6	8590000	2	2	TTAGGG
6	8600000	1	0	TTAGGG
6	8610000	1	3	TTAGGG
6	8620000	1	1	TTAGGG
6	8630000	1	3	TTAGGG
6	8640000	1	3	TTAGGG
6	8650000	3	1	TTAGGG
6	8660000	1	1	TTAGGG
6	8670000	0	0	TTAGGG
6	8680000	0	4	TTAGGG
6	8690000	1	4	TTAGGG
6	8700000	2	1	TTAGGG
6	8710000	2	1	TTAGGG
6	8720000	1	1	TTAGGG
6	8730000	2	1	TTAGGG
6	8740000	2	2	TTAGGG
6	8750000	1	2	TTAGGG
6	8760000	0	2	TTAGGG
6	8770000	1	0	TTAGGG
6	8780000	1	4	TTAGGG
6	8790000	1	0	TTAGGG
6	8800000	2	0	TTAGGG
6	8810000	3	0	TTAGGG
6	8820000	1	2	TTAGGG
6	8830000	0	2	TTAGGG
6	8840000	0	2	TTAGGG
6	8850000	1	3	TTAGGG
6	8860000	3	2	TTAGGG
6	8870000	2	4	TTAGGG
6	8880000	2	1	TTAGGG
6	8890000	0	2	TTAGGG
6	8900000	2	4	TTAGGG
6	8910000	3	2	TTAGGG
6	8920000	1	0	TTAGGG
6	8930000	1	2	TTAGGG
6	8940000	2	3	TTAGGG
6	8950000	0	2	TTAGGG
6	8960000	3	2	TTAGGG
6	8970000	0	1	TTAGGG
6	8980000	0	1	TTAGGG
6	8990000	1	0	TTAGGG
6	9000000	3	1	TTAGGG
6	9010000	3	1	TTAGGG
6	9020000	3	2	TTAGGG
6	9030000	3	1	TTAGGG
6	9040000	0	2	TTAGGG
6	9050000	2	2	TTAGGG
6	9060000	5	2	TTAGGG
6	9070000	3	3	TTAGGG
6	9080000	3	2	TTAGGG
6	9090000	1	3	TTAGGG
6	9100000	4	1	TTAGGG
6	9110000	1	0	TTAGGG
6	9120000	0	3	TTAGGG
6	9130000	0	2	TTAGGG
6	9140000	3	0	TTAGGG
6	9150000	1	0	TTAGGG
6	9160000	4	0	TTAGGG
6	9170000	1	0	TTAGGG
6	9180000	3	1	TTAGGG
6	9190000	1	4	TTAGGG
6	9200000	1	2	TTAGGG
6	9210000	2	1	TTAGGG
6	9220000	1	2	TTAGGG
6	9230000	0	0	TTAGGG
6	9240000	4	1	TTAGGG
6	9250000	0	0	TTAGGG
6	9260000	4	0	TTAGGG
6	9270000	1	3	TTAGGG
6	9280000	2	1	TTAGGG
6	9290000	1	3	TTAGGG
6	9300000	3	0	TTAGGG
6	9310000	2	2	TTAGGG
6	9320000	0	1	TTAGGG
6	9330000	2	3	TTAGGG
6	9340000	0	1	TTAGGG
6	9350000	2	1	TTAGGG
6	9360000	1	2	TTAGGG
6	9370000	1	1	TTAGGG
6	9380000	0	1	TTAGGG
6	9390000	1	4	TTAGGG
6	9400000	1	2	TTAGGG
6	9410000	2	5	TTAGGG
6	9420000	1	1	TTAGGG
6	9430000	5	2	TTAGGG
6	9440000	4	1	TTAGGG
6	9450000	2	2	TTAGGG
6	9460000	1	2	TTAGGG
6	9470000	3	3	TTAGGG
6	9480000	1	3	TTAGGG
6	9490000	2	1	TTAGGG
6	9500000	0	2	TTAGGG
6	9510000	1	3	TTAGGG
6	9520000	1	1	TTAGGG
6	9530000	1	2	TTAGGG
6	9540000	1	1	TTAGGG
6	9550000	3	2	TTAGGG
6	9560000	4	0	TTAGGG
6	9570000	1	2	TTAGGG
6	9580000	5	1	TTAGGG
6	9590000	1	1	TTAGGG
6	9600000	1	5	TTAGGG
6	9610000	2	2	TTAGGG
6	9620000	2	0	TTAGGG
6	9630000	2	2	TTAGGG
6	9640000	2	1	TTAGGG
6	9650000	1	0	TTAGGG
6	9660000	4	1	TTAGGG
6	9670000	4	4	TTAGGG
6	9680000	1	0	TTAGGG
6	9690000	1	2	TTAGGG
6	9700000	1	1	TTAGGG
6	9710000	2	2	TTAGGG
6	9720000	1	2	TTAGGG
6	9730000	3	2	TTAGGG
6	9740000	1	1	TTAGGG
6	9750000	2	1	TTAGGG
6	9760000	1	0	TTAGGG
6	9770000	2	3	TTAGGG
6	9780000	1	1	TTAGGG
6	9790000	1	1	TTAGGG
6	9800000	2	1	TTAGGG
6	9810000	2	2	TTAGGG
6	9820000	1	1	TTAGGG
6	9830000	1	0	TTAGGG
6	9840000	1	1	TTAGGG
6	9850000	0	0	TTAGGG
6	9860000	1	3	TTAGGG
6	9870000	5	2	TTAGGG
6	9880000	1	2	TTAGGG
6	9890000	2	1	TTAGGG
6	9900000	1	1	TTAGGG
6	9910000	2	1	TTAGGG
6	9920000	2	1	TTAGGG
6	9930000	1	1	TTAGGG
6	9940000	1	2	TTAGGG
6	9950000	4	1	TTAGGG
6	9960000	1	0	TTAGGG
6	9970000	1	1	TTAGGG
6	9980000	1	0	TTAGGG
6	9990000	1	0	TTAGGG
6	10000000	1	3	TTAGGG
6	10010000	1	4	TTAGGG
6	10020000	0	1	TTAGGG
6	10030000	1	1	TTAGGG
6	10040000	0	2	TTAGGG
6	10050000	2	2	TTAGGG
6	10060000	0	0	TTAGGG
6	10070000	0	1	TTAGGG
6	10080000	1	1	TTAGGG
6	10090000	2	0	TTAGGG
6	10100000	2	1	TTAGGG
6	10110000	1	1	TTAGGG
6	10120000	0	2	TTAGGG
6	10130000	0	0	TTAGGG
6	10140000	1	2	TTAGGG
6	10150000	0	1	TTAGGG
6	10160000	3	1	TTAGGG
6	10170000	2	2	TTAGGG
6	10180000	1	2	TTAGGG
6	10190000	4	2	TTAGGG
6	10200000	2	2	TTAGGG
6	10210000	1	3	TTAGGG
6	10220000	1	3	TTAGGG
6	10230000	2	0	TTAGGG
6	10240000	0	1	TTAGGG
6	10250000	1	0	TTAGGG
6	10260000	3	0	TTAGGG
6	10270000	0	3	TTAGGG
6	10280000	0	0	TTAGGG
6	10290000	3	1	TTAGGG
6	10300000	1	2	TTAGGG
6	10310000	1	1	TTAGGG
6	10320000	1	1	TTAGGG
6	10330000	1	4	TTAGGG
6	10340000	2	0	TTAGGG
6	10350000	0	0	TTAGGG
6	10360000	2	3	TTAGGG
6	10370000	1	2	TTAGGG
6	10380000	1	1	TTAGGG
6	10390000	4	1	TTAGGG
6	10400000	1	2	TTAGGG
6	10410000	1	1	TTAGGG
6	10420000	3	2	TTAGGG
6	10430000	1	2	TTAGGG
6	10440000	5	2	TTAGGG
6	10450000	2	3	TTAGGG
6	10460000	2	3	TTAGGG
6	10470000	1	1	TTAGGG
6	10480000	2	3	TTAGGG
6	10490000	1	1	TTAGGG
6	10500000	1	2	TTAGGG
6	10510000	3	1	TTAGGG
6	10520000	2	1	TTAGGG
6	10530000	1	2	TTAGGG
6	10540000	1	3	TTAGGG
6	10550000	1	0	TTAGGG
6	10560000	3	2	TTAGGG
6	10570000	3	2	TTAGGG
6	10580000	3	4	TTAGGG
6	10590000	2	1	TTAGGG
6	10600000	0	1	TTAGGG
6	10610000	0	0	TTAGGG
6	10620000	1	0	TTAGGG
6	10630000	1	1	TTAGGG
6	10640000	3	1	TTAGGG
6	10650000	2	0	TTAGGG
6	10660000	3	2	TTAGGG
6	10670000	0	2	TTAGGG
6	10680000	3	3	TTAGGG
6	10690000	0	0	TTAGGG
6	10700000	3	2	TTAGGG
6	10710000	1	1	TTAGGG
6	10720000	3	1	TTAGGG
6	10730000	0	1	TTAGGG
6	10740000	0	1	TTAGGG
6	10750000	1	1	TTAGGG
6	10760000	1	2	TTAGGG
6	10770000	1	0	TTAGGG
6	10780000	2	0	TTAGGG
6	10790000	0	3	TTAGGG
6	10800000	0	0	TTAGGG
6	10810000	0	0	TTAGGG
6	10820000	0	3	TTAGGG
6	10830000	0	0	TTAGGG
6	10840000	2	0	TTAGGG
6	10850000	1	2	TTAGGG
6	10860000	1	1	TTAGGG
6	10870000	0	2	TTAGGG
6	10880000	0	3	TTAGGG
6	10890000	2	0	TTAGGG
6	10900000	0	4	TTAGGG
6	10910000	1	1	TTAGGG
6	10920000	0	3	TTAGGG
6	10930000	2	1	TTAGGG
6	10940000	3	3	TTAGGG
6	10950000	0	0	TTAGGG
6	10960000	2	1	TTAGGG
6	10970000	0	4	TTAGGG
6	10980000	0	5	TTAGGG
6	10990000	0	4	TTAGGG
6	11000000	0	5	TTAGGG
6	11010000	0	4	TTAGGG
6	11020000	0	5	TTAGGG
6	11030000	0	4	TTAGGG
6	11040000	0	4	TTAGGG
6	11050000	0	5	TTAGGG
6	11060000	0	4	TTAGGG
6	11070000	0	4	TTAGGG
6	11080000	0	5	TTAGGG
6	11090000	0	4	TTAGGG
6	11100000	0	2	TTAGGG
6	11110000	4	0	TTAGGG
6	11120000	2	1	TTAGGG
6	11130000	4	0	TTAGGG
6	11140000	0	1	TTAGGG
6	11150000	5	2	TTAGGG
6	11160000	1	1	TTAGGG
6	11170000	1	0	TTAGGG
6	11180000	2	1	TTAGGG
6	11190000	1	0	TTAGGG
6	11200000	4	1	TTAGGG
6	11210000	1	3	TTAGGG
6	11220000	4	3	TTAGGG
6	11230000	2	0	TTAGGG
6	11240000	2	1	TTAGGG
6	11250000	4	3	TTAGGG
6	11260000	5	0	TTAGGG
6	11270000	7	1	TTAGGG
6	11280000	0	0	TTAGGG
6	11290000	1	1	TTAGGG
6	11300000	4	2	TTAGGG
6	11310000	0	2	TTAGGG
6	11320000	2	2	TTAGGG
6	11330000	1	2	TTAGGG
6	11340000	2	1	TTAGGG
6	11350000	2	0	TTAGGG
6	11360000	1	0	TTAGGG
6	11370000	1	1	TTAGGG
6	11380000	0	1	TTAGGG
6	11390000	2	3	TTAGGG
6	11400000	0	1	TTAGGG
6	11410000	2	2	TTAGGG
6	11420000	2	4	TTAGGG
6	11430000	1	3	TTAGGG
6	11440000	2	2	TTAGGG
6	11450000	3	1	TTAGGG
6	11460000	0	2	TTAGGG
6	11470000	1	1	TTAGGG
6	11480000	2	0	TTAGGG
6	11490000	1	1	TTAGGG
6	11500000	1	1	TTAGGG
6	11510000	0	0	TTAGGG
6	11520000	1	1	TTAGGG
6	11530000	0	3	TTAGGG
6	11540000	3	1	TTAGGG
6	11550000	1	3	TTAGGG
6	11560000	3	1	TTAGGG
6	11570000	2	2	TTAGGG
6	11580000	3	0	TTAGGG
6	11590000	0	1	TTAGGG
6	11600000	1	1	TTAGGG
6	11610000	0	1	TTAGGG
6	11620000	2	2	TTAGGG
6	11630000	0	1	TTAGGG
6	11640000	2	6	TTAGGG
6	11650000	1	2	TTAGGG
6	11660000	4	0	TTAGGG
6	11670000	3	3	TTAGGG
6	11680000	0	4	TTAGGG
6	11690000	2	2	TTAGGG
6	11700000	1	0	TTAGGG
6	11710000	1	3	TTAGGG
6	11720000	1	2	TTAGGG
6	11730000	4	6	TTAGGG
6	11740000	0	4	TTAGGG
6	11750000	2	0	TTAGGG
6	11760000	3	2	TTAGGG
6	11770000	0	2	TTAGGG
6	11780000	2	2	TTAGGG
6	11790000	4	1	TTAGGG
6	11800000	0	2	TTAGGG
6	11810000	2	1	TTAGGG
6	11820000	4	1	TTAGGG
6	11830000	0	2	TTAGGG
6	11840000	2	1	TTAGGG
6	11850000	4	1	TTAGGG
6	11860000	0	4	TTAGGG
6	11870000	2	0	TTAGGG
6	11880000	2	0	TTAGGG
6	11890000	2	1	TTAGGG
6	11900000	3	3	TTAGGG
6	11910000	1	0	TTAGGG
6	11920000	2	2	TTAGGG
6	11930000	1	1	TTAGGG
6	11940000	5	2	TTAGGG
6	11950000	0	0	TTAGGG
6	11960000	1	0	TTAGGG
6	11970000	3	0	TTAGGG
6	11980000	0	2	TTAGGG
6	11990000	3	1	TTAGGG
6	12000000	0	1	TTAGGG
6	12010000	0	0	TTAGGG
6	12020000	1	0	TTAGGG
6	12030000	1	2	TTAGGG
6	12040000	2	1	TTAGGG
6	12050000	0	2	TTAGGG
6	12060000	1	1	TTAGGG
6	12070000	2	3	TTAGGG
6	12080000	0	0	TTAGGG
6	12090000	1	5	TTAGGG
6	12100000	2	1	TTAGGG
6	12110000	4	2	TTAGGG
6	12120000	1	2	TTAGGG
6	12130000	3	1	TTAGGG
6	12140000	0	4	TTAGGG
6	12150000	2	2	TTAGGG
6	12160000	0	3	TTAGGG
6	12170000	3	0	TTAGGG
6	12180000	0	2	TTAGGG
6	12190000	1	2	TTAGGG
6	12200000	1	1	TTAGGG
6	12210000	1	0	TTAGGG
6	12220000	0	1	TTAGGG
6	12230000	2	2	TTAGGG
6	12240000	2	1	TTAGGG
6	12250000	3	2	TTAGGG
6	12260000	4	2	TTAGGG
6	12270000	2	1	TTAGGG
6	12280000	1	2	TTAGGG
6	12290000	3	2	TTAGGG
6	12300000	1	3	TTAGGG
6	12310000	0	2	TTAGGG
6	12320000	3	0	TTAGGG
6	12330000	0	0	TTAGGG
6	12340000	1	1	TTAGGG
6	12350000	2	0	TTAGGG
6	12360000	1	1	TTAGGG
6	12370000	1	1	TTAGGG
6	12380000	1	1	TTAGGG
6	12390000	2	1	TTAGGG
6	12400000	2	2	TTAGGG
6	12410000	3	0	TTAGGG
6	12420000	1	3	TTAGGG
6	12430000	0	2	TTAGGG
6	12440000	2	0	TTAGGG
6	12450000	1	2	TTAGGG
6	12460000	1	1	TTAGGG
6	12470000	3	2	TTAGGG
6	12480000	0	2	TTAGGG
6	12490000	4	2	TTAGGG
6	12500000	4	3	TTAGGG
6	12510000	2	2	TTAGGG
6	12520000	1	2	TTAGGG
6	12530000	3	3	TTAGGG
6	12540000	2	2	TTAGGG
6	12550000	3	2	TTAGGG
6	12560000	3	3	TTAGGG
6	12570000	2	2	TTAGGG
6	12580000	3	4	TTAGGG
6	12590000	1	0	TTAGGG
6	12600000	3	5	TTAGGG
6	12610000	1	3	TTAGGG
6	12620000	1	2	TTAGGG
6	12630000	1	2	TTAGGG
6	12640000	1	0	TTAGGG
6	12650000	1	0	TTAGGG
6	12660000	1	1	TTAGGG
6	12670000	1	2	TTAGGG
6	12680000	4	0	TTAGGG
6	12690000	0	6	TTAGGG
6	12700000	1	3	TTAGGG
6	12710000	0	4	TTAGGG
6	12720000	0	3	TTAGGG
6	12730000	1	1	TTAGGG
6	12740000	3	0	TTAGGG
6	12750000	0	1	TTAGGG
6	12760000	0	2	TTAGGG
6	12770000	3	0	TTAGGG
6	12780000	0	0	TTAGGG
6	12790000	2	1	TTAGGG
6	12800000	2	0	TTAGGG
6	12810000	8	2	TTAGGG
6	12820000	1	0	TTAGGG
6	12830000	3	1	TTAGGG
6	12840000	2	1	TTAGGG
6	12850000	1	2	TTAGGG
6	12860000	0	1	TTAGGG
6	12870000	3	2	TTAGGG
6	12880000	2	1	TTAGGG
6	12890000	0	2	TTAGGG
6	12900000	0	1	TTAGGG
6	12910000	0	1	TTAGGG
6	12920000	2	0	TTAGGG
6	12930000	1	1	TTAGGG
6	12940000	0	1	TTAGGG
6	12950000	1	4	TTAGGG
6	12960000	2	2	TTAGGG
6	12970000	2	2	TTAGGG
6	12980000	3	1	TTAGGG
6	12990000	5	2	TTAGGG
6	13000000	2	5	TTAGGG
6	13010000	4	0	TTAGGG
6	13020000	1	3	TTAGGG
6	13030000	3	0	TTAGGG
6	13040000	2	1	TTAGGG
6	13050000	0	2	TTAGGG
6	13060000	1	0	TTAGGG
6	13070000	0	2	TTAGGG
6	13080000	1	1	TTAGGG
6	13090000	1	0	TTAGGG
6	13100000	1	2	TTAGGG
6	13110000	1	2	TTAGGG
6	13120000	4	0	TTAGGG
6	13130000	1	2	TTAGGG
6	13140000	1	1	TTAGGG
6	13150000	0	2	TTAGGG
6	13160000	0	2	TTAGGG
6	13170000	3	0	TTAGGG
6	13180000	2	1	TTAGGG
6	13190000	2	0	TTAGGG
6	13200000	1	2	TTAGGG
6	13210000	0	1	TTAGGG
6	13220000	1	1	TTAGGG
6	13230000	3	3	TTAGGG
6	13240000	0	3	TTAGGG
6	13250000	5	1	TTAGGG
6	13260000	0	2	TTAGGG
6	13270000	1	5	TTAGGG
6	13280000	2	3	TTAGGG
6	13290000	2	1	TTAGGG
6	13300000	2	2	TTAGGG
6	13310000	2	3	TTAGGG
6	13320000	0	1	TTAGGG
6	13330000	3	2	TTAGGG
6	13340000	1	4	TTAGGG
6	13350000	2	0	TTAGGG
6	13360000	2	0	TTAGGG
6	13370000	2	2	TTAGGG
6	13380000	2	2	TTAGGG
6	13390000	3	0	TTAGGG
6	13400000	1	2	TTAGGG
6	13410000	3	1	TTAGGG
6	13420000	4	0	TTAGGG
6	13430000	2	2	TTAGGG
6	13440000	0	0	TTAGGG
6	13450000	3	1	TTAGGG
6	13460000	2	3	TTAGGG
6	13470000	2	3	TTAGGG
6	13480000	1	2	TTAGGG
6	13490000	0	1	TTAGGG
6	13500000	2	2	TTAGGG
6	13510000	2	1	TTAGGG
6	13520000	1	0	TTAGGG
6	13530000	0	0	TTAGGG
6	13540000	0	0	TTAGGG
6	13550000	0	1	TTAGGG
6	13560000	2	2	TTAGGG
6	13570000	1	1	TTAGGG
6	13580000	0	2	TTAGGG
6	13590000	3	0	TTAGGG
6	13600000	3	0	TTAGGG
6	13610000	3	1	TTAGGG
6	13620000	0	3	TTAGGG
6	13630000	3	1	TTAGGG
6	13640000	3	3	TTAGGG
6	13650000	0	0	TTAGGG
6	13660000	2	1	TTAGGG
6	13670000	2	0	TTAGGG
6	13680000	0	2	TTAGGG
6	13690000	1	0	TTAGGG
6	13700000	1	5	TTAGGG
6	13710000	1	1	TTAGGG
6	13720000	3	3	TTAGGG
6	13730000	1	0	TTAGGG
6	13740000	4	2	TTAGGG
6	13750000	2	2	TTAGGG
6	13760000	1	3	TTAGGG
6	13770000	0	0	TTAGGG
6	13780000	1	1	TTAGGG
6	13790000	0	2	TTAGGG
6	13800000	0	3	TTAGGG
6	13810000	0	2	TTAGGG
6	13820000	2	1	TTAGGG
6	13830000	0	5	TTAGGG
6	13840000	2	1	TTAGGG
6	13850000	1	1	TTAGGG
6	13860000	2	2	TTAGGG
6	13870000	0	1	TTAGGG
6	13880000	0	2	TTAGGG
6	13890000	0	8	TTAGGG
6	13900000	3	1	TTAGGG
6	13910000	1	1	TTAGGG
6	13920000	1	0	TTAGGG
6	13930000	1	2	TTAGGG
6	13940000	0	3	TTAGGG
6	13950000	3	2	TTAGGG
6	13960000	3	3	TTAGGG
6	13970000	0	2	TTAGGG
6	13980000	1	1	TTAGGG
6	13990000	2	0	TTAGGG
6	14000000	5	2	TTAGGG
6	14010000	3	2	TTAGGG
6	14020000	2	0	TTAGGG
6	14030000	2	0	TTAGGG
6	14040000	0	4	TTAGGG
6	14050000	2	0	TTAGGG
6	14060000	3	1	TTAGGG
6	14070000	3	1	TTAGGG
6	14080000	1	4	TTAGGG
6	14090000	2	3	TTAGGG
6	14100000	0	2	TTAGGG
6	14110000	2	2	TTAGGG
6	14120000	4	1	TTAGGG
6	14130000	3	2	TTAGGG
6	14140000	1	1	TTAGGG
6	14150000	2	0	TTAGGG
6	14160000	1	3	TTAGGG
6	14170000	1	4	TTAGGG
6	14180000	4	2	TTAGGG
6	14190000	2	4	TTAGGG
6	14200000	1	4	TTAGGG
6	14210000	1	1	TTAGGG
6	14220000	2	4	TTAGGG
6	14230000	2	1	TTAGGG
6	14240000	2	2	TTAGGG
6	14250000	2	2	TTAGGG
6	14260000	3	2	TTAGGG
6	14270000	1	0	TTAGGG
6	14280000	2	2	TTAGGG
6	14290000	1	3	TTAGGG
6	14300000	1	2	TTAGGG
6	14310000	2	3	TTAGGG
6	14320000	0	3	TTAGGG
6	14330000	3	1	TTAGGG
6	14340000	2	2	TTAGGG
6	14350000	1	4	TTAGGG
6	14360000	0	1	TTAGGG
6	14370000	2	2	TTAGGG
6	14380000	0	0	TTAGGG
6	14390000	1	3	TTAGGG
6	14400000	1	3	TTAGGG
6	14410000	2	0	TTAGGG
6	14420000	3	1	TTAGGG
6	14430000	1	3	TTAGGG
6	14440000	1	1	TTAGGG
6	14450000	1	4	TTAGGG
6	14460000	0	0	TTAGGG
6	14470000	4	5	TTAGGG
6	14480000	1	0	TTAGGG
6	14490000	4	2	TTAGGG
6	14500000	2	2	TTAGGG
6	14510000	1	1	TTAGGG
6	14520000	0	1	TTAGGG
6	14530000	1	2	TTAGGG
6	14540000	2	5	TTAGGG
6	14550000	1	0	TTAGGG
6	14560000	2	0	TTAGGG
6	14570000	3	1	TTAGGG
6	14580000	2	3	TTAGGG
6	14590000	0	2	TTAGGG
6	14600000	1	1	TTAGGG
6	14610000	0	2	TTAGGG
6	14620000	1	0	TTAGGG
6	14630000	1	1	TTAGGG
6	14640000	0	0	TTAGGG
6	14650000	2	1	TTAGGG
6	14660000	3	0	TTAGGG
6	14670000	2	3	TTAGGG
6	14680000	4	1	TTAGGG
6	14690000	1	2	TTAGGG
6	14700000	2	5	TTAGGG
6	14710000	2	1	TTAGGG
6	14720000	2	4	TTAGGG
6	14730000	3	2	TTAGGG
6	14740000	2	2	TTAGGG
6	14750000	3	1	TTAGGG
6	14760000	5	5	TTAGGG
6	14770000	5	5	TTAGGG
6	14780000	2	1	TTAGGG
6	14790000	4	3	TTAGGG
6	14800000	2	1	TTAGGG
6	14810000	5	2	TTAGGG
6	14820000	3	2	TTAGGG
6	14830000	5	5	TTAGGG
6	14840000	2	1	TTAGGG
6	14850000	3	1	TTAGGG
6	14860000	4	1	TTAGGG
6	14870000	0	3	TTAGGG
6	14880000	1	1	TTAGGG
6	14890000	1	1	TTAGGG
6	14900000	3	2	TTAGGG
6	14910000	0	1	TTAGGG
6	14920000	2	0	TTAGGG
6	14930000	2	0	TTAGGG
6	14940000	1	1	TTAGGG
6	14950000	3	1	TTAGGG
6	14960000	0	4	TTAGGG
6	14970000	2	3	TTAGGG
6	14980000	2	1	TTAGGG
6	14990000	3	1	TTAGGG
6	15000000	0	0	TTAGGG
6	15010000	1	2	TTAGGG
6	15020000	1	0	TTAGGG
6	15030000	3	2	TTAGGG
6	15040000	3	0	TTAGGG
6	15050000	3	1	TTAGGG
6	15060000	2	1	TTAGGG
6	15070000	0	2	TTAGGG
6	15080000	1	0	TTAGGG
6	15090000	2	0	TTAGGG
6	15100000	1	2	TTAGGG
6	15110000	3	0	TTAGGG
6	15120000	1	2	TTAGGG
6	15130000	4	2	TTAGGG
6	15140000	3	2	TTAGGG
6	15150000	1	2	TTAGGG
6	15160000	0	2	TTAGGG
6	15170000	1	0	TTAGGG
6	15180000	2	1	TTAGGG
6	15190000	2	2	TTAGGG
6	15200000	3	2	TTAGGG
6	15210000	1	1	TTAGGG
6	15220000	1	2	TTAGGG
6	15230000	1	5	TTAGGG
6	15240000	2	0	TTAGGG
6	15250000	1	3	TTAGGG
6	15260000	2	1	TTAGGG
6	15270000	2	5	TTAGGG
6	15280000	1	2	TTAGGG
6	15290000	1	0	TTAGGG
6	15300000	4	2	TTAGGG
6	15310000	3	0	TTAGGG
6	15320000	3	2	TTAGGG
6	15330000	2	3	TTAGGG
6	15340000	2	5	TTAGGG
6	15350000	2	2	TTAGGG
6	15360000	0	2	TTAGGG
6	15370000	3	1	TTAGGG
6	15380000	1	3	TTAGGG
6	15390000	3	3	TTAGGG
6	15400000	0	0	TTAGGG
6	15410000	1	1	TTAGGG
6	15420000	1	0	TTAGGG
6	15430000	2	0	TTAGGG
6	15440000	2	0	TTAGGG
6	15450000	0	2	TTAGGG
6	15460000	2	2	TTAGGG
6	15470000	2	2	TTAGGG
6	15480000	2	4	TTAGGG
6	15490000	5	1	TTAGGG
6	15500000	0	1	TTAGGG
6	15510000	0	1	TTAGGG
6	15520000	1	0	TTAGGG
6	15530000	2	2	TTAGGG
6	15540000	5	3	TTAGGG
6	15550000	2	2	TTAGGG
6	15560000	1	3	TTAGGG
6	15570000	0	2	TTAGGG
6	15580000	1	0	TTAGGG
6	15590000	1	1	TTAGGG
6	15600000	0	0	TTAGGG
6	15610000	3	2	TTAGGG
6	15620000	1	1	TTAGGG
6	15630000	1	1	TTAGGG
6	15640000	1	0	TTAGGG
6	15650000	2	0	TTAGGG
6	15660000	1	4	TTAGGG
6	15670000	0	2	TTAGGG
6	15680000	1	5	TTAGGG
6	15690000	3	1	TTAGGG
6	15700000	1	2	TTAGGG
6	15710000	3	0	TTAGGG
6	15720000	1	3	TTAGGG
6	15730000	1	3	TTAGGG
6	15740000	1	2	TTAGGG
6	15750000	1	3	TTAGGG
6	15760000	3	2	TTAGGG
6	15770000	1	2	TTAGGG
6	15780000	0	0	TTAGGG
6	15790000	0	1	TTAGGG
6	15800000	5	2	TTAGGG
6	15810000	2	4	TTAGGG
6	15820000	0	1	TTAGGG
6	15830000	4	0	TTAGGG
6	15840000	3	0	TTAGGG
6	15850000	2	0	TTAGGG
6	15860000	1	3	TTAGGG
6	15870000	3	3	TTAGGG
6	15880000	2	0	TTAGGG
6	15890000	3	5	TTAGGG
6	15900000	1	2	TTAGGG
6	15910000	1	0	TTAGGG
6	15920000	2	1	TTAGGG
6	15930000	3	2	TTAGGG
6	15940000	2	2	TTAGGG
6	15950000	1	1	TTAGGG
6	15960000	2	2	TTAGGG
6	15970000	2	2	TTAGGG
6	15980000	3	1	TTAGGG
6	15990000	1	1	TTAGGG
6	16000000	1	5	TTAGGG
6	16010000	3	0	TTAGGG
6	16020000	3	2	TTAGGG
6	16030000	3	3	TTAGGG
6	16040000	1	2	TTAGGG
6	16050000	0	2	TTAGGG
6	16060000	1	1	TTAGGG
6	16070000	1	1	TTAGGG
6	16080000	2	2	TTAGGG
6	16090000	1	1	TTAGGG
6	16100000	0	0	TTAGGG
6	16110000	1	3	TTAGGG
6	16120000	0	1	TTAGGG
6	16130000	0	1	TTAGGG
6	16140000	0	0	TTAGGG
6	16150000	3	1	TTAGGG
6	16160000	0	1	TTAGGG
6	16170000	0	0	TTAGGG
6	16180000	2	0	TTAGGG
6	16190000	1	0	TTAGGG
6	16200000	2	1	TTAGGG
6	16210000	0	0	TTAGGG
6	16220000	0	2	TTAGGG
6	16230000	0	0	TTAGGG
6	16240000	0	0	TTAGGG
6	16250000	1	3	TTAGGG
6	16260000	1	1	TTAGGG
6	16270000	1	2	TTAGGG
6	16280000	0	4	TTAGGG
6	16290000	2	4	TTAGGG
6	16300000	0	4	TTAGGG
6	16310000	1	1	TTAGGG
6	16320000	2	0	TTAGGG
6	16330000	1	0	TTAGGG
6	16340000	1	1	TTAGGG
6	16350000	0	0	TTAGGG
6	16360000	2	0	TTAGGG
6	16370000	0	0	TTAGGG
6	16380000	0	1	TTAGGG
6	16390000	3	2	TTAGGG
6	16400000	3	2	TTAGGG
6	16410000	1	2	TTAGGG
6	16420000	1	1	TTAGGG
6	16430000	1	2	TTAGGG
6	16440000	4	0	TTAGGG
6	16450000	1	4	TTAGGG
6	16460000	2	1	TTAGGG
6	16470000	1	3	TTAGGG
6	16480000	2	2	TTAGGG
6	16490000	0	0	TTAGGG
6	16500000	0	4	TTAGGG
6	16510000	1	0	TTAGGG
6	16520000	0	0	TTAGGG
6	16530000	3	2	TTAGGG
6	16540000	3	1	TTAGGG
6	16550000	1	2	TTAGGG
6	16560000	2	0	TTAGGG
6	16570000	2	1	TTAGGG
6	16580000	0	1	TTAGGG
6	16590000	0	0	TTAGGG
6	16600000	0	0	TTAGGG
6	16610000	2	2	TTAGGG
6	16620000	1	0	TTAGGG
6	16630000	2	2	TTAGGG
6	16640000	2	0	TTAGGG
6	16650000	0	1	TTAGGG
6	16660000	0	0	TTAGGG
6	16670000	2	0	TTAGGG
6	16680000	0	0	TTAGGG
6	16690000	1	0	TTAGGG
6	16700000	1	1	TTAGGG
6	16710000	3	0	TTAGGG
6	16720000	1	1	TTAGGG
6	16730000	0	2	TTAGGG
6	16740000	2	1	TTAGGG
6	16750000	3	1	TTAGGG
6	16760000	2	2	TTAGGG
6	16770000	1	1	TTAGGG
6	16780000	1	1	TTAGGG
6	16790000	1	1	TTAGGG
6	16800000	0	1	TTAGGG
6	16810000	1	2	TTAGGG
6	16820000	1	1	TTAGGG
6	16830000	1	2	TTAGGG
6	16840000	3	0	TTAGGG
6	16850000	2	0	TTAGGG
6	16860000	1	1	TTAGGG
6	16870000	1	1	TTAGGG
6	16880000	0	1	TTAGGG
6	16890000	2	1	TTAGGG
6	16900000	0	0	TTAGGG
6	16910000	2	2	TTAGGG
6	16920000	0	1	TTAGGG
6	16930000	2	1	TTAGGG
6	16940000	1	1	TTAGGG
6	16950000	2	2	TTAGGG
6	16960000	0	1	TTAGGG
6	16970000	2	0	TTAGGG
6	16980000	2	1	TTAGGG
6	16990000	1	3	TTAGGG
6	17000000	0	2	TTAGGG
6	17010000	1	2	TTAGGG
6	17020000	4	1	TTAGGG
6	17030000	1	4	TTAGGG
6	17040000	1	0	TTAGGG
6	17050000	0	1	TTAGGG
6	17060000	2	3	TTAGGG
6	17070000	1	1	TTAGGG
6	17080000	2	1	TTAGGG
6	17090000	1	0	TTAGGG
6	17100000	2	2	TTAGGG
6	17110000	0	1	TTAGGG
6	17120000	3	1	TTAGGG
6	17130000	1	1	TTAGGG
6	17140000	2	0	TTAGGG
6	17150000	1	2	TTAGGG
6	17160000	0	2	TTAGGG
6	17170000	9	0	TTAGGG
6	17180000	3	5	TTAGGG
6	17190000	2	2	TTAGGG
6	17200000	2	1	TTAGGG
6	17210000	5	0	TTAGGG
6	17220000	2	3	TTAGGG
6	17230000	0	6	TTAGGG
6	17240000	2	2	TTAGGG
6	17250000	1	2	TTAGGG
6	17260000	1	0	TTAGGG
6	17270000	3	3	TTAGGG
6	17280000	3	1	TTAGGG
6	17290000	0	1	TTAGGG
6	17300000	3	2	TTAGGG
6	17310000	0	1	TTAGGG
6	17320000	0	1	TTAGGG
6	17330000	0	0	TTAGGG
6	17340000	4	2	TTAGGG
6	17350000	0	3	TTAGGG
6	17360000	4	0	TTAGGG
6	17370000	1	4	TTAGGG
6	17380000	4	3	TTAGGG
6	17390000	2	1	TTAGGG
6	17400000	1	0	TTAGGG
6	17410000	1	2	TTAGGG
6	17420000	0	3	TTAGGG
6	17430000	3	0	TTAGGG
6	17440000	2	1	TTAGGG
6	17450000	0	1	TTAGGG
6	17460000	2	5	TTAGGG
6	17470000	2	1	TTAGGG
6	17480000	2	1	TTAGGG
6	17490000	2	1	TTAGGG
6	17500000	2	1	TTAGGG
6	17510000	2	3	TTAGGG
6	17520000	2	2	TTAGGG
6	17530000	0	0	TTAGGG
6	17540000	2	2	TTAGGG
6	17550000	0	2	TTAGGG
6	17560000	1	1	TTAGGG
6	17570000	1	1	TTAGGG
6	17580000	2	1	TTAGGG
6	17590000	0	3	TTAGGG
6	17600000	0	1	TTAGGG
6	17610000	2	0	TTAGGG
6	17620000	0	0	TTAGGG
6	17630000	4	0	TTAGGG
6	17640000	2	2	TTAGGG
6	17650000	1	0	TTAGGG
6	17660000	2	0	TTAGGG
6	17670000	0	0	TTAGGG
6	17680000	0	1	TTAGGG
6	17690000	5	1	TTAGGG
6	17700000	0	0	TTAGGG
6	17710000	1	2	TTAGGG
6	17720000	3	0	TTAGGG
6	17730000	0	3	TTAGGG
6	17740000	2	2	TTAGGG
6	17750000	2	2	TTAGGG
6	17760000	1	3	TTAGGG
6	17770000	1	1	TTAGGG
6	17780000	1	0	TTAGGG
6	17790000	2	0	TTAGGG
6	17800000	1	1	TTAGGG
6	17810000	2	1	TTAGGG
6	17820000	2	2	TTAGGG
6	17830000	0	0	TTAGGG
6	17840000	2	4	TTAGGG
6	17850000	1	1	TTAGGG
6	17860000	1	2	TTAGGG
6	17870000	1	0	TTAGGG
6	17880000	3	5	TTAGGG
6	17890000	0	0	TTAGGG
6	17900000	3	0	TTAGGG
6	17910000	0	1	TTAGGG
6	17920000	2	2	TTAGGG
6	17930000	1	4	TTAGGG
6	17940000	4	1	TTAGGG
6	17950000	0	2	TTAGGG
6	17960000	2	0	TTAGGG
6	17970000	1	2	TTAGGG
6	17980000	2	3	TTAGGG
6	17990000	3	3	TTAGGG
6	18000000	1	1	TTAGGG
6	18010000	3	2	TTAGGG
6	18020000	1	2	TTAGGG
6	18030000	3	1	TTAGGG
6	18040000	0	2	TTAGGG
6	18050000	1	2	TTAGGG
6	18060000	2	0	TTAGGG
6	18070000	1	1	TTAGGG
6	18080000	0	2	TTAGGG
6	18090000	2	3	TTAGGG
6	18100000	2	0	TTAGGG
6	18110000	2	0	TTAGGG
6	18120000	2	1	TTAGGG
6	18130000	3	0	TTAGGG
6	18140000	1	2	TTAGGG
6	18150000	3	1	TTAGGG
6	18160000	4	2	TTAGGG
6	18170000	1	0	TTAGGG
6	18180000	3	1	TTAGGG
6	18190000	3	0	TTAGGG
6	18200000	0	3	TTAGGG
6	18210000	2	2	TTAGGG
6	18220000	2	1	TTAGGG
6	18230000	3	0	TTAGGG
6	18240000	1	3	TTAGGG
6	18250000	0	3	TTAGGG
6	18260000	1	1	TTAGGG
6	18270000	1	0	TTAGGG
6	18280000	0	1	TTAGGG
6	18290000	0	1	TTAGGG
6	18300000	1	2	TTAGGG
6	18310000	2	2	TTAGGG
6	18320000	3	2	TTAGGG
6	18330000	2	2	TTAGGG
6	18340000	2	2	TTAGGG
6	18350000	2	1	TTAGGG
6	18360000	3	4	TTAGGG
6	18370000	2	2	TTAGGG
6	18380000	2	0	TTAGGG
6	18390000	0	1	TTAGGG
6	18400000	4	4	TTAGGG
6	18410000	1	0	TTAGGG
6	18420000	0	1	TTAGGG
6	18430000	2	3	TTAGGG
6	18440000	2	1	TTAGGG
6	18450000	2	1	TTAGGG
6	18460000	2	2	TTAGGG
6	18470000	0	0	TTAGGG
6	18480000	2	2	TTAGGG
6	18490000	1	1	TTAGGG
6	18500000	0	2	TTAGGG
6	18510000	3	1	TTAGGG
6	18520000	1	3	TTAGGG
6	18530000	2	0	TTAGGG
6	18540000	1	2	TTAGGG
6	18550000	3	1	TTAGGG
6	18560000	0	0	TTAGGG
6	18570000	1	1	TTAGGG
6	18580000	1	2	TTAGGG
6	18590000	5	2	TTAGGG
6	18600000	1	0	TTAGGG
6	18610000	2	2	TTAGGG
6	18620000	2	1	TTAGGG
6	18630000	2	1	TTAGGG
6	18640000	0	1	TTAGGG
6	18650000	3	1	TTAGGG
6	18660000	1	1	TTAGGG
6	18670000	0	3	TTAGGG
6	18680000	3	2	TTAGGG
6	18690000	1	2	TTAGGG
6	18700000	1	1	TTAGGG
6	18710000	1	0	TTAGGG
6	18720000	4	3	TTAGGG
6	18730000	0	1	TTAGGG
6	18740000	2	2	TTAGGG
6	18750000	3	3	TTAGGG
6	18760000	0	5	TTAGGG
6	18770000	2	2	TTAGGG
6	18780000	1	3	TTAGGG
6	18790000	3	0	TTAGGG
6	18800000	1	0	TTAGGG
6	18810000	0	0	TTAGGG
6	18820000	0	1	TTAGGG
6	18830000	0	2	TTAGGG
6	18840000	3	2	TTAGGG
6	18850000	0	1	TTAGGG
6	18860000	3	0	TTAGGG
6	18870000	0	3	TTAGGG
6	18880000	1	4	TTAGGG
6	18890000	1	1	TTAGGG
6	18900000	0	1	TTAGGG
6	18910000	1	5	TTAGGG
6	18920000	2	2	TTAGGG
6	18930000	1	1	TTAGGG
6	18940000	2	2	TTAGGG
6	18950000	3	4	TTAGGG
6	18960000	1	2	TTAGGG
6	18970000	2	1	TTAGGG
6	18980000	0	1	TTAGGG
6	18990000	1	3	TTAGGG
6	19000000	2	1	TTAGGG
6	19010000	0	5	TTAGGG
6	19020000	0	1	TTAGGG
6	19030000	1	2	TTAGGG
6	19040000	2	2	TTAGGG
6	19050000	0	2	TTAGGG
6	19060000	1	1	TTAGGG
6	19070000	0	0	TTAGGG
6	19080000	0	4	TTAGGG
6	19090000	4	2	TTAGGG
6	19100000	3	1	TTAGGG
6	19110000	2	1	TTAGGG
6	19120000	1	5	TTAGGG
6	19130000	0	1	TTAGGG
6	19140000	1	0	TTAGGG
6	19150000	0	0	TTAGGG
6	19160000	3	2	TTAGGG
6	19170000	1	1	TTAGGG
6	19180000	1	3	TTAGGG
6	19190000	1	0	TTAGGG
6	19200000	4	0	TTAGGG
6	19210000	0	1	TTAGGG
6	19220000	1	0	TTAGGG
6	19230000	4	2	TTAGGG
6	19240000	3	3	TTAGGG
6	19250000	1	0	TTAGGG
6	19260000	0	2	TTAGGG
6	19270000	0	4	TTAGGG
6	19280000	1	3	TTAGGG
6	19290000	0	2	TTAGGG
6	19300000	1	3	TTAGGG
6	19310000	3	2	TTAGGG
6	19320000	1	1	TTAGGG
6	19330000	1	1	TTAGGG
6	19340000	1	1	TTAGGG
6	19350000	3	2	TTAGGG
6	19360000	3	0	TTAGGG
6	19370000	1	0	TTAGGG
6	19380000	4	2	TTAGGG
6	19390000	0	2	TTAGGG
6	19400000	0	4	TTAGGG
6	19410000	3	0	TTAGGG
6	19420000	3	2	TTAGGG
6	19430000	1	3	TTAGGG
6	19440000	2	2	TTAGGG
6	19450000	4	0	TTAGGG
6	19460000	0	0	TTAGGG
6	19470000	0	1	TTAGGG
6	19480000	1	1	TTAGGG
6	19490000	2	3	TTAGGG
6	19500000	4	2	TTAGGG
6	19510000	0	2	TTAGGG
6	19520000	0	2	TTAGGG
6	19530000	0	1	TTAGGG
6	19540000	2	0	TTAGGG
6	19550000	1	2	TTAGGG
6	19560000	1	0	TTAGGG
6	19570000	0	1	TTAGGG
6	19580000	2	1	TTAGGG
6	19590000	1	0	TTAGGG
6	19600000	1	2	TTAGGG
6	19610000	1	2	TTAGGG
6	19620000	2	0	TTAGGG
6	19630000	4	1	TTAGGG
6	19640000	0	2	TTAGGG
6	19650000	2	0	TTAGGG
6	19660000	3	1	TTAGGG
6	19670000	2	2	TTAGGG
6	19680000	1	2	TTAGGG
6	19690000	3	0	TTAGGG
6	19700000	1	2	TTAGGG
6	19710000	0	2	TTAGGG
6	19720000	1	0	TTAGGG
6	19730000	1	0	TTAGGG
6	19740000	1	3	TTAGGG
6	19750000	2	2	TTAGGG
6	19760000	0	2	TTAGGG
6	19770000	0	2	TTAGGG
6	19780000	2	0	TTAGGG
6	19790000	3	2	TTAGGG
6	19800000	0	1	TTAGGG
6	19810000	0	1	TTAGGG
6	19820000	0	2	TTAGGG
6	19830000	1	2	TTAGGG
6	19840000	1	1	TTAGGG
6	19850000	1	2	TTAGGG
6	19860000	2	0	TTAGGG
6	19870000	3	1	TTAGGG
6	19880000	3	1	TTAGGG
6	19890000	2	0	TTAGGG
6	19900000	2	4	TTAGGG
6	19910000	0	2	TTAGGG
6	19920000	0	1	TTAGGG
6	19930000	1	1	TTAGGG
6	19940000	1	2	TTAGGG
6	19950000	1	1	TTAGGG
6	19960000	1	0	TTAGGG
6	19970000	4	3	TTAGGG
6	19980000	2	2	TTAGGG
6	19990000	2	2	TTAGGG
6	20000000	0	0	TTAGGG
6	20010000	5	2	TTAGGG
6	20020000	1	0	TTAGGG
6	20030000	3	0	TTAGGG
6	20040000	4	2	TTAGGG
6	20050000	0	0	TTAGGG
6	20060000	2	1	TTAGGG
6	20070000	1	0	TTAGGG
6	20080000	3	3	TTAGGG
6	20090000	2	2	TTAGGG
6	20100000	0	0	TTAGGG
6	20110000	0	0	TTAGGG
6	20120000	0	0	TTAGGG
6	20130000	1	2	TTAGGG
6	20140000	0	0	TTAGGG
6	20150000	4	2	TTAGGG
6	20160000	2	1	TTAGGG
6	20170000	0	0	TTAGGG
6	20180000	3	1	TTAGGG
6	20190000	2	1	TTAGGG
6	20200000	1	0	TTAGGG
6	20210000	1	2	TTAGGG
6	20220000	1	3	TTAGGG
6	20230000	0	4	TTAGGG
6	20240000	3	0	TTAGGG
6	20250000	0	1	TTAGGG
6	20260000	3	2	TTAGGG
6	20270000	0	3	TTAGGG
6	20280000	2	3	TTAGGG
6	20290000	3	1	TTAGGG
6	20300000	3	1	TTAGGG
6	20310000	1	1	TTAGGG
6	20320000	2	2	TTAGGG
6	20330000	3	5	TTAGGG
6	20340000	1	2	TTAGGG
6	20350000	4	4	TTAGGG
6	20360000	2	1	TTAGGG
6	20370000	2	1	TTAGGG
6	20380000	1	0	TTAGGG
6	20390000	1	0	TTAGGG
6	20400000	3	2	TTAGGG
6	20410000	3	0	TTAGGG
6	20420000	1	0	TTAGGG
6	20430000	0	0	TTAGGG
6	20440000	0	2	TTAGGG
6	20450000	3	0	TTAGGG
6	20460000	3	0	TTAGGG
6	20470000	0	0	TTAGGG
6	20480000	1	2	TTAGGG
6	20490000	1	1	TTAGGG
6	20500000	2	3	TTAGGG
6	20510000	0	1	TTAGGG
6	20520000	1	1	TTAGGG
6	20530000	1	1	TTAGGG
6	20540000	0	0	TTAGGG
6	20550000	0	0	TTAGGG
6	20560000	2	2	TTAGGG
6	20570000	2	3	TTAGGG
6	20580000	2	0	TTAGGG
6	20590000	1	2	TTAGGG
6	20600000	0	0	TTAGGG
6	20610000	0	0	TTAGGG
6	20620000	0	0	TTAGGG
6	20630000	0	0	TTAGGG
6	20640000	0	0	TTAGGG
6	20650000	0	0	TTAGGG
6	20660000	0	0	TTAGGG
6	20670000	0	0	TTAGGG
6	20680000	0	0	TTAGGG
6	20690000	0	0	TTAGGG
6	20700000	3	1	TTAGGG
6	20710000	1	3	TTAGGG
6	20720000	2	2	TTAGGG
6	20730000	2	0	TTAGGG
6	20740000	1	1	TTAGGG
6	20750000	1	2	TTAGGG
6	20760000	3	1	TTAGGG
6	20770000	3	4	TTAGGG
6	20780000	2	1	TTAGGG
6	20790000	3	1	TTAGGG
6	20800000	3	0	TTAGGG
6	20810000	0	5	TTAGGG
6	20820000	4	4	TTAGGG
6	20830000	0	1	TTAGGG
6	20840000	0	0	TTAGGG
6	20850000	0	2	TTAGGG
6	20860000	0	0	TTAGGG
6	20870000	2	0	TTAGGG
6	20880000	0	2	TTAGGG
6	20890000	3	2	TTAGGG
6	20900000	1	2	TTAGGG
6	20910000	2	4	TTAGGG
6	20920000	2	1	TTAGGG
6	20930000	2	2	TTAGGG
6	20940000	2	0	TTAGGG
6	20950000	1	1	TTAGGG
6	20960000	0	3	TTAGGG
6	20970000	3	2	TTAGGG
6	20980000	0	2	TTAGGG
6	20990000	2	4	TTAGGG
6	21000000	5	4	TTAGGG
6	21010000	2	1	TTAGGG
6	21020000	1	0	TTAGGG
6	21030000	2	2	TTAGGG
6	21040000	1	0	TTAGGG
6	21050000	1	1	TTAGGG
6	21060000	0	1	TTAGGG
6	21070000	4	1	TTAGGG
6	21080000	1	3	TTAGGG
6	21090000	0	2	TTAGGG
6	21100000	4	2	TTAGGG
6	21110000	3	2	TTAGGG
6	21120000	0	2	TTAGGG
6	21130000	1	0	TTAGGG
6	21140000	3	4	TTAGGG
6	21150000	1	4	TTAGGG
6	21160000	0	3	TTAGGG
6	21170000	2	0	TTAGGG
6	21180000	2	3	TTAGGG
6	21190000	2	3	TTAGGG
6	21200000	1	2	TTAGGG
6	21210000	2	2	TTAGGG
6	21220000	2	0	TTAGGG
6	21230000	2	0	TTAGGG
6	21240000	1	0	TTAGGG
6	21250000	4	0	TTAGGG
6	21260000	1	2	TTAGGG
6	21270000	1	3	TTAGGG
6	21280000	2	1	TTAGGG
6	21290000	0	0	TTAGGG
6	21300000	0	3	TTAGGG
6	21310000	0	3	TTAGGG
6	21320000	2	1	TTAGGG
6	21330000	1	1	TTAGGG
6	21340000	0	0	TTAGGG
6	21350000	0	3	TTAGGG
6	21360000	1	0	TTAGGG
6	21370000	3	1	TTAGGG
6	21380000	0	3	TTAGGG
6	21390000	1	3	TTAGGG
6	21400000	2	3	TTAGGG
6	21410000	1	1	TTAGGG
6	21420000	2	2	TTAGGG
6	21430000	1	0	TTAGGG
6	21440000	1	5	TTAGGG
6	21450000	3	1	TTAGGG
6	21460000	1	2	TTAGGG
6	21470000	1	1	TTAGGG
6	21480000	1	1	TTAGGG
6	21490000	2	3	TTAGGG
6	21500000	2	4	TTAGGG
6	21510000	1	2	TTAGGG
6	21520000	1	2	TTAGGG
6	21530000	2	0	TTAGGG
6	21540000	2	2	TTAGGG
6	21550000	1	4	TTAGGG
6	21560000	0	2	TTAGGG
6	21570000	1	1	TTAGGG
6	21580000	4	1	TTAGGG
6	21590000	1	2	TTAGGG
6	21600000	1	1	TTAGGG
6	21610000	1	0	TTAGGG
6	21620000	1	1	TTAGGG
6	21630000	2	1	TTAGGG
6	21640000	0	2	TTAGGG
6	21650000	1	0	TTAGGG
6	21660000	1	3	TTAGGG
6	21670000	1	2	TTAGGG
6	21680000	0	1	TTAGGG
6	21690000	2	0	TTAGGG
6	21700000	0	0	TTAGGG
6	21710000	1	3	TTAGGG
6	21720000	1	1	TTAGGG
6	21730000	1	2	TTAGGG
6	21740000	0	2	TTAGGG
6	21750000	0	0	TTAGGG
6	21760000	0	0	TTAGGG
6	21770000	0	0	TTAGGG
6	21780000	0	0	TTAGGG
6	21790000	0	0	TTAGGG
6	21800000	0	0	TTAGGG
6	21803107	0	0	TTAGGG
7	10000	3	0	TTAGGG
7	14523	3	0	TTAGGG
ptg000009l	10000	0	3	TTAGGG
ptg000009l	20000	0	6	TTAGGG
ptg000009l	24978	0	0	TTAGGG
ptg000010l	10000	0	0	TTAGGG
ptg000010l	20000	0	0	TTAGGG
ptg000010l	30000	0	0	TTAGGG
ptg000010l	40000	0	0	TTAGGG
ptg000010l	50000	0	0	TTAGGG
ptg000010l	60000	0	0	TTAGGG
ptg000010l	70000	0	0	TTAGGG
ptg000010l	70674	0	0	TTAGGG
ptg000012l	10000	0	1664	TTAGGG
ptg000012l	20000	0	1665	TTAGGG
ptg000012l	30000	0	490	TTAGGG
ptg000012l	40000	0	0	TTAGGG
ptg000012l	50000	0	0	TTAGGG
ptg000012l	60000	0	0	TTAGGG
ptg000012l	70000	0	0	TTAGGG
ptg000012l	80000	0	0	TTAGGG
ptg000012l	90000	0	0	TTAGGG
ptg000012l	100000	2	0	TTAGGG
ptg000012l	110000	2	0	TTAGGG
ptg000012l	120000	2	0	TTAGGG
ptg000012l	130000	2	0	TTAGGG
ptg000012l	140000	2	0	TTAGGG
ptg000012l	150000	2	0	TTAGGG
ptg000012l	160000	2	0	TTAGGG
ptg000012l	170000	3	0	TTAGGG
ptg000012l	180000	2	0	TTAGGG
ptg000012l	190000	1	0	TTAGGG
ptg000012l	200000	1	0	TTAGGG
ptg000012l	210000	5	2	TTAGGG
ptg000012l	220000	63	53	TTAGGG
ptg000012l	230000	1	13	TTAGGG
ptg000012l	240000	2	8	TTAGGG
ptg000012l	250000	48	30	TTAGGG
ptg000012l	260000	37	2	TTAGGG
ptg000012l	270000	33	57	TTAGGG
ptg000012l	280000	68	45	TTAGGG
ptg000012l	290000	2	17	TTAGGG
ptg000012l	300000	67	53	TTAGGG
ptg000012l	310000	1	12	TTAGGG
ptg000012l	320000	3	11	TTAGGG
ptg000012l	330000	66	58	TTAGGG
ptg000012l	340000	2	8	TTAGGG
ptg000012l	350000	6	10	TTAGGG
ptg000012l	360000	62	57	TTAGGG
ptg000012l	370000	69	8	TTAGGG
ptg000012l	380000	1	53	TTAGGG
ptg000012l	390000	1	10	TTAGGG
ptg000012l	400000	2	11	TTAGGG
ptg000012l	410000	2	6	TTAGGG
ptg000012l	420000	63	57	TTAGGG
ptg000012l	430000	5	9	TTAGGG
ptg000012l	440000	64	53	TTAGGG
ptg000012l	450000	2	11	TTAGGG
ptg000012l	460000	6	6	TTAGGG
ptg000012l	470000	64	43	TTAGGG
ptg000012l	480000	8	17	TTAGGG
ptg000012l	490000	64	53	TTAGGG
ptg000012l	500000	1	12	TTAGGG
ptg000012l	510000	2	11	TTAGGG
ptg000012l	520000	1	12	TTAGGG
ptg000012l	530000	70	2	TTAGGG
ptg000012l	540000	3	61	TTAGGG
ptg000012l	550000	2	6	TTAGGG
ptg000012l	560000	65	57	TTAGGG
ptg000012l	570000	2	11	TTAGGG
ptg000012l	580000	66	54	TTAGGG
ptg000012l	590000	1	12	TTAGGG
ptg000012l	600000	32	2	TTAGGG
ptg000012l	610000	36	56	TTAGGG
ptg000012l	620000	2	9	TTAGGG
ptg000012l	630000	66	52	TTAGGG
ptg000012l	640000	2	12	TTAGGG
ptg000012l	650000	68	53	TTAGGG
ptg000012l	660000	1	12	TTAGGG
ptg000012l	670000	2	9	TTAGGG
ptg000012l	680000	1	14	TTAGGG
ptg000012l	690000	1	7	TTAGGG
ptg000012l	700000	2	12	TTAGGG
ptg000012l	710000	2	14	TTAGGG
ptg000012l	720000	67	54	TTAGGG
ptg000012l	730000	1	6	TTAGGG
ptg000012l	740000	2	11	TTAGGG
ptg000012l	750000	1	12	TTAGGG
ptg000012l	760000	2	9	TTAGGG
ptg000012l	770000	1	14	TTAGGG
ptg000012l	780000	34	3	TTAGGG
ptg000012l	790000	34	58	TTAGGG
ptg000012l	800000	2	12	TTAGGG
ptg000012l	810000	1	14	TTAGGG
ptg000012l	820000	4	10	TTAGGG
ptg000012l	830000	64	52	TTAGGG
ptg000012l	840000	0	0	TTAGGG
ptg000012l	850000	0	0	TTAGGG
ptg000012l	860000	0	0	TTAGGG
ptg000012l	870000	0	0	TTAGGG
ptg000012l	880000	0	0	TTAGGG
ptg000012l	890000	0	0	TTAGGG
ptg000012l	900000	0	0	TTAGGG
ptg000012l	910000	0	0	TTAGGG
ptg000012l	920000	0	0	TTAGGG
ptg000012l	930000	0	0	TTAGGG
ptg000012l	940000	0	0	TTAGGG
ptg000012l	950000	0	0	TTAGGG
ptg000012l	960000	0	0	TTAGGG
ptg000012l	970000	0	0	TTAGGG
ptg000012l	980000	0	0	TTAGGG
ptg000012l	990000	0	0	TTAGGG
ptg000012l	1000000	0	0	TTAGGG
ptg000012l	1010000	0	0	TTAGGG
ptg000012l	1020000	0	0	TTAGGG
ptg000012l	1030000	0	0	TTAGGG
ptg000012l	1040000	0	0	TTAGGG
ptg000012l	1050000	0	0	TTAGGG
ptg000012l	1060000	0	0	TTAGGG
ptg000012l	1070000	0	0	TTAGGG
ptg000012l	1080000	0	0	TTAGGG
ptg000012l	1090000	0	0	TTAGGG
ptg000012l	1100000	0	0	TTAGGG
ptg000012l	1109750	0	0	TTAGGG
ptg000014l	10000	2	0	TTAGGG
ptg000014l	20000	2	0	TTAGGG
ptg000014l	30000	2	0	TTAGGG
ptg000014l	40000	1	0	TTAGGG
ptg000014l	50000	2	0	TTAGGG
ptg000014l	60000	2	0	TTAGGG
ptg000014l	70000	2	0	TTAGGG
ptg000014l	80000	2	0	TTAGGG
ptg000014l	88763	2	0	TTAGGG
ptg000016l	10000	0	1	TTAGGG
ptg000016l	20000	0	2	TTAGGG
ptg000016l	30000	0	2	TTAGGG
ptg000016l	40000	0	2	TTAGGG
ptg000016l	50000	0	2	TTAGGG
ptg000016l	51530	0	0	TTAGGG
ptg000018l	10000	0	0	TTAGGG
ptg000018l	20000	0	0	TTAGGG
ptg000018l	30000	0	0	TTAGGG
ptg000018l	40000	0	0	TTAGGG
ptg000018l	50000	0	0	TTAGGG
ptg000018l	60000	0	0	TTAGGG
ptg000018l	70000	0	0	TTAGGG
ptg000018l	80000	0	0	TTAGGG
ptg000018l	90000	0	0	TTAGGG
ptg000018l	100000	0	0	TTAGGG
ptg000018l	110000	0	0	TTAGGG
ptg000018l	120000	0	0	TTAGGG
ptg000018l	130000	0	0	TTAGGG
ptg000018l	140000	2	0	TTAGGG
ptg000018l	150000	0	0	TTAGGG
ptg000018l	160000	0	0	TTAGGG
ptg000018l	161160	0	0	TTAGGG
ptg000019l	10000	0	0	TTAGGG
ptg000019l	20000	0	0	TTAGGG
ptg000019l	30000	0	0	TTAGGG
ptg000019l	40000	0	0	TTAGGG
ptg000019l	50000	0	0	TTAGGG
ptg000019l	60000	0	0	TTAGGG
ptg000019l	70000	0	0	TTAGGG
ptg000019l	80000	0	0	TTAGGG
ptg000019l	90000	0	0	TTAGGG
ptg000019l	100000	0	0	TTAGGG
ptg000019l	110000	0	0	TTAGGG
ptg000019l	120000	0	0	TTAGGG
ptg000019l	130000	0	0	TTAGGG
ptg000019l	140000	0	0	TTAGGG
ptg000019l	150000	0	0	TTAGGG
ptg000019l	160000	0	0	TTAGGG
ptg000019l	170000	0	0	TTAGGG
ptg000019l	180000	0	0	TTAGGG
ptg000019l	190000	0	0	TTAGGG
ptg000019l	200000	0	0	TTAGGG
ptg000019l	210000	0	0	TTAGGG
ptg000019l	220000	0	0	TTAGGG
ptg000019l	230000	0	0	TTAGGG
ptg000019l	240000	0	0	TTAGGG
ptg000019l	250000	0	0	TTAGGG
ptg000019l	260000	0	0	TTAGGG
ptg000019l	270000	0	0	TTAGGG
ptg000019l	280000	0	0	TTAGGG
ptg000019l	290000	0	0	TTAGGG
ptg000019l	300000	0	0	TTAGGG
ptg000019l	310000	0	0	TTAGGG
ptg000019l	320000	0	0	TTAGGG
ptg000019l	330000	0	0	TTAGGG
ptg000019l	340000	0	0	TTAGGG
ptg000019l	350000	0	3	TTAGGG
ptg000019l	360000	0	1	TTAGGG
ptg000019l	370000	0	0	TTAGGG
ptg000019l	380000	0	0	TTAGGG
ptg000019l	390000	0	0	TTAGGG
ptg000019l	400000	0	0	TTAGGG
ptg000019l	410000	0	0	TTAGGG
ptg000019l	420000	0	0	TTAGGG
ptg000019l	430000	0	0	TTAGGG
ptg000019l	440000	0	0	TTAGGG
ptg000019l	450000	0	0	TTAGGG
ptg000019l	460000	0	0	TTAGGG
ptg000019l	470000	0	0	TTAGGG
ptg000019l	480000	0	0	TTAGGG
ptg000019l	490000	0	0	TTAGGG
ptg000019l	500000	0	0	TTAGGG
ptg000019l	510000	0	0	TTAGGG
ptg000019l	520000	0	0	TTAGGG
ptg000019l	530000	0	0	TTAGGG
ptg000019l	540000	0	0	TTAGGG
ptg000019l	550000	0	0	TTAGGG
ptg000019l	560000	0	0	TTAGGG
ptg000019l	570000	0	1	TTAGGG
ptg000019l	580000	0	0	TTAGGG
ptg000019l	590000	0	0	TTAGGG
ptg000019l	600000	0	0	TTAGGG
ptg000019l	610000	0	0	TTAGGG
ptg000019l	620000	0	0	TTAGGG
ptg000019l	630000	0	0	TTAGGG
ptg000019l	640000	0	1	TTAGGG
ptg000019l	650000	0	0	TTAGGG
ptg000019l	660000	0	0	TTAGGG
ptg000019l	670000	0	0	TTAGGG
ptg000019l	680000	0	0	TTAGGG
ptg000019l	690000	29	66	TTAGGG
ptg000019l	700000	6	2	TTAGGG
ptg000019l	710000	0	0	TTAGGG
ptg000019l	720000	50	61	TTAGGG
ptg000019l	730000	7	3	TTAGGG
ptg000019l	740000	50	62	TTAGGG
ptg000019l	750000	10	4	TTAGGG
ptg000019l	760000	57	30	TTAGGG
ptg000019l	770000	2	41	TTAGGG
ptg000019l	780000	13	3	TTAGGG
ptg000019l	790000	8	4	TTAGGG
ptg000019l	800000	10	3	TTAGGG
ptg000019l	810000	10	2	TTAGGG
ptg000019l	820000	8	3	TTAGGG
ptg000019l	830000	12	3	TTAGGG
ptg000019l	840000	7	2	TTAGGG
ptg000019l	850000	10	2	TTAGGG
ptg000019l	860000	56	32	TTAGGG
ptg000019l	870000	3	33	TTAGGG
ptg000019l	880000	56	65	TTAGGG
ptg000019l	890000	6	6	TTAGGG
ptg000019l	900000	55	66	TTAGGG
ptg000019l	910000	54	21	TTAGGG
ptg000019l	920000	2	51	TTAGGG
ptg000019l	930000	10	3	TTAGGG
ptg000019l	940000	48	65	TTAGGG
ptg000019l	950000	8	8	TTAGGG
ptg000019l	960000	11	3	TTAGGG
ptg000019l	970000	52	63	TTAGGG
ptg000019l	980000	7	8	TTAGGG
ptg000019l	990000	48	64	TTAGGG
ptg000019l	1000000	9	4	TTAGGG
ptg000019l	1010000	20	65	TTAGGG
ptg000019l	1020000	10	2	TTAGGG
ptg000019l	1030000	7	6	TTAGGG
ptg000019l	1040000	24	3	TTAGGG
ptg000019l	1050000	6	67	TTAGGG
ptg000019l	1060000	11	3	TTAGGG
ptg000019l	1070000	11	6	TTAGGG
ptg000019l	1080000	12	65	TTAGGG
ptg000019l	1090000	12	9	TTAGGG
ptg000019l	1100000	4	70	TTAGGG
ptg000019l	1110000	12	65	TTAGGG
ptg000019l	1120000	13	21	TTAGGG
ptg000019l	1130000	2	55	TTAGGG
ptg000019l	1140000	55	61	TTAGGG
ptg000019l	1150000	6	2	TTAGGG
ptg000019l	1160000	10	2	TTAGGG
ptg000019l	1170000	11	1	TTAGGG
ptg000019l	1180000	34	1	TTAGGG
ptg000019l	1190000	28	69	TTAGGG
ptg000019l	1200000	11	1	TTAGGG
ptg000019l	1210000	54	67	TTAGGG
ptg000019l	1220000	58	6	TTAGGG
ptg000019l	1230000	2	65	TTAGGG
ptg000019l	1240000	11	3	TTAGGG
ptg000019l	1250000	11	6	TTAGGG
ptg000019l	1260000	11	3	TTAGGG
ptg000019l	1270000	10	3	TTAGGG
ptg000019l	1280000	8	6	TTAGGG
ptg000019l	1290000	12	3	TTAGGG
ptg000019l	1300000	12	6	TTAGGG
ptg000019l	1310000	12	3	TTAGGG
ptg000019l	1320000	53	64	TTAGGG
ptg000019l	1330000	44	1	TTAGGG
ptg000019l	1340000	16	68	TTAGGG
ptg000019l	1350000	58	37	TTAGGG
ptg000019l	1360000	2	32	TTAGGG
ptg000019l	1370000	12	3	TTAGGG
ptg000019l	1380000	8	6	TTAGGG
ptg000019l	1390000	57	63	TTAGGG
ptg000019l	1400000	6	4	TTAGGG
ptg000019l	1410000	6	2	TTAGGG
ptg000019l	1420000	0	2	TTAGGG
ptg000019l	1430000	0	2	TTAGGG
ptg000019l	1440000	0	3	TTAGGG
ptg000019l	1450000	0	1	TTAGGG
ptg000019l	1460000	0	0	TTAGGG
ptg000019l	1470000	0	0	TTAGGG
ptg000019l	1480000	0	0	TTAGGG
ptg000019l	1487368	0	0	TTAGGG
ptg000020l	10000	0	0	TTAGGG
ptg000020l	20000	0	0	TTAGGG
ptg000020l	30000	0	0	TTAGGG
ptg000020l	40000	0	0	TTAGGG
ptg000020l	50000	0	0	TTAGGG
ptg000020l	60000	0	0	TTAGGG
ptg000020l	70000	0	0	TTAGGG
ptg000020l	80000	0	0	TTAGGG
ptg000020l	90000	0	0	TTAGGG
ptg000020l	100000	0	0	TTAGGG
ptg000020l	110000	0	0	TTAGGG
ptg000020l	120000	0	0	TTAGGG
ptg000020l	130000	0	0	TTAGGG
ptg000020l	140000	0	0	TTAGGG
ptg000020l	150000	0	0	TTAGGG
ptg000020l	160000	0	0	TTAGGG
ptg000020l	170000	0	0	TTAGGG
ptg000020l	180000	0	0	TTAGGG
ptg000020l	190000	0	0	TTAGGG
ptg000020l	200000	0	0	TTAGGG
ptg000020l	210000	0	0	TTAGGG
ptg000020l	220000	0	0	TTAGGG
ptg000020l	230000	0	0	TTAGGG
ptg000020l	240000	0	0	TTAGGG
ptg000020l	250000	0	0	TTAGGG
ptg000020l	260000	0	0	TTAGGG
ptg000020l	270000	0	0	TTAGGG
ptg000020l	280000	0	0	TTAGGG
ptg000020l	290000	0	0	TTAGGG
ptg000020l	300000	0	0	TTAGGG
ptg000020l	310000	0	0	TTAGGG
ptg000020l	320000	0	0	TTAGGG
ptg000020l	330000	0	0	TTAGGG
ptg000020l	340000	0	0	TTAGGG
ptg000020l	350000	0	0	TTAGGG
ptg000020l	360000	0	0	TTAGGG
ptg000020l	370000	0	0	TTAGGG
ptg000020l	380000	0	0	TTAGGG
ptg000020l	390000	0	0	TTAGGG
ptg000020l	400000	0	0	TTAGGG
ptg000020l	410000	0	0	TTAGGG
ptg000020l	420000	0	0	TTAGGG
ptg000020l	430000	0	0	TTAGGG
ptg000020l	440000	0	0	TTAGGG
ptg000020l	450000	0	0	TTAGGG
ptg000020l	460000	0	0	TTAGGG
ptg000020l	470000	0	0	TTAGGG
ptg000020l	480000	0	0	TTAGGG
ptg000020l	490000	0	0	TTAGGG
ptg000020l	500000	0	0	TTAGGG
ptg000020l	510000	0	0	TTAGGG
ptg000020l	518577	0	0	TTAGGG
ptg000021l	10000	0	0	TTAGGG
ptg000021l	20000	0	0	TTAGGG
ptg000021l	30000	0	0	TTAGGG
ptg000021l	40000	0	0	TTAGGG
ptg000021l	50000	0	0	TTAGGG
ptg000021l	60000	0	0	TTAGGG
ptg000021l	70000	0	0	TTAGGG
ptg000021l	80000	0	0	TTAGGG
ptg000021l	90000	0	0	TTAGGG
ptg000021l	100000	0	0	TTAGGG
ptg000021l	110000	0	0	TTAGGG
ptg000021l	120000	0	0	TTAGGG
ptg000021l	130000	0	0	TTAGGG
ptg000021l	140000	0	0	TTAGGG
ptg000021l	150000	0	0	TTAGGG
ptg000021l	160000	0	0	TTAGGG
ptg000021l	170000	0	0	TTAGGG
ptg000021l	180000	0	0	TTAGGG
ptg000021l	190000	0	0	TTAGGG
ptg000021l	200000	0	0	TTAGGG
ptg000021l	210000	0	0	TTAGGG
ptg000021l	220000	0	0	TTAGGG
ptg000021l	230000	0	0	TTAGGG
ptg000021l	240000	0	0	TTAGGG
ptg000021l	250000	0	0	TTAGGG
ptg000021l	260000	0	0	TTAGGG
ptg000021l	270000	0	0	TTAGGG
ptg000021l	280000	0	0	TTAGGG
ptg000021l	290000	0	0	TTAGGG
ptg000021l	300000	0	0	TTAGGG
ptg000021l	310000	0	0	TTAGGG
ptg000021l	320000	0	0	TTAGGG
ptg000021l	330000	0	0	TTAGGG
ptg000021l	340000	0	0	TTAGGG
ptg000021l	350000	0	0	TTAGGG
ptg000021l	360000	0	0	TTAGGG
ptg000021l	370000	0	0	TTAGGG
ptg000021l	380000	0	0	TTAGGG
ptg000021l	390000	0	0	TTAGGG
ptg000021l	400000	0	0	TTAGGG
ptg000021l	410000	0	0	TTAGGG
ptg000021l	420000	0	0	TTAGGG
ptg000021l	430000	0	0	TTAGGG
ptg000021l	440000	0	0	TTAGGG
ptg000021l	450000	0	0	TTAGGG
ptg000021l	460000	0	0	TTAGGG
ptg000021l	470000	0	0	TTAGGG
ptg000021l	480000	0	0	TTAGGG
ptg000021l	490000	0	0	TTAGGG
ptg000021l	500000	0	0	TTAGGG
ptg000021l	510000	0	0	TTAGGG
ptg000021l	520000	0	0	TTAGGG
ptg000021l	530000	0	0	TTAGGG
ptg000021l	540000	0	0	TTAGGG
ptg000021l	550000	0	0	TTAGGG
ptg000021l	560000	0	0	TTAGGG
ptg000021l	570000	0	0	TTAGGG
ptg000021l	580000	0	0	TTAGGG
ptg000021l	590000	0	0	TTAGGG
ptg000021l	600000	0	0	TTAGGG
ptg000021l	610000	0	0	TTAGGG
ptg000021l	620000	0	0	TTAGGG
ptg000021l	622507	0	0	TTAGGG
ptg000022l	10000	0	0	TTAGGG
ptg000022l	20000	0	0	TTAGGG
ptg000022l	30000	0	0	TTAGGG
ptg000022l	40000	0	5	TTAGGG
ptg000022l	50000	3	8	TTAGGG
ptg000022l	60000	3	2	TTAGGG
ptg000022l	70000	2	0	TTAGGG
ptg000022l	80000	0	0	TTAGGG
ptg000022l	90000	0	0	TTAGGG
ptg000022l	100000	0	0	TTAGGG
ptg000022l	110000	0	0	TTAGGG
ptg000022l	120000	0	0	TTAGGG
ptg000022l	130000	0	0	TTAGGG
ptg000022l	140000	0	0	TTAGGG
ptg000022l	150000	0	0	TTAGGG
ptg000022l	155914	0	0	TTAGGG
ptg000023l	10000	6	0	TTAGGG
ptg000023l	20000	3	0	TTAGGG
ptg000023l	24177	3	0	TTAGGG
ptg000024l	10000	0	4	TTAGGG
ptg000024l	20000	0	5	TTAGGG
ptg000024l	30000	0	3	TTAGGG
ptg000024l	40000	0	5	TTAGGG
ptg000024l	50000	0	4	TTAGGG
ptg000024l	54671	0	2	TTAGGG
ptg000025l	10000	0	1	TTAGGG
ptg000025l	20000	0	2	TTAGGG
ptg000025l	30000	0	2	TTAGGG
ptg000025l	40000	0	2	TTAGGG
ptg000025l	48938	0	1	TTAGGG
ptg000026l	10000	0	0	TTAGGG
ptg000026l	20000	0	0	TTAGGG
ptg000026l	30000	0	53	TTAGGG
ptg000026l	40000	1	47	TTAGGG
ptg000026l	50000	16	1	TTAGGG
ptg000026l	60000	53	0	TTAGGG
ptg000026l	70000	0	46	TTAGGG
ptg000026l	80000	1	53	TTAGGG
ptg000026l	90000	48	1	TTAGGG
ptg000026l	100000	23	0	TTAGGG
ptg000026l	110000	1	98	TTAGGG
ptg000026l	120000	2	50	TTAGGG
ptg000026l	130000	1	49	TTAGGG
ptg000026l	140000	74	1	TTAGGG
ptg000026l	150000	25	1	TTAGGG
ptg000026l	160000	1	69	TTAGGG
ptg000026l	161072	0	0	TTAGGG
ptg000027l	10000	0	0	TTAGGG
ptg000027l	20000	0	0	TTAGGG
ptg000027l	30000	0	0	TTAGGG
ptg000027l	40000	0	0	TTAGGG
ptg000027l	50000	0	0	TTAGGG
ptg000027l	60000	0	0	TTAGGG
ptg000027l	70000	0	0	TTAGGG
ptg000027l	80000	0	0	TTAGGG
ptg000027l	90000	0	0	TTAGGG
ptg000027l	100000	0	0	TTAGGG
ptg000027l	110000	0	0	TTAGGG
ptg000027l	120000	0	0	TTAGGG
ptg000027l	130000	0	1	TTAGGG
ptg000027l	140000	0	0	TTAGGG
ptg000027l	150000	0	0	TTAGGG
ptg000027l	160000	0	0	TTAGGG
ptg000027l	170000	0	0	TTAGGG
ptg000027l	180000	0	0	TTAGGG
ptg000027l	190000	0	0	TTAGGG
ptg000027l	200000	0	0	TTAGGG
ptg000027l	210000	0	0	TTAGGG
ptg000027l	220000	0	0	TTAGGG
ptg000027l	230000	0	0	TTAGGG
ptg000027l	240000	0	1	TTAGGG
ptg000027l	250000	0	0	TTAGGG
ptg000027l	260000	0	0	TTAGGG
ptg000027l	270000	0	0	TTAGGG
ptg000027l	280000	0	1	TTAGGG
ptg000027l	290000	0	0	TTAGGG
ptg000027l	300000	0	0	TTAGGG
ptg000027l	310000	0	0	TTAGGG
ptg000027l	320000	0	0	TTAGGG
ptg000027l	330000	0	0	TTAGGG
ptg000027l	340000	0	0	TTAGGG
ptg000027l	350000	0	0	TTAGGG
ptg000027l	360000	0	0	TTAGGG
ptg000027l	370000	0	0	TTAGGG
ptg000027l	380000	0	0	TTAGGG
ptg000027l	390000	0	0	TTAGGG
ptg000027l	400000	2	3	TTAGGG
ptg000027l	410000	7	1	TTAGGG
ptg000027l	420000	7	2	TTAGGG
ptg000027l	430000	7	3	TTAGGG
ptg000027l	440000	0	0	TTAGGG
ptg000027l	450000	0	0	TTAGGG
ptg000027l	460000	0	0	TTAGGG
ptg000027l	470000	0	0	TTAGGG
ptg000027l	480000	0	0	TTAGGG
ptg000027l	490000	0	0	TTAGGG
ptg000027l	500000	0	0	TTAGGG
ptg000027l	510000	0	0	TTAGGG
ptg000027l	520000	0	0	TTAGGG
ptg000027l	530000	0	0	TTAGGG
ptg000027l	540000	0	0	TTAGGG
ptg000027l	550000	0	0	TTAGGG
ptg000027l	560000	0	0	TTAGGG
ptg000027l	570000	0	0	TTAGGG
ptg000027l	580000	0	0	TTAGGG
ptg000027l	590000	0	0	TTAGGG
ptg000027l	600000	0	0	TTAGGG
ptg000027l	610000	0	0	TTAGGG
ptg000027l	619236	0	0	TTAGGG
ptg000028l	10000	2	0	TTAGGG
ptg000028l	20000	2	0	TTAGGG
ptg000028l	30000	2	0	TTAGGG
ptg000028l	40000	1	0	TTAGGG
ptg000028l	50000	2	0	TTAGGG
ptg000028l	51985	1	0	TTAGGG
ptg000029l	10000	5	0	TTAGGG
ptg000029l	20000	3	0	TTAGGG
ptg000029l	30000	4	0	TTAGGG
ptg000029l	40000	5	0	TTAGGG
ptg000029l	50000	3	0	TTAGGG
ptg000029l	60000	5	0	TTAGGG
ptg000029l	70000	4	0	TTAGGG
ptg000029l	72529	1	0	TTAGGG
ptg000030l	10000	4	0	TTAGGG
ptg000030l	20000	6	0	TTAGGG
ptg000030l	30000	2	0	TTAGGG
ptg000030l	33529	3	0	TTAGGG
ptg000031l	10000	0	3	TTAGGG
ptg000031l	20000	0	5	TTAGGG
ptg000031l	30000	0	5	TTAGGG
ptg000031l	40000	0	2	TTAGGG
ptg000031l	50000	0	6	TTAGGG
ptg000031l	60000	0	4	TTAGGG
ptg000031l	65861	0	2	TTAGGG
ptg000032l	10000	0	6	TTAGGG
ptg000032l	20000	0	4	TTAGGG
ptg000032l	24711	0	2	TTAGGG
ptg000033l	10000	0	0	TTAGGG
ptg000033l	20000	0	0	TTAGGG
ptg000033l	30000	0	0	TTAGGG
ptg000033l	40000	0	0	TTAGGG
ptg000033l	50000	0	0	TTAGGG
ptg000033l	60000	0	0	TTAGGG
ptg000033l	70000	0	0	TTAGGG
ptg000033l	80000	0	0	TTAGGG
ptg000033l	90000	0	0	TTAGGG
ptg000033l	100000	0	0	TTAGGG
ptg000033l	110000	0	0	TTAGGG
ptg000033l	120000	0	0	TTAGGG
ptg000033l	130000	0	0	TTAGGG
ptg000033l	140000	0	0	TTAGGG
ptg000033l	150000	0	0	TTAGGG
ptg000033l	160000	0	0	TTAGGG
ptg000033l	170000	0	0	TTAGGG
ptg000033l	180000	0	0	TTAGGG
ptg000033l	190000	0	0	TTAGGG
ptg000033l	200000	0	0	TTAGGG
ptg000033l	210000	0	0	TTAGGG
ptg000033l	220000	0	0	TTAGGG
ptg000033l	230000	0	0	TTAGGG
ptg000033l	240000	0	0	TTAGGG
ptg000033l	250000	0	0	TTAGGG
ptg000033l	260000	0	0	TTAGGG
ptg000033l	270000	0	0	TTAGGG
ptg000033l	280000	0	0	TTAGGG
ptg000033l	290000	0	1	TTAGGG
ptg000033l	300000	0	0	TTAGGG
ptg000033l	310000	0	0	TTAGGG
ptg000033l	320000	0	0	TTAGGG
ptg000033l	330000	0	0	TTAGGG
ptg000033l	340000	0	0	TTAGGG
ptg000033l	350000	0	0	TTAGGG
ptg000033l	360000	0	0	TTAGGG
ptg000033l	370000	0	0	TTAGGG
ptg000033l	380000	0	0	TTAGGG
ptg000033l	390000	0	0	TTAGGG
ptg000033l	400000	0	1	TTAGGG
ptg000033l	410000	0	0	TTAGGG
ptg000033l	420000	0	0	TTAGGG
ptg000033l	430000	0	1	TTAGGG
ptg000033l	440000	0	0	TTAGGG
ptg000033l	450000	0	0	TTAGGG
ptg000033l	460000	0	0	TTAGGG
ptg000033l	470000	0	0	TTAGGG
ptg000033l	480000	0	0	TTAGGG
ptg000033l	490000	0	0	TTAGGG
ptg000033l	500000	0	0	TTAGGG
ptg000033l	510000	0	0	TTAGGG
ptg000033l	520000	0	0	TTAGGG
ptg000033l	530000	0	0	TTAGGG
ptg000033l	540000	0	0	TTAGGG
ptg000033l	550000	2	3	TTAGGG
ptg000033l	560000	8	3	TTAGGG
ptg000033l	570000	6	0	TTAGGG
ptg000033l	580000	8	3	TTAGGG
ptg000033l	590000	7	3	TTAGGG
ptg000033l	600000	0	0	TTAGGG
ptg000033l	610000	0	0	TTAGGG
ptg000033l	620000	0	0	TTAGGG
ptg000033l	630000	0	0	TTAGGG
ptg000033l	640000	0	0	TTAGGG
ptg000033l	650000	0	0	TTAGGG
ptg000033l	660000	0	0	TTAGGG
ptg000033l	670000	0	0	TTAGGG
ptg000033l	680000	0	0	TTAGGG
ptg000033l	690000	0	0	TTAGGG
ptg000033l	700000	0	0	TTAGGG
ptg000033l	710000	0	0	TTAGGG
ptg000033l	720000	0	0	TTAGGG
ptg000033l	730000	0	0	TTAGGG
ptg000033l	740000	0	0	TTAGGG
ptg000033l	750000	0	0	TTAGGG
ptg000033l	760000	0	0	TTAGGG
ptg000033l	770000	0	0	TTAGGG
ptg000033l	780000	0	0	TTAGGG
ptg000033l	790000	0	0	TTAGGG
ptg000033l	800000	0	0	TTAGGG
ptg000033l	810000	0	0	TTAGGG
ptg000033l	820000	0	0	TTAGGG
ptg000033l	830000	0	0	TTAGGG
ptg000033l	840000	0	0	TTAGGG
ptg000033l	850000	0	0	TTAGGG
ptg000033l	857751	0	0	TTAGGG
ptg000034l	10000	2	0	TTAGGG
ptg000034l	20000	2	0	TTAGGG
ptg000034l	30000	1	0	TTAGGG
ptg000034l	40000	2	0	TTAGGG
ptg000034l	50000	2	0	TTAGGG
ptg000034l	60000	2	0	TTAGGG
ptg000034l	70000	2	0	TTAGGG
ptg000034l	80000	2	0	TTAGGG
ptg000034l	90000	1	0	TTAGGG
ptg000034l	100000	2	0	TTAGGG
ptg000034l	110000	2	0	TTAGGG
ptg000034l	120000	2	0	TTAGGG
ptg000034l	130000	2	2	TTAGGG
ptg000034l	140000	2	0	TTAGGG
ptg000034l	150000	1	0	TTAGGG
ptg000034l	160000	2	0	TTAGGG
ptg000034l	170000	2	0	TTAGGG
ptg000034l	180000	2	0	TTAGGG
ptg000034l	190000	2	0	TTAGGG
ptg000034l	200000	2	0	TTAGGG
ptg000034l	210000	1	0	TTAGGG
ptg000034l	220000	2	0	TTAGGG
ptg000034l	230000	2	0	TTAGGG
ptg000034l	240000	2	0	TTAGGG
ptg000034l	250000	2	0	TTAGGG
ptg000034l	260000	2	0	TTAGGG
ptg000034l	270000	1	0	TTAGGG
ptg000034l	280000	2	0	TTAGGG
ptg000034l	290000	2	0	TTAGGG
ptg000034l	300000	2	0	TTAGGG
ptg000034l	310000	2	0	TTAGGG
ptg000034l	320000	2	2	TTAGGG
ptg000034l	330000	2	0	TTAGGG
ptg000034l	340000	2	0	TTAGGG
ptg000034l	350000	1	0	TTAGGG
ptg000034l	360000	2	0	TTAGGG
ptg000034l	370000	2	0	TTAGGG
ptg000034l	377034	2	0	TTAGGG
ptg000035l	10000	3	0	TTAGGG
ptg000035l	20000	4	0	TTAGGG
ptg000035l	30000	6	0	TTAGGG
ptg000035l	40000	2	0	TTAGGG
ptg000035l	42788	1	0	TTAGGG
ptg000036l	10000	5	0	TTAGGG
ptg000036l	20000	3	0	TTAGGG
ptg000036l	28508	4	0	TTAGGG
ptg000037l	10000	0	4	TTAGGG
ptg000037l	20000	0	3	TTAGGG
ptg000037l	30000	0	5	TTAGGG
ptg000037l	40000	0	4	TTAGGG
ptg000037l	50000	0	5	TTAGGG
ptg000037l	60000	0	3	TTAGGG
ptg000037l	70000	0	4	TTAGGG
ptg000037l	80000	0	5	TTAGGG
ptg000037l	90000	0	2	TTAGGG
ptg000037l	100000	0	6	TTAGGG
ptg000037l	110000	0	4	TTAGGG
ptg000037l	120000	0	3	TTAGGG
ptg000037l	120732	0	0	TTAGGG
ptg000038l	10000	0	2	TTAGGG
ptg000038l	20000	0	6	TTAGGG
ptg000038l	30000	0	4	TTAGGG
ptg000038l	33410	0	1	TTAGGG
ptg000039l	10000	0	5	TTAGGG
ptg000039l	20000	0	5	TTAGGG
ptg000039l	23199	0	1	TTAGGG
ptg000041l	10000	4	0	TTAGGG
ptg000041l	19001	5	0	TTAGGG
ptg000042l	10000	0	3	TTAGGG
ptg000042l	20000	0	6	TTAGGG
ptg000042l	30000	0	4	TTAGGG
ptg000042l	40000	0	2	TTAGGG
ptg000042l	47713	0	5	TTAGGG
ptg000043l	10000	0	0	TTAGGG
ptg000043l	20000	0	0	TTAGGG
ptg000043l	30000	0	0	TTAGGG
ptg000043l	40000	0	0	TTAGGG
ptg000043l	50000	0	0	TTAGGG
ptg000043l	60000	0	0	TTAGGG
ptg000043l	70000	0	0	TTAGGG
ptg000043l	80000	0	0	TTAGGG
ptg000043l	90000	0	0	TTAGGG
ptg000043l	100000	0	0	TTAGGG
ptg000043l	110000	0	0	TTAGGG
ptg000043l	120000	0	0	TTAGGG
ptg000043l	130000	0	0	TTAGGG
ptg000043l	140000	0	0	TTAGGG
ptg000043l	150000	0	0	TTAGGG
ptg000043l	151414	0	0	TTAGGG
ptg000044l	10000	0	2	TTAGGG
ptg000044l	20000	0	2	TTAGGG
ptg000044l	30000	0	1	TTAGGG
ptg000044l	40000	0	2	TTAGGG
ptg000044l	50000	0	2	TTAGGG
ptg000044l	60000	0	2	TTAGGG
ptg000044l	70000	0	2	TTAGGG
ptg000044l	80000	0	1	TTAGGG
ptg000044l	90000	0	2	TTAGGG
ptg000044l	100000	0	2	TTAGGG
ptg000044l	110000	0	2	TTAGGG
ptg000044l	120000	0	2	TTAGGG
ptg000044l	128574	0	2	TTAGGG
ptg000045l	10000	4	0	TTAGGG
ptg000045l	20000	5	0	TTAGGG
ptg000045l	24116	1	0	TTAGGG
ptg000046l	10000	0	0	TTAGGG
ptg000046l	20000	3	7	TTAGGG
ptg000046l	30000	0	0	TTAGGG
ptg000046l	40000	0	0	TTAGGG
ptg000046l	50000	0	0	TTAGGG
ptg000046l	60000	0	0	TTAGGG
ptg000046l	70000	0	0	TTAGGG
ptg000046l	80000	0	0	TTAGGG
ptg000046l	90000	0	0	TTAGGG
ptg000046l	100000	0	0	TTAGGG
ptg000046l	110000	0	0	TTAGGG
ptg000046l	120000	0	0	TTAGGG
ptg000046l	130000	0	0	TTAGGG
ptg000046l	140000	0	0	TTAGGG
ptg000046l	150000	0	0	TTAGGG
ptg000046l	160000	0	0	TTAGGG
ptg000046l	170000	0	0	TTAGGG
ptg000046l	180000	0	0	TTAGGG
ptg000046l	190000	0	0	TTAGGG
ptg000046l	200000	0	0	TTAGGG
ptg000046l	210000	0	0	TTAGGG
ptg000046l	220000	0	0	TTAGGG
ptg000046l	230000	0	0	TTAGGG
ptg000046l	240000	0	0	TTAGGG
ptg000046l	250000	0	0	TTAGGG
ptg000046l	260000	0	0	TTAGGG
ptg000046l	270000	0	0	TTAGGG
ptg000046l	280000	0	0	TTAGGG
ptg000046l	290000	0	0	TTAGGG
ptg000046l	300000	0	0	TTAGGG
ptg000046l	310000	0	0	TTAGGG
ptg000046l	320000	0	0	TTAGGG
ptg000046l	330000	0	0	TTAGGG
ptg000046l	340000	0	0	TTAGGG
ptg000046l	350000	0	0	TTAGGG
ptg000046l	360000	0	0	TTAGGG
ptg000046l	370000	0	0	TTAGGG
ptg000046l	380000	0	0	TTAGGG
ptg000046l	390000	0	0	TTAGGG
ptg000046l	400000	0	0	TTAGGG
ptg000046l	410000	0	0	TTAGGG
ptg000046l	420000	0	0	TTAGGG
ptg000046l	421803	0	0	TTAGGG
ptg000047l	10000	4	0	TTAGGG
ptg000047l	20000	6	0	TTAGGG
ptg000047l	30000	2	0	TTAGGG
ptg000047l	40000	5	0	TTAGGG
ptg000047l	42952	1	0	TTAGGG
ptg000048l	10000	4	0	TTAGGG
ptg000048l	20000	6	0	TTAGGG
ptg000048l	25204	0	0	TTAGGG
ptg000049l	10000	0	0	TTAGGG
ptg000049l	20000	0	0	TTAGGG
ptg000049l	30000	0	0	TTAGGG
ptg000049l	40000	0	0	TTAGGG
ptg000049l	50000	0	0	TTAGGG
ptg000049l	50472	0	0	TTAGGG
ptg000050l	10000	2	0	TTAGGG
ptg000050l	20000	2	0	TTAGGG
ptg000050l	30000	2	0	TTAGGG
ptg000050l	40000	2	0	TTAGGG
ptg000050l	48300	1	0	TTAGGG
ptg000051l	10000	0	6	TTAGGG
ptg000051l	20000	0	4	TTAGGG
ptg000051l	30000	0	3	TTAGGG
ptg000051l	40000	0	5	TTAGGG
ptg000051l	44979	0	1	TTAGGG
ptg000052l	10000	0	1	TTAGGG
ptg000052l	20000	0	2	TTAGGG
ptg000052l	30000	0	2	TTAGGG
ptg000052l	40000	0	2	TTAGGG
ptg000052l	50000	2	2	TTAGGG
ptg000052l	60000	0	2	TTAGGG
ptg000052l	69683	0	1	TTAGGG
ptg000053l	10000	0	0	TTAGGG
ptg000053l	20000	0	0	TTAGGG
ptg000053l	30000	0	0	TTAGGG
ptg000053l	40000	0	0	TTAGGG
ptg000053l	50000	0	0	TTAGGG
ptg000053l	60000	0	0	TTAGGG
ptg000053l	70000	0	0	TTAGGG
ptg000053l	80000	0	0	TTAGGG
ptg000053l	90000	0	0	TTAGGG
ptg000053l	100000	0	0	TTAGGG
ptg000053l	110000	0	0	TTAGGG
ptg000053l	120000	0	0	TTAGGG
ptg000053l	130000	0	0	TTAGGG
ptg000053l	140000	0	0	TTAGGG
ptg000053l	150000	0	0	TTAGGG
ptg000053l	160000	0	0	TTAGGG
ptg000053l	170000	0	0	TTAGGG
ptg000053l	180000	0	0	TTAGGG
ptg000053l	190000	0	0	TTAGGG
ptg000053l	200000	0	0	TTAGGG
ptg000053l	206499	0	0	TTAGGG
ptg000054l	10000	0	0	TTAGGG
ptg000054l	20000	0	0	TTAGGG
ptg000054l	30000	0	0	TTAGGG
ptg000054l	40000	0	0	TTAGGG
ptg000054l	50000	0	0	TTAGGG
ptg000054l	60000	0	0	TTAGGG
ptg000054l	70000	0	0	TTAGGG
ptg000054l	71391	0	0	TTAGGG
ptg000055l	10000	0	2	TTAGGG
ptg000055l	20000	0	2	TTAGGG
ptg000055l	30000	0	2	TTAGGG
ptg000055l	40000	0	2	TTAGGG
ptg000055l	50000	0	1	TTAGGG
ptg000055l	60000	0	2	TTAGGG
ptg000055l	70000	0	2	TTAGGG
ptg000055l	80000	0	2	TTAGGG
ptg000055l	90000	0	2	TTAGGG
ptg000055l	93767	0	0	TTAGGG
ptg000056l	10000	3	0	TTAGGG
ptg000056l	20000	4	0	TTAGGG
ptg000056l	30000	6	0	TTAGGG
ptg000056l	40000	2	0	TTAGGG
ptg000056l	50000	5	0	TTAGGG
ptg000056l	60000	5	0	TTAGGG
ptg000056l	67601	2	0	TTAGGG
ptg000057l	10000	0	2	TTAGGG
ptg000057l	20000	0	2	TTAGGG
ptg000057l	30000	0	2	TTAGGG
ptg000057l	40000	0	2	TTAGGG
ptg000057l	50000	0	2	TTAGGG
ptg000057l	59073	0	1	TTAGGG
ptg000058l	10000	0	3	TTAGGG
ptg000058l	20000	0	5	TTAGGG
ptg000058l	30000	0	4	TTAGGG
ptg000058l	40000	0	3	TTAGGG
ptg000058l	44497	0	3	TTAGGG
ptg000059l	10000	5	0	TTAGGG
ptg000059l	20000	3	0	TTAGGG
ptg000059l	26727	3	0	TTAGGG
ptg000060l	10000	1	1	TTAGGG
ptg000060l	20000	2	0	TTAGGG
ptg000060l	30000	2	0	TTAGGG
ptg000060l	35032	1	0	TTAGGG
ptg000061l	10000	0	2	TTAGGG
ptg000061l	20000	0	2	TTAGGG
ptg000061l	30000	0	2	TTAGGG
ptg000061l	33509	0	0	TTAGGG
ptg000062l	10000	0	0	TTAGGG
ptg000062l	20000	0	0	TTAGGG
ptg000062l	30000	0	0	TTAGGG
ptg000062l	40000	0	68	TTAGGG
ptg000062l	50000	3	2	TTAGGG
ptg000062l	60000	97	1	TTAGGG
ptg000062l	70000	0	0	TTAGGG
ptg000062l	80000	0	0	TTAGGG
ptg000062l	90000	0	0	TTAGGG
ptg000062l	100000	0	0	TTAGGG
ptg000062l	110000	0	0	TTAGGG
ptg000062l	120000	0	0	TTAGGG
ptg000062l	128397	0	0	TTAGGG
ptg000063l	10000	2	0	TTAGGG
ptg000063l	20000	2	0	TTAGGG
ptg000063l	30000	2	0	TTAGGG
ptg000063l	40000	2	0	TTAGGG
ptg000063l	50000	1	0	TTAGGG
ptg000063l	53235	1	0	TTAGGG
ptg000064l	10000	0	4	TTAGGG
ptg000064l	20000	0	3	TTAGGG
ptg000064l	30000	0	5	TTAGGG
ptg000064l	40000	0	4	TTAGGG
ptg000064l	50000	0	4	TTAGGG
ptg000064l	51344	0	1	TTAGGG
ptg000065l	10000	0	6	TTAGGG
ptg000065l	20000	0	4	TTAGGG
ptg000065l	30000	0	3	TTAGGG
ptg000065l	36962	0	4	TTAGGG
ptg000066l	10000	2	0	TTAGGG
ptg000066l	20000	2	0	TTAGGG
ptg000066l	30000	1	0	TTAGGG
ptg000066l	40000	2	0	TTAGGG
ptg000066l	50000	2	0	TTAGGG
ptg000066l	60000	2	0	TTAGGG
ptg000066l	70000	2	0	TTAGGG
ptg000066l	80000	2	0	TTAGGG
ptg000066l	90000	1	0	TTAGGG
ptg000066l	100000	2	0	TTAGGG
ptg000066l	110000	2	0	TTAGGG
ptg000066l	120000	2	0	TTAGGG
ptg000066l	130000	2	0	TTAGGG
ptg000066l	140000	1	0	TTAGGG
ptg000066l	150000	2	0	TTAGGG
ptg000066l	160000	2	0	TTAGGG
ptg000066l	170000	2	0	TTAGGG
ptg000066l	172225	0	0	TTAGGG
ptg000067l	10000	0	0	TTAGGG
ptg000067l	20000	0	0	TTAGGG
ptg000067l	30000	0	0	TTAGGG
ptg000067l	40000	0	0	TTAGGG
ptg000067l	50000	0	0	TTAGGG
ptg000067l	60000	0	0	TTAGGG
ptg000067l	70000	0	0	TTAGGG
ptg000067l	80000	0	0	TTAGGG
ptg000067l	90000	0	0	TTAGGG
ptg000067l	100000	0	0	TTAGGG
ptg000067l	100982	0	0	TTAGGG
ptg000068l	10000	5	0	TTAGGG
ptg000068l	20000	3	0	TTAGGG
ptg000068l	22663	2	0	TTAGGG
ptg000069l	10000	2	0	TTAGGG
ptg000069l	20000	5	0	TTAGGG
ptg000069l	30000	5	0	TTAGGG
ptg000069l	33505	0	0	TTAGGG
ptg000070c	10000	0	0	TTAGGG
ptg000070c	20000	2	0	TTAGGG
ptg000070c	30000	3	2	TTAGGG
ptg000070c	40000	1	1	TTAGGG
ptg000070c	50000	0	0	TTAGGG
ptg000070c	60000	0	1	TTAGGG
ptg000070c	69889	0	0	TTAGGG
ptg000071l	10000	5	0	TTAGGG
ptg000071l	20000	3	0	TTAGGG
ptg000071l	30000	5	0	TTAGGG
ptg000071l	40000	4	0	TTAGGG
ptg000071l	48649	3	0	TTAGGG
ptg000072l	10000	0	2	TTAGGG
ptg000072l	20000	0	2	TTAGGG
ptg000072l	30000	0	2	TTAGGG
ptg000072l	30387	0	0	TTAGGG
ptg000073l	10000	0	2	TTAGGG
ptg000073l	20000	0	2	TTAGGG
ptg000073l	30000	0	2	TTAGGG
ptg000073l	40000	0	2	TTAGGG
ptg000073l	50000	0	2	TTAGGG
ptg000073l	60000	0	1	TTAGGG
ptg000073l	70000	0	2	TTAGGG
ptg000073l	80000	0	2	TTAGGG
ptg000073l	90000	0	2	TTAGGG
ptg000073l	100000	0	2	TTAGGG
ptg000073l	110000	0	1	TTAGGG
ptg000073l	112211	0	1	TTAGGG
ptg000074l	10000	0	0	TTAGGG
ptg000074l	20000	1	99	TTAGGG
ptg000074l	30000	2	3	TTAGGG
ptg000074l	40000	68	0	TTAGGG
ptg000074l	50000	1	82	TTAGGG
ptg000074l	60000	1	18	TTAGGG
ptg000074l	70000	69	0	TTAGGG
ptg000074l	80000	0	0	TTAGGG
ptg000074l	90000	0	0	TTAGGG
ptg000074l	100000	0	0	TTAGGG
ptg000074l	110000	0	0	TTAGGG
ptg000074l	120000	0	0	TTAGGG
ptg000074l	130000	0	0	TTAGGG
ptg000074l	140000	0	0	TTAGGG
ptg000074l	150000	0	0	TTAGGG
ptg000074l	160000	1	100	TTAGGG
ptg000074l	170000	3	2	TTAGGG
ptg000074l	174768	89	0	TTAGGG
ptg000075l	10000	0	4	TTAGGG
ptg000075l	20000	0	5	TTAGGG
ptg000075l	24801	0	2	TTAGGG
ptg000076l	10000	0	2	TTAGGG
ptg000076l	20000	0	1	TTAGGG
ptg000076l	30000	0	2	TTAGGG
ptg000076l	31304	0	0	TTAGGG
ptg000077l	10000	0	5	TTAGGG
ptg000077l	20000	0	4	TTAGGG
ptg000077l	26941	0	2	TTAGGG
ptg000078l	10000	4	0	TTAGGG
ptg000078l	20000	6	0	TTAGGG
ptg000078l	30000	2	0	TTAGGG
ptg000078l	32443	3	0	TTAGGG
ptg000079l	10000	0	4	TTAGGG
ptg000079l	20000	0	3	TTAGGG
ptg000079l	30000	0	5	TTAGGG
ptg000079l	40000	0	4	TTAGGG
ptg000079l	50000	0	5	TTAGGG
ptg000079l	60000	0	3	TTAGGG
ptg000079l	70000	0	5	TTAGGG
ptg000079l	80000	0	4	TTAGGG
ptg000079l	90000	0	3	TTAGGG
ptg000079l	90771	0	0	TTAGGG
ptg000080l	10000	0	2	TTAGGG
ptg000080l	20000	0	2	TTAGGG
ptg000080l	30000	0	2	TTAGGG
ptg000080l	40000	0	2	TTAGGG
ptg000080l	50000	0	2	TTAGGG
ptg000080l	60000	0	1	TTAGGG
ptg000080l	70000	0	2	TTAGGG
ptg000080l	80000	0	2	TTAGGG
ptg000080l	84781	0	1	TTAGGG
ptg000081l	10000	2	0	TTAGGG
ptg000081l	20000	2	0	TTAGGG
ptg000081l	30000	3	1	TTAGGG
ptg000081l	40000	2	0	TTAGGG
ptg000081l	49306	2	0	TTAGGG
ptg000082l	10000	5	0	TTAGGG
ptg000082l	20000	3	0	TTAGGG
ptg000082l	30000	5	0	TTAGGG
ptg000082l	30945	0	0	TTAGGG
ptg000083l	10000	0	2	TTAGGG
ptg000083l	20000	0	2	TTAGGG
ptg000083l	30000	0	2	TTAGGG
ptg000083l	40000	0	1	TTAGGG
ptg000083l	50000	0	2	TTAGGG
ptg000083l	59356	0	2	TTAGGG
ptg000084l	10000	0	2	TTAGGG
ptg000084l	20000	0	1	TTAGGG
ptg000084l	30000	0	2	TTAGGG
ptg000084l	40000	0	2	TTAGGG
ptg000084l	43834	0	1	TTAGGG
ptg000085l	10000	3	0	TTAGGG
ptg000085l	20000	5	0	TTAGGG
ptg000085l	28981	4	0	TTAGGG
ptg000086l	10000	0	0	TTAGGG
ptg000086l	20000	0	0	TTAGGG
ptg000086l	30000	0	0	TTAGGG
ptg000086l	40000	0	35	TTAGGG
ptg000086l	50000	2	2	TTAGGG
ptg000086l	60000	71	0	TTAGGG
ptg000086l	64308	0	0	TTAGGG
ptg000087l	10000	0	2	TTAGGG
ptg000087l	20000	0	2	TTAGGG
ptg000087l	30000	0	1	TTAGGG
ptg000087l	40000	0	2	TTAGGG
ptg000087l	50000	0	2	TTAGGG
ptg000087l	60000	0	1	TTAGGG
ptg000087l	70000	0	2	TTAGGG
ptg000087l	80000	0	2	TTAGGG
ptg000087l	90000	0	2	TTAGGG
ptg000087l	100000	0	2	TTAGGG
ptg000087l	110000	0	2	TTAGGG
ptg000087l	120000	0	2	TTAGGG
ptg000087l	125499	0	0	TTAGGG
ptg000088l	10000	3	0	TTAGGG
ptg000088l	20000	4	0	TTAGGG
ptg000088l	30000	5	0	TTAGGG
ptg000088l	40000	3	0	TTAGGG
ptg000088l	50000	5	0	TTAGGG
ptg000088l	60000	4	0	TTAGGG
ptg000088l	60466	0	0	TTAGGG
ptg000089l	10000	0	4	TTAGGG
ptg000089l	20000	0	3	TTAGGG
ptg000089l	30000	1	4	TTAGGG
ptg000089l	40000	5	0	TTAGGG
ptg000089l	50000	5	0	TTAGGG
ptg000089l	60000	3	0	TTAGGG
ptg000089l	70000	4	0	TTAGGG
ptg000089l	70269	0	0	TTAGGG
ptg000090l	10000	0	0	TTAGGG
ptg000090l	20000	1	99	TTAGGG
ptg000090l	30000	2	2	TTAGGG
ptg000090l	40000	97	0	TTAGGG
ptg000090l	50000	0	68	TTAGGG
ptg000090l	60000	3	2	TTAGGG
ptg000090l	63800	67	0	TTAGGG
ptg000091l	10000	4	0	TTAGGG
ptg000091l	20000	5	0	TTAGGG
ptg000091l	27114	2	0	TTAGGG
ptg000092l	10000	0	6	TTAGGG
ptg000092l	20000	0	4	TTAGGG
ptg000092l	30000	0	3	TTAGGG
ptg000092l	40000	0	5	TTAGGG
ptg000092l	50000	0	4	TTAGGG
ptg000092l	59933	0	5	TTAGGG
ptg000093l	10000	0	2	TTAGGG
ptg000093l	20000	0	2	TTAGGG
ptg000093l	30000	0	2	TTAGGG
ptg000093l	40000	0	2	TTAGGG
ptg000093l	50000	0	2	TTAGGG
ptg000093l	60000	0	2	TTAGGG
ptg000093l	70000	0	1	TTAGGG
ptg000093l	72413	0	1	TTAGGG
ptg000094l	10000	0	5	TTAGGG
ptg000094l	20000	0	4	TTAGGG
ptg000094l	30000	5	1	TTAGGG
ptg000094l	40000	3	0	TTAGGG
ptg000094l	49953	4	0	TTAGGG
ptg000095l	10000	2	0	TTAGGG
ptg000095l	20000	2	0	TTAGGG
ptg000095l	30000	2	0	TTAGGG
ptg000095l	40000	2	0	TTAGGG
ptg000095l	50000	1	0	TTAGGG
ptg000095l	60000	2	0	TTAGGG
ptg000095l	70000	2	0	TTAGGG
ptg000095l	74167	1	0	TTAGGG
ptg000096l	10000	0	2	TTAGGG
ptg000096l	20000	0	2	TTAGGG
ptg000096l	30000	0	2	TTAGGG
ptg000096l	30957	0	0	TTAGGG
ptg000097l	10000	0	2	TTAGGG
ptg000097l	20000	0	2	TTAGGG
ptg000097l	30000	0	2	TTAGGG
ptg000097l	40000	0	1	TTAGGG
ptg000097l	44962	0	1	TTAGGG
ptg000098l	10000	0	1	TTAGGG
ptg000098l	20000	0	2	TTAGGG
ptg000098l	30000	0	2	TTAGGG
ptg000098l	40000	0	2	TTAGGG
ptg000098l	50000	0	2	TTAGGG
ptg000098l	60000	0	2	TTAGGG
ptg000098l	62099	0	0	TTAGGG
ptg000099l	10000	3	0	TTAGGG
ptg000099l	20000	5	0	TTAGGG
ptg000099l	26628	3	0	TTAGGG
ptg000100l	10000	0	5	TTAGGG
ptg000100l	20000	0	3	TTAGGG
ptg000100l	25412	0	3	TTAGGG
ptg000101l	10000	0	4	TTAGGG
ptg000101l	20000	0	4	TTAGGG
ptg000101l	20753	0	0	TTAGGG
ptg000102l	10000	0	5	TTAGGG
ptg000102l	20000	0	2	TTAGGG
ptg000102l	27507	0	5	TTAGGG
ptg000103l	10000	5	0	TTAGGG
ptg000103l	20000	3	0	TTAGGG
ptg000103l	30000	4	0	TTAGGG
ptg000103l	40000	5	0	TTAGGG
ptg000103l	50000	3	0	TTAGGG
ptg000103l	51519	2	0	TTAGGG
ptg000104l	10000	0	0	TTAGGG
ptg000104l	20000	1	0	TTAGGG
ptg000104l	30000	0	0	TTAGGG
ptg000104l	40000	0	0	TTAGGG
ptg000104l	50000	0	0	TTAGGG
ptg000104l	50822	0	0	TTAGGG
ptg000105l	10000	5	0	TTAGGG
ptg000105l	20000	3	0	TTAGGG
ptg000105l	29294	4	0	TTAGGG
ptg000106l	10000	5	0	TTAGGG
ptg000106l	20000	3	0	TTAGGG
ptg000106l	30000	5	0	TTAGGG
ptg000106l	31028	0	0	TTAGGG
ptg000107l	10000	0	2	TTAGGG
ptg000107l	20000	0	2	TTAGGG
ptg000107l	30000	0	2	TTAGGG
ptg000107l	40000	0	2	TTAGGG
ptg000107l	50000	0	1	TTAGGG
ptg000107l	60000	0	2	TTAGGG
ptg000107l	70000	0	2	TTAGGG
ptg000107l	80000	0	2	TTAGGG
ptg000107l	83319	0	1	TTAGGG
ptg000108l	10000	68	0	TTAGGG
ptg000108l	20000	1	30	TTAGGG
ptg000108l	30000	1	70	TTAGGG
ptg000108l	40000	90	1	TTAGGG
ptg000108l	50000	10	1	TTAGGG
ptg000108l	52897	0	0	TTAGGG
ptg000109l	10000	0	2	TTAGGG
ptg000109l	20000	0	2	TTAGGG
ptg000109l	27363	0	2	TTAGGG
ptg000110l	10000	7	0	TTAGGG
ptg000110l	20000	2	0	TTAGGG
ptg000110l	30000	4	0	TTAGGG
ptg000110l	40000	5	0	TTAGGG
ptg000110l	45174	1	0	TTAGGG
ptg000111l	10000	5	0	TTAGGG
ptg000111l	20000	3	0	TTAGGG
ptg000111l	30000	5	0	TTAGGG
ptg000111l	40000	4	0	TTAGGG
ptg000111l	50000	5	0	TTAGGG
ptg000111l	60000	3	0	TTAGGG
ptg000111l	70000	4	0	TTAGGG
ptg000111l	79853	6	0	TTAGGG
ptg000112l	10000	5	0	TTAGGG
ptg000112l	20000	3	1	TTAGGG
ptg000112l	30000	5	0	TTAGGG
ptg000112l	40000	4	0	TTAGGG
ptg000112l	43108	1	0	TTAGGG
ptg000113l	10000	0	3	TTAGGG
ptg000113l	20000	0	5	TTAGGG
ptg000113l	25265	0	1	TTAGGG
ptg000114l	10000	3	0	TTAGGG
ptg000114l	20000	4	0	TTAGGG
ptg000114l	26059	4	0	TTAGGG
ptg000115l	10000	0	4	TTAGGG
ptg000115l	20000	0	5	TTAGGG
ptg000115l	30000	0	3	TTAGGG
ptg000115l	40000	0	5	TTAGGG
ptg000115l	50000	0	4	TTAGGG
ptg000115l	50025	0	0	TTAGGG
ptg000116l	10000	0	4	TTAGGG
ptg000116l	20000	0	3	TTAGGG
ptg000116l	30000	0	5	TTAGGG
ptg000116l	32714	0	0	TTAGGG
ptg000117l	10000	5	0	TTAGGG
ptg000117l	20000	3	0	TTAGGG
ptg000117l	30000	5	0	TTAGGG
ptg000117l	40000	4	0	TTAGGG
ptg000117l	50000	5	0	TTAGGG
ptg000117l	57970	2	0	TTAGGG
ptg000118l	10000	0	5	TTAGGG
ptg000118l	20000	0	5	TTAGGG
ptg000118l	30000	0	2	TTAGGG
ptg000118l	40000	0	6	TTAGGG
ptg000118l	50000	0	4	TTAGGG
ptg000118l	53006	0	1	TTAGGG
ptg000119l	10000	0	2	TTAGGG
ptg000119l	20000	0	2	TTAGGG
ptg000119l	30000	0	2	TTAGGG
ptg000119l	40000	0	2	TTAGGG
ptg000119l	48925	0	2	TTAGGG
ptg000120l	10000	0	2	TTAGGG
ptg000120l	20000	0	6	TTAGGG
ptg000120l	24198	0	0	TTAGGG
ptg000121l	10000	0	5	TTAGGG
ptg000121l	15868	0	2	TTAGGG
ptg000122l	10000	0	3	TTAGGG
ptg000122l	20000	0	5	TTAGGG
ptg000122l	28024	0	3	TTAGGG
ptg000123l	10000	0	2	TTAGGG
ptg000123l	20000	0	2	TTAGGG
ptg000123l	30000	0	2	TTAGGG
ptg000123l	37895	0	2	TTAGGG
ptg000124l	10000	0	3	TTAGGG
ptg000124l	20000	0	5	TTAGGG
ptg000124l	30000	0	5	TTAGGG
ptg000124l	33175	0	1	TTAGGG
ptg000125l	10000	0	2	TTAGGG
ptg000125l	20000	0	1	TTAGGG
ptg000125l	30000	0	2	TTAGGG
ptg000125l	40000	0	2	TTAGGG
ptg000125l	50000	0	2	TTAGGG
ptg000125l	51092	0	0	TTAGGG
ptg000126l	10000	3	0	TTAGGG
ptg000126l	20000	4	0	TTAGGG
ptg000126l	27204	5	0	TTAGGG
ptg000127l	10000	0	4	TTAGGG
ptg000127l	20000	0	3	TTAGGG
ptg000127l	23097	0	3	TTAGGG
ptg000129l	10000	0	4	TTAGGG
ptg000129l	20000	0	3	TTAGGG
ptg000129l	30000	0	5	TTAGGG
ptg000129l	40000	0	4	TTAGGG
ptg000129l	46406	0	2	TTAGGG
ptg000130l	10000	2	0	TTAGGG
ptg000130l	20000	2	0	TTAGGG
ptg000130l	28971	2	0	TTAGGG
ptg000131l	10000	5	0	TTAGGG
ptg000131l	20000	3	0	TTAGGG
ptg000131l	30000	5	0	TTAGGG
ptg000131l	37595	4	0	TTAGGG
ptg000132l	10000	0	0	TTAGGG
ptg000132l	20000	0	22	TTAGGG
ptg000132l	30000	56	46	TTAGGG
ptg000132l	40000	41	1	TTAGGG
ptg000132l	49950	0	0	TTAGGG
ptg000133l	10000	0	4	TTAGGG
ptg000133l	20000	0	3	TTAGGG
ptg000133l	30000	0	5	TTAGGG
ptg000133l	40000	0	4	TTAGGG
ptg000133l	50000	0	3	TTAGGG
ptg000133l	60000	0	5	TTAGGG
ptg000133l	70000	0	5	TTAGGG
ptg000133l	80000	0	2	TTAGGG
ptg000133l	90000	0	6	TTAGGG
ptg000133l	90538	0	0	TTAGGG
ptg000134l	10000	5	0	TTAGGG
ptg000134l	20000	4	0	TTAGGG
ptg000134l	20203	0	0	TTAGGG
ptg000135l	10000	0	3	TTAGGG
ptg000135l	20000	0	5	TTAGGG
ptg000135l	27818	0	2	TTAGGG
ptg000136l	10000	2	0	TTAGGG
ptg000136l	20000	3	0	TTAGGG
ptg000136l	30000	2	0	TTAGGG
ptg000136l	40000	2	0	TTAGGG
ptg000136l	50000	2	0	TTAGGG
ptg000136l	60000	2	0	TTAGGG
ptg000136l	65203	0	0	TTAGGG
ptg000137l	10000	0	1	TTAGGG
ptg000137l	20000	0	2	TTAGGG
ptg000137l	30000	0	2	TTAGGG
ptg000137l	40000	0	2	TTAGGG
ptg000137l	40988	0	0	TTAGGG
ptg000138l	10000	0	6	TTAGGG
ptg000138l	20000	0	4	TTAGGG
ptg000138l	21336	0	0	TTAGGG
ptg000139l	10000	2	0	TTAGGG
ptg000139l	20000	2	0	TTAGGG
ptg000139l	30000	2	0	TTAGGG
ptg000139l	34836	1	0	TTAGGG
ptg000140l	10000	0	5	TTAGGG
ptg000140l	20000	0	5	TTAGGG
ptg000140l	30000	0	2	TTAGGG
ptg000140l	40000	0	6	TTAGGG
ptg000140l	50000	0	4	TTAGGG
ptg000140l	52570	0	1	TTAGGG
ptg000141l	10000	0	4	TTAGGG
ptg000141l	20000	0	3	TTAGGG
ptg000141l	23276	0	2	TTAGGG
ptg000142l	10000	2	2	TTAGGG
ptg000142l	20000	69	0	TTAGGG
ptg000142l	30000	1	85	TTAGGG
ptg000142l	40000	2	16	TTAGGG
ptg000142l	50000	100	0	TTAGGG
ptg000142l	60000	0	70	TTAGGG
ptg000142l	70000	2	2	TTAGGG
ptg000142l	80000	68	0	TTAGGG
ptg000142l	90000	1	0	TTAGGG
ptg000142l	100000	0	0	TTAGGG
ptg000142l	106090	0	0	TTAGGG
ptg000143l	10000	0	5	TTAGGG
ptg000143l	20000	0	4	TTAGGG
ptg000143l	20793	0	1	TTAGGG
ptg000144l	10000	0	2	TTAGGG
ptg000144l	20000	0	1	TTAGGG
ptg000144l	30000	0	2	TTAGGG
ptg000144l	35018	0	1	TTAGGG
ptg000145l	10000	0	5	TTAGGG
ptg000145l	20000	0	5	TTAGGG
ptg000145l	26398	0	2	TTAGGG
ptg000146l	10000	0	4	TTAGGG
ptg000146l	17985	0	3	TTAGGG
ptg000147l	10000	0	0	TTAGGG
ptg000147l	20000	0	0	TTAGGG
ptg000147l	30000	0	0	TTAGGG
ptg000147l	40000	0	0	TTAGGG
ptg000147l	44296	0	0	TTAGGG
ptg000148l	10000	0	0	TTAGGG
ptg000148l	20000	1	99	TTAGGG
ptg000148l	30000	2	2	TTAGGG
ptg000148l	40000	98	0	TTAGGG
ptg000148l	50000	0	68	TTAGGG
ptg000148l	60000	2	2	TTAGGG
ptg000148l	61800	0	0	TTAGGG
ptg000149l	10000	5	0	TTAGGG
ptg000149l	20000	3	0	TTAGGG
ptg000149l	26858	3	0	TTAGGG
ptg000150l	10000	0	0	TTAGGG
ptg000150l	20000	1	26	TTAGGG
ptg000150l	30000	10	2	TTAGGG
ptg000150l	40000	93	1	TTAGGG
ptg000150l	49738	0	0	TTAGGG
ptg000151l	10000	5	0	TTAGGG
ptg000151l	20000	4	0	TTAGGG
ptg000151l	27861	3	0	TTAGGG
ptg000152l	10000	2	0	TTAGGG
ptg000152l	20000	5	0	TTAGGG
ptg000152l	26062	2	0	TTAGGG
ptg000153l	10000	0	4	TTAGGG
ptg000153l	20000	0	3	TTAGGG
ptg000153l	30000	0	6	TTAGGG
ptg000153l	40000	0	4	TTAGGG
ptg000153l	43590	0	1	TTAGGG
ptg000154l	10000	0	4	TTAGGG
ptg000154l	15606	0	2	TTAGGG
ptg000155l	10000	0	2	TTAGGG
ptg000155l	20000	0	2	TTAGGG
ptg000155l	30000	0	1	TTAGGG
ptg000155l	38507	0	2	TTAGGG
ptg000156l	10000	2	0	TTAGGG
ptg000156l	20000	2	0	TTAGGG
ptg000156l	30000	2	0	TTAGGG
ptg000156l	40000	1	0	TTAGGG
ptg000156l	45079	2	0	TTAGGG
ptg000158l	10000	0	2	TTAGGG
ptg000158l	20000	0	2	TTAGGG
ptg000158l	30000	0	2	TTAGGG
ptg000158l	40000	0	2	TTAGGG
ptg000158l	49380	0	2	TTAGGG
ptg000159l	10000	5	0	TTAGGG
ptg000159l	20000	4	0	TTAGGG
ptg000159l	29871	5	0	TTAGGG
ptg000160l	10000	0	4	TTAGGG
ptg000160l	19863	0	5	TTAGGG
ptg000161l	10000	0	5	TTAGGG
ptg000161l	20000	0	4	TTAGGG
ptg000161l	30000	0	5	TTAGGG
ptg000161l	40000	0	3	TTAGGG
ptg000161l	44093	0	3	TTAGGG
ptg000162l	10000	0	2	TTAGGG
ptg000162l	20000	0	1	TTAGGG
ptg000162l	23982	0	1	TTAGGG
ptg000163l	10000	0	5	TTAGGG
ptg000163l	20000	0	4	TTAGGG
ptg000163l	30000	0	3	TTAGGG
ptg000163l	37351	0	4	TTAGGG
ptg000164l	7890	0	2	TTAGGG
ptg000165l	10000	0	2	TTAGGG
ptg000165l	20000	0	2	TTAGGG
ptg000165l	30000	0	1	TTAGGG
ptg000165l	40000	0	2	TTAGGG
ptg000165l	42004	0	1	TTAGGG
ptg000166c	10000	0	0	TTAGGG
ptg000166c	20000	0	0	TTAGGG
ptg000166c	30000	0	0	TTAGGG
ptg000166c	31080	0	0	TTAGGG
ptg000167l	10000	2	0	TTAGGG
ptg000167l	20000	2	0	TTAGGG
ptg000167l	30000	2	0	TTAGGG
ptg000167l	34023	1	0	TTAGGG
ptg000168l	10000	0	2	TTAGGG
ptg000168l	20000	0	2	TTAGGG
ptg000168l	23719	0	1	TTAGGG
ptg000169l	10000	5	0	TTAGGG
ptg000169l	20000	3	0	TTAGGG
ptg000169l	22761	3	0	TTAGGG
ptg000170l	10000	2	0	TTAGGG
ptg000170l	20000	2	0	TTAGGG
ptg000170l	30000	2	0	TTAGGG
ptg000170l	33783	1	0	TTAGGG
ptg000171l	10000	0	2	TTAGGG
ptg000171l	20000	0	2	TTAGGG
ptg000171l	30000	0	1	TTAGGG
ptg000171l	40000	0	2	TTAGGG
ptg000171l	50000	0	2	TTAGGG
ptg000171l	60000	0	2	TTAGGG
ptg000171l	70000	0	2	TTAGGG
ptg000171l	80000	0	2	TTAGGG
ptg000171l	90000	0	2	TTAGGG
ptg000171l	100000	0	2	TTAGGG
ptg000171l	103208	0	0	TTAGGG
ptg000172l	10000	0	1	TTAGGG
ptg000172l	20000	0	2	TTAGGG
ptg000172l	30000	0	2	TTAGGG
ptg000172l	37269	0	1	TTAGGG
ptg000173l	10000	2	0	TTAGGG
ptg000173l	20000	5	0	TTAGGG
ptg000173l	24849	2	0	TTAGGG
ptg000174l	10000	3	0	TTAGGG
ptg000174l	19921	4	0	TTAGGG
ptg000175l	10000	0	2	TTAGGG
ptg000175l	20000	0	2	TTAGGG
ptg000175l	30000	0	1	TTAGGG
ptg000175l	40000	1	2	TTAGGG
ptg000175l	50000	0	2	TTAGGG
ptg000175l	60000	0	2	TTAGGG
ptg000175l	67064	0	1	TTAGGG
ptg000176l	10000	2	0	TTAGGG
ptg000176l	20000	2	0	TTAGGG
ptg000176l	26286	2	0	TTAGGG
ptg000177l	10000	0	4	TTAGGG
ptg000177l	20000	0	5	TTAGGG
ptg000177l	30000	0	3	TTAGGG
ptg000177l	40000	0	6	TTAGGG
ptg000177l	40820	0	0	TTAGGG
ptg000178l	10000	0	0	TTAGGG
ptg000178l	20000	1	70	TTAGGG
ptg000178l	30000	69	29	TTAGGG
ptg000178l	40000	0	0	TTAGGG
ptg000178l	45301	0	0	TTAGGG
ptg000179l	10000	0	4	TTAGGG
ptg000179l	20000	0	5	TTAGGG
ptg000179l	25238	0	2	TTAGGG
ptg000180l	10000	0	4	TTAGGG
ptg000180l	20000	0	5	TTAGGG
ptg000180l	30000	0	3	TTAGGG
ptg000180l	30861	0	0	TTAGGG
ptg000181l	10000	3	0	TTAGGG
ptg000181l	20000	4	0	TTAGGG
ptg000181l	20833	1	0	TTAGGG
ptg000182l	10000	2	0	TTAGGG
ptg000182l	20000	2	0	TTAGGG
ptg000182l	30000	1	1	TTAGGG
ptg000182l	40000	2	0	TTAGGG
ptg000182l	46693	1	0	TTAGGG
ptg000183l	10000	2	2	TTAGGG
ptg000183l	20000	97	1	TTAGGG
ptg000183l	30000	0	0	TTAGGG
ptg000183l	40000	0	0	TTAGGG
ptg000183l	46908	0	0	TTAGGG
ptg000184l	10000	0	5	TTAGGG
ptg000184l	20000	0	4	TTAGGG
ptg000184l	22038	0	0	TTAGGG
ptg000185l	10000	2	0	TTAGGG
ptg000185l	20000	2	0	TTAGGG
ptg000185l	24445	1	0	TTAGGG
ptg000186l	10000	0	3	TTAGGG
ptg000186l	20000	0	6	TTAGGG
ptg000186l	23688	0	0	TTAGGG
ptg000187l	10000	2	0	TTAGGG
ptg000187l	20000	2	0	TTAGGG
ptg000187l	30000	1	0	TTAGGG
ptg000187l	40000	2	0	TTAGGG
ptg000187l	43427	1	0	TTAGGG
ptg000188l	10000	5	0	TTAGGG
ptg000188l	16243	2	0	TTAGGG
ptg000189l	10000	2	0	TTAGGG
ptg000189l	20000	1	0	TTAGGG
ptg000189l	30000	2	0	TTAGGG
ptg000189l	40000	2	0	TTAGGG
ptg000189l	45812	2	0	TTAGGG
ptg000190l	10000	0	5	TTAGGG
ptg000190l	19725	1	1	TTAGGG
ptg000191l	10000	0	2	TTAGGG
ptg000191l	18564	0	5	TTAGGG
ptg000192l	10000	0	4	TTAGGG
ptg000192l	17461	0	2	TTAGGG
ptg000193l	10000	0	1	TTAGGG
ptg000193l	20000	0	2	TTAGGG
ptg000193l	30000	0	2	TTAGGG
ptg000193l	36062	0	2	TTAGGG
ptg000194l	10000	0	4	TTAGGG
ptg000194l	20000	0	3	TTAGGG
ptg000194l	22953	0	2	TTAGGG
ptg000195l	10000	0	2	TTAGGG
ptg000195l	20000	0	2	TTAGGG
ptg000195l	29125	0	2	TTAGGG
ptg000196l	10000	0	5	TTAGGG
ptg000196l	20000	0	2	TTAGGG
ptg000196l	30000	0	6	TTAGGG
ptg000196l	36348	0	2	TTAGGG
ptg000197l	10000	2	0	TTAGGG
ptg000197l	20000	2	0	TTAGGG
ptg000197l	30000	2	0	TTAGGG
ptg000197l	34918	1	0	TTAGGG
ptg000198l	10000	2	0	TTAGGG
ptg000198l	20000	2	0	TTAGGG
ptg000198l	30000	2	0	TTAGGG
ptg000198l	40000	2	0	TTAGGG
ptg000198l	46407	1	0	TTAGGG
ptg000199l	10000	2	0	TTAGGG
ptg000199l	20000	2	0	TTAGGG
ptg000199l	30000	2	0	TTAGGG
ptg000199l	32594	0	0	TTAGGG
ptg000200l	10000	2	0	TTAGGG
ptg000200l	20000	2	0	TTAGGG
ptg000200l	28287	1	0	TTAGGG
ptg000201l	10000	2	0	TTAGGG
ptg000201l	20000	2	0	TTAGGG
ptg000201l	27791	1	0	TTAGGG
ptg000202l	10000	0	2	TTAGGG
ptg000202l	20000	0	1	TTAGGG
ptg000202l	23169	0	1	TTAGGG
ptg000203l	10000	0	2	TTAGGG
ptg000203l	20000	0	2	TTAGGG
ptg000203l	30000	0	1	TTAGGG
ptg000203l	30030	0	0	TTAGGG
ptg000204l	10000	2	0	TTAGGG
ptg000204l	20000	2	0	TTAGGG
ptg000204l	30000	1	0	TTAGGG
ptg000204l	30200	1	0	TTAGGG
ptg000205l	10000	2	1	TTAGGG
ptg000205l	20000	0	2	TTAGGG
ptg000205l	24343	0	1	TTAGGG
ptg000206l	10000	2	0	TTAGGG
ptg000206l	20000	2	0	TTAGGG
ptg000206l	23216	0	0	TTAGGG
